label,source_path,relative_path,split
logging,/Users/guidegiegg/งาน/โปรเจคเล็กๆ/PrePair_Sound/forest_sound_dataset/logging/11_11104.wav,logging/11_11104.wav,train
natural sound,/Users/guidegiegg/งาน/โปรเจคเล็กๆ/PrePair_Sound/forest_sound_dataset/natural sound/if_necessary/18_11875.wav,natural sound/if_necessary/18_11875.wav,train
fire,/Users/guidegiegg/งาน/โปรเจคเล็กๆ/PrePair_Sound/forest_sound_dataset/fire/y2mate.com - DD Ambience  Building on Fire  Blaze Inferno Wood Cracking Collapsing Loud Stressing_1_17.wav,fire/y2mate.com - DD Ambience  Building on Fire  Blaze Inferno Wood Cracking Collapsing Loud Stressing_1_17.wav,train
natural sound,/Users/guidegiegg/งาน/โปรเจคเล็กๆ/PrePair_Sound/forest_sound_dataset/natural sound/4_10408.wav,natural sound/4_10408.wav,train
natural sound,/Users/guidegiegg/งาน/โปรเจคเล็กๆ/PrePair_Sound/forest_sound_dataset/natural sound/6_10670.wav,natural sound/6_10670.wav,train
poaching,/Users/guidegiegg/งาน/โปรเจคเล็กๆ/PrePair_Sound/forest_sound_dataset/poaching/5BCE4D49_80526c347-1676-42d0-8f3b-3d45954f2f353ad47a9d-d87a-41e8-b101-a07f6540064f4ded739d-67d6-42e6-ba32-93a316c89020.WAV,poaching/5BCE4D49_80526c347-1676-42d0-8f3b-3d45954f2f353ad47a9d-d87a-41e8-b101-a07f6540064f4ded739d-67d6-42e6-ba32-93a316c89020.WAV,train
natural sound,/Users/guidegiegg/งาน/โปรเจคเล็กๆ/PrePair_Sound/forest_sound_dataset/natural sound/if_necessary/19_11969.wav,natural sound/if_necessary/19_11969.wav,train
natural sound,/Users/guidegiegg/งาน/โปรเจคเล็กๆ/PrePair_Sound/forest_sound_dataset/natural sound/if_necessary/20_12001.wav,natural sound/if_necessary/20_12001.wav,train
natural sound,/Users/guidegiegg/งาน/โปรเจคเล็กๆ/PrePair_Sound/forest_sound_dataset/natural sound/5_10567.wav,natural sound/5_10567.wav,train
logging,/Users/guidegiegg/งาน/โปรเจคเล็กๆ/PrePair_Sound/forest_sound_dataset/logging/13_11318.wav,logging/13_11318.wav,train
natural sound,/Users/guidegiegg/งาน/โปรเจคเล็กๆ/PrePair_Sound/forest_sound_dataset/natural sound/26_12624.wav,natural sound/26_12624.wav,train
natural sound,/Users/guidegiegg/งาน/โปรเจคเล็กๆ/PrePair_Sound/forest_sound_dataset/natural sound/3_10307.wav,natural sound/3_10307.wav,train
fire,/Users/guidegiegg/งาน/โปรเจคเล็กๆ/PrePair_Sound/forest_sound_dataset/fire/videoplayback_63.wav,fire/videoplayback_63.wav,train
fire,/Users/guidegiegg/งาน/โปรเจคเล็กๆ/PrePair_Sound/forest_sound_dataset/fire/y2mate.com - DD Ambience  Building on Fire  Blaze Inferno Wood Cracking Collapsing Loud Stressing_1_05.wav,fire/y2mate.com - DD Ambience  Building on Fire  Blaze Inferno Wood Cracking Collapsing Loud Stressing_1_05.wav,train
logging,/Users/guidegiegg/งาน/โปรเจคเล็กๆ/PrePair_Sound/forest_sound_dataset/logging/10_11052.wav,logging/10_11052.wav,train
natural sound,/Users/guidegiegg/งาน/โปรเจคเล็กๆ/PrePair_Sound/forest_sound_dataset/natural sound/if_necessary/20_12036.wav,natural sound/if_necessary/20_12036.wav,train
natural sound,/Users/guidegiegg/งาน/โปรเจคเล็กๆ/PrePair_Sound/forest_sound_dataset/natural sound/5_10533.wav,natural sound/5_10533.wav,train
fire,/Users/guidegiegg/งาน/โปรเจคเล็กๆ/PrePair_Sound/forest_sound_dataset/fire/y2mate.com - DD Ambience  Building on Fire  Blaze Inferno Wood Cracking Collapsing Loud Stressing_55.wav,fire/y2mate.com - DD Ambience  Building on Fire  Blaze Inferno Wood Cracking Collapsing Loud Stressing_55.wav,train
fire,/Users/guidegiegg/งาน/โปรเจคเล็กๆ/PrePair_Sound/forest_sound_dataset/fire/y2mate.com - DD Ambience  Building on Fire  Blaze Inferno Wood Cracking Collapsing Loud Stressing_1_45.wav,fire/y2mate.com - DD Ambience  Building on Fire  Blaze Inferno Wood Cracking Collapsing Loud Stressing_1_45.wav,train
logging,/Users/guidegiegg/งาน/โปรเจคเล็กๆ/PrePair_Sound/forest_sound_dataset/logging/11_11168.wav,logging/11_11168.wav,train
logging,/Users/guidegiegg/งาน/โปรเจคเล็กๆ/PrePair_Sound/forest_sound_dataset/logging/13_11335.wav,logging/13_11335.wav,train
logging,/Users/guidegiegg/งาน/โปรเจคเล็กๆ/PrePair_Sound/forest_sound_dataset/logging/11_11121.wav,logging/11_11121.wav,train
natural sound,/Users/guidegiegg/งาน/โปรเจคเล็กๆ/PrePair_Sound/forest_sound_dataset/natural sound/5_10510.wav,natural sound/5_10510.wav,train
natural sound,/Users/guidegiegg/งาน/โปรเจคเล็กๆ/PrePair_Sound/forest_sound_dataset/natural sound/26_12657.wav,natural sound/26_12657.wav,train
natural sound,/Users/guidegiegg/งาน/โปรเจคเล็กๆ/PrePair_Sound/forest_sound_dataset/natural sound/24_12433.wav,natural sound/24_12433.wav,train
logging,/Users/guidegiegg/งาน/โปรเจคเล็กๆ/PrePair_Sound/forest_sound_dataset/logging/11_11118.wav,logging/11_11118.wav,train
natural sound,/Users/guidegiegg/งาน/โปรเจคเล็กๆ/PrePair_Sound/forest_sound_dataset/natural sound/24_12440.wav,natural sound/24_12440.wav,train
logging,/Users/guidegiegg/งาน/โปรเจคเล็กๆ/PrePair_Sound/forest_sound_dataset/logging/11_11111.wav,logging/11_11111.wav,train
natural sound,/Users/guidegiegg/งาน/โปรเจคเล็กๆ/PrePair_Sound/forest_sound_dataset/natural sound/5_10548.wav,natural sound/5_10548.wav,train
poaching,/Users/guidegiegg/งาน/โปรเจคเล็กๆ/PrePair_Sound/forest_sound_dataset/poaching/New folder/sig-p225_001_SA_150A_S06.wav,poaching/New folder/sig-p225_001_SA_150A_S06.wav,train
natural sound,/Users/guidegiegg/งาน/โปรเจคเล็กๆ/PrePair_Sound/forest_sound_dataset/natural sound/25_12570.wav,natural sound/25_12570.wav,train
poaching,/Users/guidegiegg/งาน/โปรเจคเล็กๆ/PrePair_Sound/forest_sound_dataset/poaching/5C26AB1E_57d8edeb21-3140-4b6d-b078-28ec1f0ce70714f8e251-4818-4f03-bd03-c631fa3f9ec9f600966f-4a1f-43f7-a09d-701cdcc01ca0.WAV,poaching/5C26AB1E_57d8edeb21-3140-4b6d-b078-28ec1f0ce70714f8e251-4818-4f03-bd03-c631fa3f9ec9f600966f-4a1f-43f7-a09d-701cdcc01ca0.WAV,train
natural sound,/Users/guidegiegg/งาน/โปรเจคเล็กๆ/PrePair_Sound/forest_sound_dataset/natural sound/26_12663.wav,natural sound/26_12663.wav,train
fire,/Users/guidegiegg/งาน/โปรเจคเล็กๆ/PrePair_Sound/forest_sound_dataset/fire/y2mate.com - DD Ambience  Building on Fire  Blaze Inferno Wood Cracking Collapsing Loud Stressing_64.wav,fire/y2mate.com - DD Ambience  Building on Fire  Blaze Inferno Wood Cracking Collapsing Loud Stressing_64.wav,train
logging,/Users/guidegiegg/งาน/โปรเจคเล็กๆ/PrePair_Sound/forest_sound_dataset/logging/11_11170.wav,logging/11_11170.wav,train
natural sound,/Users/guidegiegg/งาน/โปรเจคเล็กๆ/PrePair_Sound/forest_sound_dataset/natural sound/2_10230.wav,natural sound/2_10230.wav,train
fire,/Users/guidegiegg/งาน/โปรเจคเล็กๆ/PrePair_Sound/forest_sound_dataset/fire/y2mate.com - DD Ambience  Building on Fire  Blaze Inferno Wood Cracking Collapsing Loud Stressing_53.wav,fire/y2mate.com - DD Ambience  Building on Fire  Blaze Inferno Wood Cracking Collapsing Loud Stressing_53.wav,train
poaching,/Users/guidegiegg/งาน/โปรเจคเล็กๆ/PrePair_Sound/forest_sound_dataset/poaching/5C5CF304_25b8b54e15-5bf8-45a0-9b6c-2fc52b113a760992a932-a41a-4ad1-86ca-f4b0e48cfca95de5786f-799d-4dd2-807b-db37b49800d9.WAV,poaching/5C5CF304_25b8b54e15-5bf8-45a0-9b6c-2fc52b113a760992a932-a41a-4ad1-86ca-f4b0e48cfca95de5786f-799d-4dd2-807b-db37b49800d9.WAV,train
natural sound,/Users/guidegiegg/งาน/โปรเจคเล็กๆ/PrePair_Sound/forest_sound_dataset/natural sound/if_necessary/19_11919.wav,natural sound/if_necessary/19_11919.wav,train
fire,/Users/guidegiegg/งาน/โปรเจคเล็กๆ/PrePair_Sound/forest_sound_dataset/fire/5-215658-B-12.wav,fire/5-215658-B-12.wav,train
natural sound,/Users/guidegiegg/งาน/โปรเจคเล็กๆ/PrePair_Sound/forest_sound_dataset/natural sound/21_12127.wav,natural sound/21_12127.wav,train
natural sound,/Users/guidegiegg/งาน/โปรเจคเล็กๆ/PrePair_Sound/forest_sound_dataset/natural sound/25_12519.wav,natural sound/25_12519.wav,train
natural sound,/Users/guidegiegg/งาน/โปรเจคเล็กๆ/PrePair_Sound/forest_sound_dataset/natural sound/6_10653.wav,natural sound/6_10653.wav,train
logging,/Users/guidegiegg/งาน/โปรเจคเล็กๆ/PrePair_Sound/forest_sound_dataset/logging/7_10742.wav,logging/7_10742.wav,train
natural sound,/Users/guidegiegg/งาน/โปรเจคเล็กๆ/PrePair_Sound/forest_sound_dataset/natural sound/9_10924.wav,natural sound/9_10924.wav,train
fire,/Users/guidegiegg/งาน/โปรเจคเล็กๆ/PrePair_Sound/forest_sound_dataset/fire/1_10156.wav,fire/1_10156.wav,train
poaching,/Users/guidegiegg/งาน/โปรเจคเล็กๆ/PrePair_Sound/forest_sound_dataset/poaching/14_11408.wav,poaching/14_11408.wav,train
natural sound,/Users/guidegiegg/งาน/โปรเจคเล็กๆ/PrePair_Sound/forest_sound_dataset/natural sound/25_12506.wav,natural sound/25_12506.wav,train
logging,/Users/guidegiegg/งาน/โปรเจคเล็กๆ/PrePair_Sound/forest_sound_dataset/logging/13_11321.wav,logging/13_11321.wav,train
logging,/Users/guidegiegg/งาน/โปรเจคเล็กๆ/PrePair_Sound/forest_sound_dataset/logging/3-118658-B-41.wav,logging/3-118658-B-41.wav,train
natural sound,/Users/guidegiegg/งาน/โปรเจคเล็กๆ/PrePair_Sound/forest_sound_dataset/natural sound/24_12410.wav,natural sound/24_12410.wav,train
logging,/Users/guidegiegg/งาน/โปรเจคเล็กๆ/PrePair_Sound/forest_sound_dataset/logging/1-7974-A-49.wav,logging/1-7974-A-49.wav,train
natural sound,/Users/guidegiegg/งาน/โปรเจคเล็กๆ/PrePair_Sound/forest_sound_dataset/natural sound/3_10339.wav,natural sound/3_10339.wav,train
natural sound,/Users/guidegiegg/งาน/โปรเจคเล็กๆ/PrePair_Sound/forest_sound_dataset/natural sound/4_10472.wav,natural sound/4_10472.wav,train
natural sound,/Users/guidegiegg/งาน/โปรเจคเล็กๆ/PrePair_Sound/forest_sound_dataset/natural sound/8_10868.wav,natural sound/8_10868.wav,train
poaching,/Users/guidegiegg/งาน/โปรเจคเล็กๆ/PrePair_Sound/forest_sound_dataset/poaching/5C0358CA_6c9bdd198-709e-4c25-8114-cfcfaf6edfa5c15ce22b-2339-4ba4-963a-bfe9345c3e8b8c9f3824-73fc-460c-a89a-5a264e7ad2a9.WAV,poaching/5C0358CA_6c9bdd198-709e-4c25-8114-cfcfaf6edfa5c15ce22b-2339-4ba4-963a-bfe9345c3e8b8c9f3824-73fc-460c-a89a-5a264e7ad2a9.WAV,train
fire,/Users/guidegiegg/งาน/โปรเจคเล็กๆ/PrePair_Sound/forest_sound_dataset/fire/1_10122.wav,fire/1_10122.wav,train
natural sound,/Users/guidegiegg/งาน/โปรเจคเล็กๆ/PrePair_Sound/forest_sound_dataset/natural sound/9_10945.wav,natural sound/9_10945.wav,train
natural sound,/Users/guidegiegg/งาน/โปรเจคเล็กๆ/PrePair_Sound/forest_sound_dataset/natural sound/if_necessary/17_11702.wav,natural sound/if_necessary/17_11702.wav,train
poaching,/Users/guidegiegg/งาน/โปรเจคเล็กๆ/PrePair_Sound/forest_sound_dataset/poaching/5C297360_291b7cb8c1-8278-43e8-a20a-7d1511c95e3a749ce161-9596-4ac0-9b27-da7c853c532ba193757f-4844-4269-b6cf-18df41dfd81f.WAV,poaching/5C297360_291b7cb8c1-8278-43e8-a20a-7d1511c95e3a749ce161-9596-4ac0-9b27-da7c853c532ba193757f-4844-4269-b6cf-18df41dfd81f.WAV,train
natural sound,/Users/guidegiegg/งาน/โปรเจคเล็กๆ/PrePair_Sound/forest_sound_dataset/natural sound/if_necessary/17_11718.wav,natural sound/if_necessary/17_11718.wav,train
fire,/Users/guidegiegg/งาน/โปรเจคเล็กๆ/PrePair_Sound/forest_sound_dataset/fire/videoplayback_53.wav,fire/videoplayback_53.wav,train
natural sound,/Users/guidegiegg/งาน/โปรเจคเล็กๆ/PrePair_Sound/forest_sound_dataset/natural sound/if_necessary/19_11967.wav,natural sound/if_necessary/19_11967.wav,train
logging,/Users/guidegiegg/งาน/โปรเจคเล็กๆ/PrePair_Sound/forest_sound_dataset/logging/11_11141.wav,logging/11_11141.wav,train
natural sound,/Users/guidegiegg/งาน/โปรเจคเล็กๆ/PrePair_Sound/forest_sound_dataset/natural sound/2_10217.wav,natural sound/2_10217.wav,train
poaching,/Users/guidegiegg/งาน/โปรเจคเล็กๆ/PrePair_Sound/forest_sound_dataset/poaching/5B5F2559_86e0c2723-c758-4be8-ab05-6dc9c633636edabab6da-2c6d-422d-bc0e-83a720223bae6e033f8a-4d6d-47d6-8f89-be81820eca93.WAV,poaching/5B5F2559_86e0c2723-c758-4be8-ab05-6dc9c633636edabab6da-2c6d-422d-bc0e-83a720223bae6e033f8a-4d6d-47d6-8f89-be81820eca93.WAV,train
natural sound,/Users/guidegiegg/งาน/โปรเจคเล็กๆ/PrePair_Sound/forest_sound_dataset/natural sound/22_12256.wav,natural sound/22_12256.wav,train
natural sound,/Users/guidegiegg/งาน/โปรเจคเล็กๆ/PrePair_Sound/forest_sound_dataset/natural sound/5_10553.wav,natural sound/5_10553.wav,train
logging,/Users/guidegiegg/งาน/โปรเจคเล็กๆ/PrePair_Sound/forest_sound_dataset/logging/16_11604.wav,logging/16_11604.wav,train
natural sound,/Users/guidegiegg/งาน/โปรเจคเล็กๆ/PrePair_Sound/forest_sound_dataset/natural sound/6_10668.wav,natural sound/6_10668.wav,train
natural sound,/Users/guidegiegg/งาน/โปรเจคเล็กๆ/PrePair_Sound/forest_sound_dataset/natural sound/3_10338.wav,natural sound/3_10338.wav,train
natural sound,/Users/guidegiegg/งาน/โปรเจคเล็กๆ/PrePair_Sound/forest_sound_dataset/natural sound/if_necessary/19_11947.wav,natural sound/if_necessary/19_11947.wav,train
fire,/Users/guidegiegg/งาน/โปรเจคเล็กๆ/PrePair_Sound/forest_sound_dataset/fire/5-189212-A-12.wav,fire/5-189212-A-12.wav,train
natural sound,/Users/guidegiegg/งาน/โปรเจคเล็กๆ/PrePair_Sound/forest_sound_dataset/natural sound/if_necessary/19_11925.wav,natural sound/if_necessary/19_11925.wav,train
natural sound,/Users/guidegiegg/งาน/โปรเจคเล็กๆ/PrePair_Sound/forest_sound_dataset/natural sound/23_12318.wav,natural sound/23_12318.wav,train
natural sound,/Users/guidegiegg/งาน/โปรเจคเล็กๆ/PrePair_Sound/forest_sound_dataset/natural sound/27_12755.wav,natural sound/27_12755.wav,train
poaching,/Users/guidegiegg/งาน/โปรเจคเล็กๆ/PrePair_Sound/forest_sound_dataset/poaching/New folder/winchester-m14_014_SA_059B_S02.wav,poaching/New folder/winchester-m14_014_SA_059B_S02.wav,train
poaching,/Users/guidegiegg/งาน/โปรเจคเล็กๆ/PrePair_Sound/forest_sound_dataset/poaching/5C035CD3_5789fad98-6b17-49bc-aaa3-8ba71e2159621c5bec48-bb50-4faf-9822-b0f05effb5a89fdd5674-83e8-430e-9e07-59a5f918076e.WAV,poaching/5C035CD3_5789fad98-6b17-49bc-aaa3-8ba71e2159621c5bec48-bb50-4faf-9822-b0f05effb5a89fdd5674-83e8-430e-9e07-59a5f918076e.WAV,train
poaching,/Users/guidegiegg/งาน/โปรเจคเล็กๆ/PrePair_Sound/forest_sound_dataset/poaching/5BE218E5_49041fd984-e637-4d3b-b8ef-14c91587f3a32224827b-676f-4267-bb2b-f6f2ca155eaa3cfd9a77-4aa2-4107-928b-cc8863f39579.WAV,poaching/5BE218E5_49041fd984-e637-4d3b-b8ef-14c91587f3a32224827b-676f-4267-bb2b-f6f2ca155eaa3cfd9a77-4aa2-4107-928b-cc8863f39579.WAV,train
logging,/Users/guidegiegg/งาน/โปรเจคเล็กๆ/PrePair_Sound/forest_sound_dataset/logging/13_11309.wav,logging/13_11309.wav,train
poaching,/Users/guidegiegg/งาน/โปรเจคเล็กๆ/PrePair_Sound/forest_sound_dataset/poaching/New folder/glock_016_85a24c95-5a49-469d-a5a1-d8ca7554b663_v0.wav,poaching/New folder/glock_016_85a24c95-5a49-469d-a5a1-d8ca7554b663_v0.wav,train
natural sound,/Users/guidegiegg/งาน/โปรเจคเล็กๆ/PrePair_Sound/forest_sound_dataset/natural sound/if_necessary/19_11932.wav,natural sound/if_necessary/19_11932.wav,train
poaching,/Users/guidegiegg/งาน/โปรเจคเล็กๆ/PrePair_Sound/forest_sound_dataset/poaching/14_11415.wav,poaching/14_11415.wav,train
fire,/Users/guidegiegg/งาน/โปรเจคเล็กๆ/PrePair_Sound/forest_sound_dataset/fire/y2mate.com - DD Ambience  Building on Fire  Blaze Inferno Wood Cracking Collapsing Loud Stressing_67.wav,fire/y2mate.com - DD Ambience  Building on Fire  Blaze Inferno Wood Cracking Collapsing Loud Stressing_67.wav,train
natural sound,/Users/guidegiegg/งาน/โปรเจคเล็กๆ/PrePair_Sound/forest_sound_dataset/natural sound/26_12636.wav,natural sound/26_12636.wav,train
fire,/Users/guidegiegg/งาน/โปรเจคเล็กๆ/PrePair_Sound/forest_sound_dataset/fire/1_10135.wav,fire/1_10135.wav,train
natural sound,/Users/guidegiegg/งาน/โปรเจคเล็กๆ/PrePair_Sound/forest_sound_dataset/natural sound/4_10469.wav,natural sound/4_10469.wav,train
natural sound,/Users/guidegiegg/งาน/โปรเจคเล็กๆ/PrePair_Sound/forest_sound_dataset/natural sound/6_10618.wav,natural sound/6_10618.wav,train
natural sound,/Users/guidegiegg/งาน/โปรเจคเล็กๆ/PrePair_Sound/forest_sound_dataset/natural sound/6_10649.wav,natural sound/6_10649.wav,train
natural sound,/Users/guidegiegg/งาน/โปรเจคเล็กๆ/PrePair_Sound/forest_sound_dataset/natural sound/8_10801.wav,natural sound/8_10801.wav,train
natural sound,/Users/guidegiegg/งาน/โปรเจคเล็กๆ/PrePair_Sound/forest_sound_dataset/natural sound/4_10454.wav,natural sound/4_10454.wav,train
natural sound,/Users/guidegiegg/งาน/โปรเจคเล็กๆ/PrePair_Sound/forest_sound_dataset/natural sound/6_10666.wav,natural sound/6_10666.wav,train
natural sound,/Users/guidegiegg/งาน/โปรเจคเล็กๆ/PrePair_Sound/forest_sound_dataset/natural sound/if_necessary/18_11837.wav,natural sound/if_necessary/18_11837.wav,train
natural sound,/Users/guidegiegg/งาน/โปรเจคเล็กๆ/PrePair_Sound/forest_sound_dataset/natural sound/9_10946.wav,natural sound/9_10946.wav,train
poaching,/Users/guidegiegg/งาน/โปรเจคเล็กๆ/PrePair_Sound/forest_sound_dataset/poaching/5C53AFBE_4676387b80-ccf9-44be-a959-602fc5966564349e2ffa-bb38-4804-9782-e1216f0eb1517576e4b7-bd52-47cb-90c0-e95d88566f35.WAV,poaching/5C53AFBE_4676387b80-ccf9-44be-a959-602fc5966564349e2ffa-bb38-4804-9782-e1216f0eb1517576e4b7-bd52-47cb-90c0-e95d88566f35.WAV,train
logging,/Users/guidegiegg/งาน/โปรเจคเล็กๆ/PrePair_Sound/forest_sound_dataset/logging/5-253101-C-49.wav,logging/5-253101-C-49.wav,train
natural sound,/Users/guidegiegg/งาน/โปรเจคเล็กๆ/PrePair_Sound/forest_sound_dataset/natural sound/8_10830.wav,natural sound/8_10830.wav,train
natural sound,/Users/guidegiegg/งาน/โปรเจคเล็กๆ/PrePair_Sound/forest_sound_dataset/natural sound/5_10519.wav,natural sound/5_10519.wav,train
fire,/Users/guidegiegg/งาน/โปรเจคเล็กๆ/PrePair_Sound/forest_sound_dataset/fire/y2mate.com - DD Ambience  Building on Fire  Blaze Inferno Wood Cracking Collapsing Loud Stressing_1_10.wav,fire/y2mate.com - DD Ambience  Building on Fire  Blaze Inferno Wood Cracking Collapsing Loud Stressing_1_10.wav,train
poaching,/Users/guidegiegg/งาน/โปรเจคเล็กๆ/PrePair_Sound/forest_sound_dataset/poaching/5BCB23E6_45e4c6aacc-18ce-4d71-8cac-574d7fc0275cdbd089de-540a-490c-899f-67d0adf57398663169ac-349f-4804-8ee0-eadb52bfc2a5.WAV,poaching/5BCB23E6_45e4c6aacc-18ce-4d71-8cac-574d7fc0275cdbd089de-540a-490c-899f-67d0adf57398663169ac-349f-4804-8ee0-eadb52bfc2a5.WAV,train
fire,/Users/guidegiegg/งาน/โปรเจคเล็กๆ/PrePair_Sound/forest_sound_dataset/fire/y2mate.com - DD Ambience  Building on Fire  Blaze Inferno Wood Cracking Collapsing Loud Stressing_1_66.wav,fire/y2mate.com - DD Ambience  Building on Fire  Blaze Inferno Wood Cracking Collapsing Loud Stressing_1_66.wav,train
natural sound,/Users/guidegiegg/งาน/โปรเจคเล็กๆ/PrePair_Sound/forest_sound_dataset/natural sound/3_10367.wav,natural sound/3_10367.wav,train
natural sound,/Users/guidegiegg/งาน/โปรเจคเล็กๆ/PrePair_Sound/forest_sound_dataset/natural sound/if_necessary/17_11773.wav,natural sound/if_necessary/17_11773.wav,train
logging,/Users/guidegiegg/งาน/โปรเจคเล็กๆ/PrePair_Sound/forest_sound_dataset/logging/13_11368.wav,logging/13_11368.wav,train
poaching,/Users/guidegiegg/งาน/โปรเจคเล็กๆ/PrePair_Sound/forest_sound_dataset/poaching/58FBD400c7d4db5f-ba86-4743-9d77-b19eae623969.WAV,poaching/58FBD400c7d4db5f-ba86-4743-9d77-b19eae623969.WAV,train
natural sound,/Users/guidegiegg/งาน/โปรเจคเล็กๆ/PrePair_Sound/forest_sound_dataset/natural sound/23_12301.wav,natural sound/23_12301.wav,train
natural sound,/Users/guidegiegg/งาน/โปรเจคเล็กๆ/PrePair_Sound/forest_sound_dataset/natural sound/if_necessary/20_12047.wav,natural sound/if_necessary/20_12047.wav,train
logging,/Users/guidegiegg/งาน/โปรเจคเล็กๆ/PrePair_Sound/forest_sound_dataset/logging/13_11327.wav,logging/13_11327.wav,train
poaching,/Users/guidegiegg/งาน/โปรเจคเล็กๆ/PrePair_Sound/forest_sound_dataset/poaching/New folder/m16_010_SA_077B_S03.wav,poaching/New folder/m16_010_SA_077B_S03.wav,train
poaching,/Users/guidegiegg/งาน/โปรเจคเล็กๆ/PrePair_Sound/forest_sound_dataset/poaching/58FBD3C141285ab8-17b8-43c4-addc-a539a6652da2.WAV,poaching/58FBD3C141285ab8-17b8-43c4-addc-a539a6652da2.WAV,train
poaching,/Users/guidegiegg/งาน/โปรเจคเล็กๆ/PrePair_Sound/forest_sound_dataset/poaching/5BE2166C_44e799fafa-9063-4f55-92c3-daca7151a272a3e14c63-949b-408e-a602-449a9bf7f6f3f3945a09-f42e-409e-8c77-7d1bfcf6f178.WAV,poaching/5BE2166C_44e799fafa-9063-4f55-92c3-daca7151a272a3e14c63-949b-408e-a602-449a9bf7f6f3f3945a09-f42e-409e-8c77-7d1bfcf6f178.WAV,train
natural sound,/Users/guidegiegg/งาน/โปรเจคเล็กๆ/PrePair_Sound/forest_sound_dataset/natural sound/26_12606.wav,natural sound/26_12606.wav,train
poaching,/Users/guidegiegg/งาน/โปรเจคเล็กๆ/PrePair_Sound/forest_sound_dataset/poaching/New folder/sig-p225_002_SA_210A_S06.wav,poaching/New folder/sig-p225_002_SA_210A_S06.wav,train
natural sound,/Users/guidegiegg/งาน/โปรเจคเล็กๆ/PrePair_Sound/forest_sound_dataset/natural sound/27_12719.wav,natural sound/27_12719.wav,train
natural sound,/Users/guidegiegg/งาน/โปรเจคเล็กๆ/PrePair_Sound/forest_sound_dataset/natural sound/24_12460.wav,natural sound/24_12460.wav,train
poaching,/Users/guidegiegg/งาน/โปรเจคเล็กๆ/PrePair_Sound/forest_sound_dataset/poaching/5BE21952_206a4af8ab-8d97-41e3-98e7-80206d425ab0cb91aaa4-9f47-44f9-a554-8763a0b525a13d7e2489-a54b-4abf-9f60-8b0301a1b8d2.WAV,poaching/5BE21952_206a4af8ab-8d97-41e3-98e7-80206d425ab0cb91aaa4-9f47-44f9-a554-8763a0b525a13d7e2489-a54b-4abf-9f60-8b0301a1b8d2.WAV,train
poaching,/Users/guidegiegg/งาน/โปรเจคเล็กๆ/PrePair_Sound/forest_sound_dataset/poaching/5C035929_46ca40eaa-fb29-4392-9293-c00ecad7a30120f069b7-67a9-451e-9938-71940988c674d6936046-c52f-4116-9af3-4c37240f455b.WAV,poaching/5C035929_46ca40eaa-fb29-4392-9293-c00ecad7a30120f069b7-67a9-451e-9938-71940988c674d6936046-c52f-4116-9af3-4c37240f455b.WAV,train
fire,/Users/guidegiegg/งาน/โปรเจคเล็กๆ/PrePair_Sound/forest_sound_dataset/fire/3-104958-A-12.wav,fire/3-104958-A-12.wav,train
natural sound,/Users/guidegiegg/งาน/โปรเจคเล็กๆ/PrePair_Sound/forest_sound_dataset/natural sound/26_12616.wav,natural sound/26_12616.wav,train
natural sound,/Users/guidegiegg/งาน/โปรเจคเล็กๆ/PrePair_Sound/forest_sound_dataset/natural sound/3_10342.wav,natural sound/3_10342.wav,train
poaching,/Users/guidegiegg/งาน/โปรเจคเล็กๆ/PrePair_Sound/forest_sound_dataset/poaching/5C243291_555bddfabc-6911-449b-b5dd-db73c1b630fd6053057a-c916-4c70-b810-a0147e1deae1d3c856af-4bdb-4999-8a8b-ec6ea44f0b0a.WAV,poaching/5C243291_555bddfabc-6911-449b-b5dd-db73c1b630fd6053057a-c916-4c70-b810-a0147e1deae1d3c856af-4bdb-4999-8a8b-ec6ea44f0b0a.WAV,train
natural sound,/Users/guidegiegg/งาน/โปรเจคเล็กๆ/PrePair_Sound/forest_sound_dataset/natural sound/4_10450.wav,natural sound/4_10450.wav,train
natural sound,/Users/guidegiegg/งาน/โปรเจคเล็กๆ/PrePair_Sound/forest_sound_dataset/natural sound/5_10503.wav,natural sound/5_10503.wav,train
poaching,/Users/guidegiegg/งาน/โปรเจคเล็กๆ/PrePair_Sound/forest_sound_dataset/poaching/5BCE4D40_26b14fbede-5ef1-4dc3-8820-7cca643a44112a70b918-a624-4562-831e-14a59b88b5c0a1511357-1f8f-4884-bb8d-a3b76e72c99a.WAV,poaching/5BCE4D40_26b14fbede-5ef1-4dc3-8820-7cca643a44112a70b918-a624-4562-831e-14a59b88b5c0a1511357-1f8f-4884-bb8d-a3b76e72c99a.WAV,train
poaching,/Users/guidegiegg/งาน/โปรเจคเล็กๆ/PrePair_Sound/forest_sound_dataset/poaching/5C035C73_82aea3a4a-be0a-44e9-868d-6a595aed714299cf0aab-63e6-4b43-803c-6374128828d3435f4aa1-fe6a-47f2-8c2f-888cc9ef0792.WAV,poaching/5C035C73_82aea3a4a-be0a-44e9-868d-6a595aed714299cf0aab-63e6-4b43-803c-6374128828d3435f4aa1-fe6a-47f2-8c2f-888cc9ef0792.WAV,train
poaching,/Users/guidegiegg/งาน/โปรเจคเล็กๆ/PrePair_Sound/forest_sound_dataset/poaching/New folder/m16_022_SA_097A_S04.wav,poaching/New folder/m16_022_SA_097A_S04.wav,train
natural sound,/Users/guidegiegg/งาน/โปรเจคเล็กๆ/PrePair_Sound/forest_sound_dataset/natural sound/9_10948.wav,natural sound/9_10948.wav,train
fire,/Users/guidegiegg/งาน/โปรเจคเล็กๆ/PrePair_Sound/forest_sound_dataset/fire/videoplayback_54.wav,fire/videoplayback_54.wav,train
poaching,/Users/guidegiegg/งาน/โปรเจคเล็กๆ/PrePair_Sound/forest_sound_dataset/poaching/5BA23174_398124f16a-115b-459e-9d3a-620a1d910e1b98a58901-ba81-49d6-9ddc-77a9dd7eda51da9c2d45-3b91-4c5c-ac5f-46db50c40ad6.WAV,poaching/5BA23174_398124f16a-115b-459e-9d3a-620a1d910e1b98a58901-ba81-49d6-9ddc-77a9dd7eda51da9c2d45-3b91-4c5c-ac5f-46db50c40ad6.WAV,train
logging,/Users/guidegiegg/งาน/โปรเจคเล็กๆ/PrePair_Sound/forest_sound_dataset/logging/10_11050.wav,logging/10_11050.wav,train
poaching,/Users/guidegiegg/งาน/โปรเจคเล็กๆ/PrePair_Sound/forest_sound_dataset/poaching/5C5CAD66_7e9fd197c-7c65-4bc0-b045-dcd090eca7dcac0b5718-e069-48f9-8467-b44ff03433c0ebec588c-6aa9-4ff2-a539-33026dcc4f11.WAV,poaching/5C5CAD66_7e9fd197c-7c65-4bc0-b045-dcd090eca7dcac0b5718-e069-48f9-8467-b44ff03433c0ebec588c-6aa9-4ff2-a539-33026dcc4f11.WAV,train
poaching,/Users/guidegiegg/งาน/โปรเจคเล็กๆ/PrePair_Sound/forest_sound_dataset/poaching/5C52E8AB_29900e5ac-90de-4d29-a5ed-fd78ff95a6a1836dc8e5-3824-4572-b797-9aab45eef3d1c5ec6bfb-cb35-40a8-9879-602e2c391d41.WAV,poaching/5C52E8AB_29900e5ac-90de-4d29-a5ed-fd78ff95a6a1836dc8e5-3824-4572-b797-9aab45eef3d1c5ec6bfb-cb35-40a8-9879-602e2c391d41.WAV,train
fire,/Users/guidegiegg/งาน/โปรเจคเล็กๆ/PrePair_Sound/forest_sound_dataset/fire/1_10162.wav,fire/1_10162.wav,train
poaching,/Users/guidegiegg/งาน/โปรเจคเล็กๆ/PrePair_Sound/forest_sound_dataset/poaching/New folder/sig-p225_012_SA_090B_S05.wav,poaching/New folder/sig-p225_012_SA_090B_S05.wav,train
natural sound,/Users/guidegiegg/งาน/โปรเจคเล็กๆ/PrePair_Sound/forest_sound_dataset/natural sound/4_10466.wav,natural sound/4_10466.wav,train
natural sound,/Users/guidegiegg/งาน/โปรเจคเล็กๆ/PrePair_Sound/forest_sound_dataset/natural sound/8_10871.wav,natural sound/8_10871.wav,train
natural sound,/Users/guidegiegg/งาน/โปรเจคเล็กๆ/PrePair_Sound/forest_sound_dataset/natural sound/5_10526.wav,natural sound/5_10526.wav,train
natural sound,/Users/guidegiegg/งาน/โปรเจคเล็กๆ/PrePair_Sound/forest_sound_dataset/natural sound/23_12337.wav,natural sound/23_12337.wav,train
fire,/Users/guidegiegg/งาน/โปรเจคเล็กๆ/PrePair_Sound/forest_sound_dataset/fire/y2mate.com - DD Ambience  Building on Fire  Blaze Inferno Wood Cracking Collapsing Loud Stressing_36.wav,fire/y2mate.com - DD Ambience  Building on Fire  Blaze Inferno Wood Cracking Collapsing Loud Stressing_36.wav,train
fire,/Users/guidegiegg/งาน/โปรเจคเล็กๆ/PrePair_Sound/forest_sound_dataset/fire/1_10148.wav,fire/1_10148.wav,train
natural sound,/Users/guidegiegg/งาน/โปรเจคเล็กๆ/PrePair_Sound/forest_sound_dataset/natural sound/26_12617.wav,natural sound/26_12617.wav,train
poaching,/Users/guidegiegg/งาน/โปรเจคเล็กๆ/PrePair_Sound/forest_sound_dataset/poaching/14_11464.wav,poaching/14_11464.wav,train
logging,/Users/guidegiegg/งาน/โปรเจคเล็กๆ/PrePair_Sound/forest_sound_dataset/logging/10_11003.wav,logging/10_11003.wav,train
natural sound,/Users/guidegiegg/งาน/โปรเจคเล็กๆ/PrePair_Sound/forest_sound_dataset/natural sound/24_12459.wav,natural sound/24_12459.wav,train
poaching,/Users/guidegiegg/งาน/โปรเจคเล็กๆ/PrePair_Sound/forest_sound_dataset/poaching/15_11502.wav,poaching/15_11502.wav,train
natural sound,/Users/guidegiegg/งาน/โปรเจคเล็กๆ/PrePair_Sound/forest_sound_dataset/natural sound/26_12604.wav,natural sound/26_12604.wav,train
natural sound,/Users/guidegiegg/งาน/โปรเจคเล็กๆ/PrePair_Sound/forest_sound_dataset/natural sound/8_10836.wav,natural sound/8_10836.wav,train
fire,/Users/guidegiegg/งาน/โปรเจคเล็กๆ/PrePair_Sound/forest_sound_dataset/fire/y2mate.com - DD Ambience  Building on Fire  Blaze Inferno Wood Cracking Collapsing Loud Stressing_1_36.wav,fire/y2mate.com - DD Ambience  Building on Fire  Blaze Inferno Wood Cracking Collapsing Loud Stressing_1_36.wav,train
logging,/Users/guidegiegg/งาน/โปรเจคเล็กๆ/PrePair_Sound/forest_sound_dataset/logging/10_11030.wav,logging/10_11030.wav,train
natural sound,/Users/guidegiegg/งาน/โปรเจคเล็กๆ/PrePair_Sound/forest_sound_dataset/natural sound/26_12671.wav,natural sound/26_12671.wav,train
natural sound,/Users/guidegiegg/งาน/โปรเจคเล็กๆ/PrePair_Sound/forest_sound_dataset/natural sound/23_12315.wav,natural sound/23_12315.wav,train
natural sound,/Users/guidegiegg/งาน/โปรเจคเล็กๆ/PrePair_Sound/forest_sound_dataset/natural sound/3_10355.wav,natural sound/3_10355.wav,train
natural sound,/Users/guidegiegg/งาน/โปรเจคเล็กๆ/PrePair_Sound/forest_sound_dataset/natural sound/4_10465.wav,natural sound/4_10465.wav,train
poaching,/Users/guidegiegg/งาน/โปรเจคเล็กๆ/PrePair_Sound/forest_sound_dataset/poaching/5C243260_24e0e7f1b0-1c8c-4b8e-975a-6355b6c0785f29bdcc37-7210-44ca-b8b5-c0015deffd812cae618e-4bf0-4398-bcbc-43fade385d8b.WAV,poaching/5C243260_24e0e7f1b0-1c8c-4b8e-975a-6355b6c0785f29bdcc37-7210-44ca-b8b5-c0015deffd812cae618e-4bf0-4398-bcbc-43fade385d8b.WAV,train
logging,/Users/guidegiegg/งาน/โปรเจคเล็กๆ/PrePair_Sound/forest_sound_dataset/logging/10_11027.wav,logging/10_11027.wav,train
poaching,/Users/guidegiegg/งาน/โปรเจคเล็กๆ/PrePair_Sound/forest_sound_dataset/poaching/58FBC5410899848e-f10d-49ee-ac4b-1838610c31d8.WAV,poaching/58FBC5410899848e-f10d-49ee-ac4b-1838610c31d8.WAV,train
poaching,/Users/guidegiegg/งาน/โปรเจคเล็กๆ/PrePair_Sound/forest_sound_dataset/poaching/New folder/m16_018_5 (51).wav,poaching/New folder/m16_018_5 (51).wav,train
natural sound,/Users/guidegiegg/งาน/โปรเจคเล็กๆ/PrePair_Sound/forest_sound_dataset/natural sound/if_necessary/19_11949.wav,natural sound/if_necessary/19_11949.wav,train
logging,/Users/guidegiegg/งาน/โปรเจคเล็กๆ/PrePair_Sound/forest_sound_dataset/logging/2-51630-A-49.wav,logging/2-51630-A-49.wav,train
natural sound,/Users/guidegiegg/งาน/โปรเจคเล็กๆ/PrePair_Sound/forest_sound_dataset/natural sound/if_necessary/20_12014.wav,natural sound/if_necessary/20_12014.wav,train
logging,/Users/guidegiegg/งาน/โปรเจคเล็กๆ/PrePair_Sound/forest_sound_dataset/logging/2-68391-A-41.wav,logging/2-68391-A-41.wav,train
logging,/Users/guidegiegg/งาน/โปรเจคเล็กๆ/PrePair_Sound/forest_sound_dataset/logging/10_11063.wav,logging/10_11063.wav,train
poaching,/Users/guidegiegg/งาน/โปรเจคเล็กๆ/PrePair_Sound/forest_sound_dataset/poaching/New folder/sig-p225_007_SA_010A_S01.wav,poaching/New folder/sig-p225_007_SA_010A_S01.wav,train
fire,/Users/guidegiegg/งาน/โปรเจคเล็กๆ/PrePair_Sound/forest_sound_dataset/fire/1_10116.wav,fire/1_10116.wav,train
fire,/Users/guidegiegg/งาน/โปรเจคเล็กๆ/PrePair_Sound/forest_sound_dataset/fire/y2mate.com - DD Ambience  Building on Fire  Blaze Inferno Wood Cracking Collapsing Loud Stressing_43.wav,fire/y2mate.com - DD Ambience  Building on Fire  Blaze Inferno Wood Cracking Collapsing Loud Stressing_43.wav,train
natural sound,/Users/guidegiegg/งาน/โปรเจคเล็กๆ/PrePair_Sound/forest_sound_dataset/natural sound/8_10848.wav,natural sound/8_10848.wav,train
fire,/Users/guidegiegg/งาน/โปรเจคเล็กๆ/PrePair_Sound/forest_sound_dataset/fire/videoplayback_36.wav,fire/videoplayback_36.wav,train
natural sound,/Users/guidegiegg/งาน/โปรเจคเล็กๆ/PrePair_Sound/forest_sound_dataset/natural sound/26_12631.wav,natural sound/26_12631.wav,train
fire,/Users/guidegiegg/งาน/โปรเจคเล็กๆ/PrePair_Sound/forest_sound_dataset/fire/4-164661-B-12.wav,fire/4-164661-B-12.wav,train
logging,/Users/guidegiegg/งาน/โปรเจคเล็กๆ/PrePair_Sound/forest_sound_dataset/logging/7_10743.wav,logging/7_10743.wav,train
natural sound,/Users/guidegiegg/งาน/โปรเจคเล็กๆ/PrePair_Sound/forest_sound_dataset/natural sound/5_10556.wav,natural sound/5_10556.wav,train
natural sound,/Users/guidegiegg/งาน/โปรเจคเล็กๆ/PrePair_Sound/forest_sound_dataset/natural sound/5_10511.wav,natural sound/5_10511.wav,train
natural sound,/Users/guidegiegg/งาน/โปรเจคเล็กๆ/PrePair_Sound/forest_sound_dataset/natural sound/5_10571.wav,natural sound/5_10571.wav,train
natural sound,/Users/guidegiegg/งาน/โปรเจคเล็กๆ/PrePair_Sound/forest_sound_dataset/natural sound/if_necessary/17_11772.wav,natural sound/if_necessary/17_11772.wav,train
logging,/Users/guidegiegg/งาน/โปรเจคเล็กๆ/PrePair_Sound/forest_sound_dataset/logging/7_10707.wav,logging/7_10707.wav,train
poaching,/Users/guidegiegg/งาน/โปรเจคเล็กๆ/PrePair_Sound/forest_sound_dataset/poaching/5C5CF301_246f4952eb-8611-4385-832f-ca6fcb8adf5a04e88dae-c5b6-480a-aa74-9e68b292fd7bb9d605c9-e4fe-49c2-bbe0-c3367eb28ffd.WAV,poaching/5C5CF301_246f4952eb-8611-4385-832f-ca6fcb8adf5a04e88dae-c5b6-480a-aa74-9e68b292fd7bb9d605c9-e4fe-49c2-bbe0-c3367eb28ffd.WAV,train
poaching,/Users/guidegiegg/งาน/โปรเจคเล็กๆ/PrePair_Sound/forest_sound_dataset/poaching/5C50D65D_349c016cc1-c772-49df-8312-df725fb196a224c21e91-130a-4e72-9d18-f3bbdf777958dbc9e3e2-883f-4ad8-ad0e-1815700a5f47.WAV,poaching/5C50D65D_349c016cc1-c772-49df-8312-df725fb196a224c21e91-130a-4e72-9d18-f3bbdf777958dbc9e3e2-883f-4ad8-ad0e-1815700a5f47.WAV,train
natural sound,/Users/guidegiegg/งาน/โปรเจคเล็กๆ/PrePair_Sound/forest_sound_dataset/natural sound/if_necessary/20_12007.wav,natural sound/if_necessary/20_12007.wav,train
natural sound,/Users/guidegiegg/งาน/โปรเจคเล็กๆ/PrePair_Sound/forest_sound_dataset/natural sound/23_12320.wav,natural sound/23_12320.wav,train
natural sound,/Users/guidegiegg/งาน/โปรเจคเล็กๆ/PrePair_Sound/forest_sound_dataset/natural sound/if_necessary/20_12052.wav,natural sound/if_necessary/20_12052.wav,train
poaching,/Users/guidegiegg/งาน/โปรเจคเล็กๆ/PrePair_Sound/forest_sound_dataset/poaching/New folder/m16_024_SA_057A_S04.wav,poaching/New folder/m16_024_SA_057A_S04.wav,train
fire,/Users/guidegiegg/งาน/โปรเจคเล็กๆ/PrePair_Sound/forest_sound_dataset/fire/videoplayback_27.wav,fire/videoplayback_27.wav,train
poaching,/Users/guidegiegg/งาน/โปรเจคเล็กๆ/PrePair_Sound/forest_sound_dataset/poaching/New folder/winchester-m14_005_SA_059A_S06.wav,poaching/New folder/winchester-m14_005_SA_059A_S06.wav,train
natural sound,/Users/guidegiegg/งาน/โปรเจคเล็กๆ/PrePair_Sound/forest_sound_dataset/natural sound/8_10857.wav,natural sound/8_10857.wav,train
natural sound,/Users/guidegiegg/งาน/โปรเจคเล็กๆ/PrePair_Sound/forest_sound_dataset/natural sound/22_12262.wav,natural sound/22_12262.wav,train
natural sound,/Users/guidegiegg/งาน/โปรเจคเล็กๆ/PrePair_Sound/forest_sound_dataset/natural sound/8_10814.wav,natural sound/8_10814.wav,train
fire,/Users/guidegiegg/งาน/โปรเจคเล็กๆ/PrePair_Sound/forest_sound_dataset/fire/videoplayback_20.wav,fire/videoplayback_20.wav,train
logging,/Users/guidegiegg/งาน/โปรเจคเล็กๆ/PrePair_Sound/forest_sound_dataset/logging/13_11339.wav,logging/13_11339.wav,train
logging,/Users/guidegiegg/งาน/โปรเจคเล็กๆ/PrePair_Sound/forest_sound_dataset/logging/13_11346.wav,logging/13_11346.wav,train
natural sound,/Users/guidegiegg/งาน/โปรเจคเล็กๆ/PrePair_Sound/forest_sound_dataset/natural sound/if_necessary/18_11824.wav,natural sound/if_necessary/18_11824.wav,train
natural sound,/Users/guidegiegg/งาน/โปรเจคเล็กๆ/PrePair_Sound/forest_sound_dataset/natural sound/if_necessary/19_11907.wav,natural sound/if_necessary/19_11907.wav,train
fire,/Users/guidegiegg/งาน/โปรเจคเล็กๆ/PrePair_Sound/forest_sound_dataset/fire/2-28314-B-12.wav,fire/2-28314-B-12.wav,train
natural sound,/Users/guidegiegg/งาน/โปรเจคเล็กๆ/PrePair_Sound/forest_sound_dataset/natural sound/8_10859.wav,natural sound/8_10859.wav,train
poaching,/Users/guidegiegg/งาน/โปรเจคเล็กๆ/PrePair_Sound/forest_sound_dataset/poaching/New folder/glock_014_ed8d991f-9e68-4630-9f2f-4442fdb0be6f_chan2_v0.wav,poaching/New folder/glock_014_ed8d991f-9e68-4630-9f2f-4442fdb0be6f_chan2_v0.wav,train
natural sound,/Users/guidegiegg/งาน/โปรเจคเล็กๆ/PrePair_Sound/forest_sound_dataset/natural sound/4_10413.wav,natural sound/4_10413.wav,train
fire,/Users/guidegiegg/งาน/โปรเจคเล็กๆ/PrePair_Sound/forest_sound_dataset/fire/y2mate.com - DD Ambience  Building on Fire  Blaze Inferno Wood Cracking Collapsing Loud Stressing_05.wav,fire/y2mate.com - DD Ambience  Building on Fire  Blaze Inferno Wood Cracking Collapsing Loud Stressing_05.wav,train
poaching,/Users/guidegiegg/งาน/โปรเจคเล็กๆ/PrePair_Sound/forest_sound_dataset/poaching/5C396170_155b8f026b-18fc-494d-93c2-e888690c7c594d6895e2-ed14-4d48-ad56-04b6c7a867bb60c9a3d8-306f-4f56-84c5-87f1c1ac6a29.WAV,poaching/5C396170_155b8f026b-18fc-494d-93c2-e888690c7c594d6895e2-ed14-4d48-ad56-04b6c7a867bb60c9a3d8-306f-4f56-84c5-87f1c1ac6a29.WAV,train
poaching,/Users/guidegiegg/งาน/โปรเจคเล็กๆ/PrePair_Sound/forest_sound_dataset/poaching/5B196154_128bccf6e6-f002-4779-b155-85773362d4d602d0c65b-565a-410d-904b-773fece7fa33e00ea833-236f-4d8b-9f11-e03d2dde0ea9.WAV,poaching/5B196154_128bccf6e6-f002-4779-b155-85773362d4d602d0c65b-565a-410d-904b-773fece7fa33e00ea833-236f-4d8b-9f11-e03d2dde0ea9.WAV,train
natural sound,/Users/guidegiegg/งาน/โปรเจคเล็กๆ/PrePair_Sound/forest_sound_dataset/natural sound/26_12656.wav,natural sound/26_12656.wav,train
natural sound,/Users/guidegiegg/งาน/โปรเจคเล็กๆ/PrePair_Sound/forest_sound_dataset/natural sound/5_10504.wav,natural sound/5_10504.wav,train
natural sound,/Users/guidegiegg/งาน/โปรเจคเล็กๆ/PrePair_Sound/forest_sound_dataset/natural sound/4_10449.wav,natural sound/4_10449.wav,train
fire,/Users/guidegiegg/งาน/โปรเจคเล็กๆ/PrePair_Sound/forest_sound_dataset/fire/2-18766-B-12.wav,fire/2-18766-B-12.wav,train
natural sound,/Users/guidegiegg/งาน/โปรเจคเล็กๆ/PrePair_Sound/forest_sound_dataset/natural sound/26_12618.wav,natural sound/26_12618.wav,train
natural sound,/Users/guidegiegg/งาน/โปรเจคเล็กๆ/PrePair_Sound/forest_sound_dataset/natural sound/24_12471.wav,natural sound/24_12471.wav,train
natural sound,/Users/guidegiegg/งาน/โปรเจคเล็กๆ/PrePair_Sound/forest_sound_dataset/natural sound/if_necessary/17_11706.wav,natural sound/if_necessary/17_11706.wav,train
natural sound,/Users/guidegiegg/งาน/โปรเจคเล็กๆ/PrePair_Sound/forest_sound_dataset/natural sound/8_10844.wav,natural sound/8_10844.wav,train
natural sound,/Users/guidegiegg/งาน/โปรเจคเล็กๆ/PrePair_Sound/forest_sound_dataset/natural sound/25_12564.wav,natural sound/25_12564.wav,train
logging,/Users/guidegiegg/งาน/โปรเจคเล็กๆ/PrePair_Sound/forest_sound_dataset/logging/13_11315.wav,logging/13_11315.wav,train
natural sound,/Users/guidegiegg/งาน/โปรเจคเล็กๆ/PrePair_Sound/forest_sound_dataset/natural sound/if_necessary/20_12049.wav,natural sound/if_necessary/20_12049.wav,train
natural sound,/Users/guidegiegg/งาน/โปรเจคเล็กๆ/PrePair_Sound/forest_sound_dataset/natural sound/6_10619.wav,natural sound/6_10619.wav,train
poaching,/Users/guidegiegg/งาน/โปรเจคเล็กๆ/PrePair_Sound/forest_sound_dataset/poaching/New folder/sig-p225_024_SA_050A_S03.wav,poaching/New folder/sig-p225_024_SA_050A_S03.wav,train
logging,/Users/guidegiegg/งาน/โปรเจคเล็กๆ/PrePair_Sound/forest_sound_dataset/logging/13_11313.wav,logging/13_11313.wav,train
fire,/Users/guidegiegg/งาน/โปรเจคเล็กๆ/PrePair_Sound/forest_sound_dataset/fire/y2mate.com - DD Ambience  Building on Fire  Blaze Inferno Wood Cracking Collapsing Loud Stressing_1_63.wav,fire/y2mate.com - DD Ambience  Building on Fire  Blaze Inferno Wood Cracking Collapsing Loud Stressing_1_63.wav,train
fire,/Users/guidegiegg/งาน/โปรเจคเล็กๆ/PrePair_Sound/forest_sound_dataset/fire/y2mate.com - DD Ambience  Building on Fire  Blaze Inferno Wood Cracking Collapsing Loud Stressing_1_72.wav,fire/y2mate.com - DD Ambience  Building on Fire  Blaze Inferno Wood Cracking Collapsing Loud Stressing_1_72.wav,train
natural sound,/Users/guidegiegg/งาน/โปรเจคเล็กๆ/PrePair_Sound/forest_sound_dataset/natural sound/21_12130.wav,natural sound/21_12130.wav,train
natural sound,/Users/guidegiegg/งาน/โปรเจคเล็กๆ/PrePair_Sound/forest_sound_dataset/natural sound/22_12215.wav,natural sound/22_12215.wav,train
natural sound,/Users/guidegiegg/งาน/โปรเจคเล็กๆ/PrePair_Sound/forest_sound_dataset/natural sound/if_necessary/20_12059.wav,natural sound/if_necessary/20_12059.wav,train
poaching,/Users/guidegiegg/งาน/โปรเจคเล็กๆ/PrePair_Sound/forest_sound_dataset/poaching/5B8A1D4C_26bc2190f7-9274-4bad-aca4-d3012e9e842860e3dba7-d787-448f-a593-674ecd72c47389db7267-9e0b-48cb-bae2-9c8a17abab34.WAV,poaching/5B8A1D4C_26bc2190f7-9274-4bad-aca4-d3012e9e842860e3dba7-d787-448f-a593-674ecd72c47389db7267-9e0b-48cb-bae2-9c8a17abab34.WAV,train
natural sound,/Users/guidegiegg/งาน/โปรเจคเล็กๆ/PrePair_Sound/forest_sound_dataset/natural sound/26_12613.wav,natural sound/26_12613.wav,train
natural sound,/Users/guidegiegg/งาน/โปรเจคเล็กๆ/PrePair_Sound/forest_sound_dataset/natural sound/26_12648.wav,natural sound/26_12648.wav,train
natural sound,/Users/guidegiegg/งาน/โปรเจคเล็กๆ/PrePair_Sound/forest_sound_dataset/natural sound/6_10656.wav,natural sound/6_10656.wav,train
natural sound,/Users/guidegiegg/งาน/โปรเจคเล็กๆ/PrePair_Sound/forest_sound_dataset/natural sound/5_10524.wav,natural sound/5_10524.wav,train
poaching,/Users/guidegiegg/งาน/โปรเจคเล็กๆ/PrePair_Sound/forest_sound_dataset/poaching/5C50ED28_68ef48037b-945b-4e0b-be04-d733235595dd4c8a133a-7e91-47ea-acc1-5aa7b2be17e37893b308-aa34-4735-b590-35c52e7c4a73.WAV,poaching/5C50ED28_68ef48037b-945b-4e0b-be04-d733235595dd4c8a133a-7e91-47ea-acc1-5aa7b2be17e37893b308-aa34-4735-b590-35c52e7c4a73.WAV,train
natural sound,/Users/guidegiegg/งาน/โปรเจคเล็กๆ/PrePair_Sound/forest_sound_dataset/natural sound/22_12245.wav,natural sound/22_12245.wav,train
logging,/Users/guidegiegg/งาน/โปรเจคเล็กๆ/PrePair_Sound/forest_sound_dataset/logging/10_11029.wav,logging/10_11029.wav,train
natural sound,/Users/guidegiegg/งาน/โปรเจคเล็กๆ/PrePair_Sound/forest_sound_dataset/natural sound/4_10456.wav,natural sound/4_10456.wav,train
poaching,/Users/guidegiegg/งาน/โปรเจคเล็กๆ/PrePair_Sound/forest_sound_dataset/poaching/15_11507.wav,poaching/15_11507.wav,train
natural sound,/Users/guidegiegg/งาน/โปรเจคเล็กๆ/PrePair_Sound/forest_sound_dataset/natural sound/26_12610.wav,natural sound/26_12610.wav,train
logging,/Users/guidegiegg/งาน/โปรเจคเล็กๆ/PrePair_Sound/forest_sound_dataset/logging/7_10753.wav,logging/7_10753.wav,train
natural sound,/Users/guidegiegg/งาน/โปรเจคเล็กๆ/PrePair_Sound/forest_sound_dataset/natural sound/27_12745.wav,natural sound/27_12745.wav,train
natural sound,/Users/guidegiegg/งาน/โปรเจคเล็กๆ/PrePair_Sound/forest_sound_dataset/natural sound/if_necessary/20_12058.wav,natural sound/if_necessary/20_12058.wav,train
poaching,/Users/guidegiegg/งาน/โปรเจคเล็กๆ/PrePair_Sound/forest_sound_dataset/poaching/5C2D6348_5ffcb984b-8190-4618-b979-561f859135e22d010bdc-acf7-48d8-a19f-0dbfcfaf1686f18c73cb-8c88-4355-a358-1bc866626ba6.WAV,poaching/5C2D6348_5ffcb984b-8190-4618-b979-561f859135e22d010bdc-acf7-48d8-a19f-0dbfcfaf1686f18c73cb-8c88-4355-a358-1bc866626ba6.WAV,train
poaching,/Users/guidegiegg/งาน/โปรเจคเล็กๆ/PrePair_Sound/forest_sound_dataset/poaching/5B0AFA51_4e935b106-d5af-4aac-a0bd-0ca416633275ec86621c-c7d8-4c03-9f7b-21e3e7e457006e0ebe11-7610-465b-9485-8b38209c0f59.WAV,poaching/5B0AFA51_4e935b106-d5af-4aac-a0bd-0ca416633275ec86621c-c7d8-4c03-9f7b-21e3e7e457006e0ebe11-7610-465b-9485-8b38209c0f59.WAV,train
natural sound,/Users/guidegiegg/งาน/โปรเจคเล็กๆ/PrePair_Sound/forest_sound_dataset/natural sound/4_10403.wav,natural sound/4_10403.wav,train
logging,/Users/guidegiegg/งาน/โปรเจคเล็กๆ/PrePair_Sound/forest_sound_dataset/logging/1-47250-B-41.wav,logging/1-47250-B-41.wav,train
natural sound,/Users/guidegiegg/งาน/โปรเจคเล็กๆ/PrePair_Sound/forest_sound_dataset/natural sound/if_necessary/18_11868.wav,natural sound/if_necessary/18_11868.wav,train
natural sound,/Users/guidegiegg/งาน/โปรเจคเล็กๆ/PrePair_Sound/forest_sound_dataset/natural sound/24_12444.wav,natural sound/24_12444.wav,train
natural sound,/Users/guidegiegg/งาน/โปรเจคเล็กๆ/PrePair_Sound/forest_sound_dataset/natural sound/4_10410.wav,natural sound/4_10410.wav,train
natural sound,/Users/guidegiegg/งาน/โปรเจคเล็กๆ/PrePair_Sound/forest_sound_dataset/natural sound/6_10614.wav,natural sound/6_10614.wav,train
natural sound,/Users/guidegiegg/งาน/โปรเจคเล็กๆ/PrePair_Sound/forest_sound_dataset/natural sound/27_12717.wav,natural sound/27_12717.wav,train
logging,/Users/guidegiegg/งาน/โปรเจคเล็กๆ/PrePair_Sound/forest_sound_dataset/logging/7_10754.wav,logging/7_10754.wav,train
poaching,/Users/guidegiegg/งาน/โปรเจคเล็กๆ/PrePair_Sound/forest_sound_dataset/poaching/14_11419.wav,poaching/14_11419.wav,train
natural sound,/Users/guidegiegg/งาน/โปรเจคเล็กๆ/PrePair_Sound/forest_sound_dataset/natural sound/22_12206.wav,natural sound/22_12206.wav,train
natural sound,/Users/guidegiegg/งาน/โปรเจคเล็กๆ/PrePair_Sound/forest_sound_dataset/natural sound/9_10954.wav,natural sound/9_10954.wav,train
natural sound,/Users/guidegiegg/งาน/โปรเจคเล็กๆ/PrePair_Sound/forest_sound_dataset/natural sound/3_10372.wav,natural sound/3_10372.wav,train
logging,/Users/guidegiegg/งาน/โปรเจคเล็กๆ/PrePair_Sound/forest_sound_dataset/logging/7_10744.wav,logging/7_10744.wav,train
fire,/Users/guidegiegg/งาน/โปรเจคเล็กๆ/PrePair_Sound/forest_sound_dataset/fire/1_10110.wav,fire/1_10110.wav,train
fire,/Users/guidegiegg/งาน/โปรเจคเล็กๆ/PrePair_Sound/forest_sound_dataset/fire/videoplayback_41.wav,fire/videoplayback_41.wav,train
poaching,/Users/guidegiegg/งาน/โปรเจคเล็กๆ/PrePair_Sound/forest_sound_dataset/poaching/15_11557.wav,poaching/15_11557.wav,train
poaching,/Users/guidegiegg/งาน/โปรเจคเล็กๆ/PrePair_Sound/forest_sound_dataset/poaching/New folder/sig-p225_009_SA_190C_S05.wav,poaching/New folder/sig-p225_009_SA_190C_S05.wav,train
poaching,/Users/guidegiegg/งาน/โปรเจคเล็กๆ/PrePair_Sound/forest_sound_dataset/poaching/5B47DB10_25444df178-af5d-4b79-9ef1-a0a4fc2b16945a509a70-170d-43e2-9aa5-843e61ad7c220cf5b449-0fc6-4243-ac7e-2970d9e78fd9.WAV,poaching/5B47DB10_25444df178-af5d-4b79-9ef1-a0a4fc2b16945a509a70-170d-43e2-9aa5-843e61ad7c220cf5b449-0fc6-4243-ac7e-2970d9e78fd9.WAV,train
logging,/Users/guidegiegg/งาน/โปรเจคเล็กๆ/PrePair_Sound/forest_sound_dataset/logging/16_11642.wav,logging/16_11642.wav,train
natural sound,/Users/guidegiegg/งาน/โปรเจคเล็กๆ/PrePair_Sound/forest_sound_dataset/natural sound/if_necessary/18_11840.wav,natural sound/if_necessary/18_11840.wav,train
logging,/Users/guidegiegg/งาน/โปรเจคเล็กๆ/PrePair_Sound/forest_sound_dataset/logging/16_11662.wav,logging/16_11662.wav,train
natural sound,/Users/guidegiegg/งาน/โปรเจคเล็กๆ/PrePair_Sound/forest_sound_dataset/natural sound/24_12430.wav,natural sound/24_12430.wav,train
logging,/Users/guidegiegg/งาน/โปรเจคเล็กๆ/PrePair_Sound/forest_sound_dataset/logging/4-169127-A-41.wav,logging/4-169127-A-41.wav,train
natural sound,/Users/guidegiegg/งาน/โปรเจคเล็กๆ/PrePair_Sound/forest_sound_dataset/natural sound/22_12204.wav,natural sound/22_12204.wav,train
natural sound,/Users/guidegiegg/งาน/โปรเจคเล็กๆ/PrePair_Sound/forest_sound_dataset/natural sound/3_10302.wav,natural sound/3_10302.wav,train
natural sound,/Users/guidegiegg/งาน/โปรเจคเล็กๆ/PrePair_Sound/forest_sound_dataset/natural sound/27_12767.wav,natural sound/27_12767.wav,train
fire,/Users/guidegiegg/งาน/โปรเจคเล็กๆ/PrePair_Sound/forest_sound_dataset/fire/1_10165.wav,fire/1_10165.wav,train
poaching,/Users/guidegiegg/งาน/โปรเจคเล็กๆ/PrePair_Sound/forest_sound_dataset/poaching/58FBC603b9d3725c-a22b-42fa-8375-a0bc7318c5eb.WAV,poaching/58FBC603b9d3725c-a22b-42fa-8375-a0bc7318c5eb.WAV,train
logging,/Users/guidegiegg/งาน/โปรเจคเล็กๆ/PrePair_Sound/forest_sound_dataset/logging/10_11001.wav,logging/10_11001.wav,train
natural sound,/Users/guidegiegg/งาน/โปรเจคเล็กๆ/PrePair_Sound/forest_sound_dataset/natural sound/3_10336.wav,natural sound/3_10336.wav,train
natural sound,/Users/guidegiegg/งาน/โปรเจคเล็กๆ/PrePair_Sound/forest_sound_dataset/natural sound/23_12371.wav,natural sound/23_12371.wav,train
fire,/Users/guidegiegg/งาน/โปรเจคเล็กๆ/PrePair_Sound/forest_sound_dataset/fire/4-171207-A-12.wav,fire/4-171207-A-12.wav,train
natural sound,/Users/guidegiegg/งาน/โปรเจคเล็กๆ/PrePair_Sound/forest_sound_dataset/natural sound/26_12674.wav,natural sound/26_12674.wav,train
natural sound,/Users/guidegiegg/งาน/โปรเจคเล็กๆ/PrePair_Sound/forest_sound_dataset/natural sound/2_10226.wav,natural sound/2_10226.wav,train
natural sound,/Users/guidegiegg/งาน/โปรเจคเล็กๆ/PrePair_Sound/forest_sound_dataset/natural sound/if_necessary/17_11746.wav,natural sound/if_necessary/17_11746.wav,train
natural sound,/Users/guidegiegg/งาน/โปรเจคเล็กๆ/PrePair_Sound/forest_sound_dataset/natural sound/24_12422.wav,natural sound/24_12422.wav,train
natural sound,/Users/guidegiegg/งาน/โปรเจคเล็กๆ/PrePair_Sound/forest_sound_dataset/natural sound/3_10309.wav,natural sound/3_10309.wav,train
natural sound,/Users/guidegiegg/งาน/โปรเจคเล็กๆ/PrePair_Sound/forest_sound_dataset/natural sound/26_12652.wav,natural sound/26_12652.wav,train
natural sound,/Users/guidegiegg/งาน/โปรเจคเล็กๆ/PrePair_Sound/forest_sound_dataset/natural sound/21_12124.wav,natural sound/21_12124.wav,train
natural sound,/Users/guidegiegg/งาน/โปรเจคเล็กๆ/PrePair_Sound/forest_sound_dataset/natural sound/22_12273.wav,natural sound/22_12273.wav,train
poaching,/Users/guidegiegg/งาน/โปรเจคเล็กๆ/PrePair_Sound/forest_sound_dataset/poaching/15_11554.wav,poaching/15_11554.wav,train
natural sound,/Users/guidegiegg/งาน/โปรเจคเล็กๆ/PrePair_Sound/forest_sound_dataset/natural sound/if_necessary/18_11822.wav,natural sound/if_necessary/18_11822.wav,train
natural sound,/Users/guidegiegg/งาน/โปรเจคเล็กๆ/PrePair_Sound/forest_sound_dataset/natural sound/25_12542.wav,natural sound/25_12542.wav,train
natural sound,/Users/guidegiegg/งาน/โปรเจคเล็กๆ/PrePair_Sound/forest_sound_dataset/natural sound/9_10901.wav,natural sound/9_10901.wav,train
natural sound,/Users/guidegiegg/งาน/โปรเจคเล็กๆ/PrePair_Sound/forest_sound_dataset/natural sound/24_12453.wav,natural sound/24_12453.wav,train
natural sound,/Users/guidegiegg/งาน/โปรเจคเล็กๆ/PrePair_Sound/forest_sound_dataset/natural sound/if_necessary/17_11770.wav,natural sound/if_necessary/17_11770.wav,train
poaching,/Users/guidegiegg/งาน/โปรเจคเล็กๆ/PrePair_Sound/forest_sound_dataset/poaching/14_11472.wav,poaching/14_11472.wav,train
natural sound,/Users/guidegiegg/งาน/โปรเจคเล็กๆ/PrePair_Sound/forest_sound_dataset/natural sound/23_12349.wav,natural sound/23_12349.wav,train
poaching,/Users/guidegiegg/งาน/โปรเจคเล็กๆ/PrePair_Sound/forest_sound_dataset/poaching/15_11556.wav,poaching/15_11556.wav,train
natural sound,/Users/guidegiegg/งาน/โปรเจคเล็กๆ/PrePair_Sound/forest_sound_dataset/natural sound/if_necessary/19_11916.wav,natural sound/if_necessary/19_11916.wav,train
poaching,/Users/guidegiegg/งาน/โปรเจคเล็กๆ/PrePair_Sound/forest_sound_dataset/poaching/58FFB61186b6bbce-e4a5-47dd-9d69-34dac0334a8b.WAV,poaching/58FFB61186b6bbce-e4a5-47dd-9d69-34dac0334a8b.WAV,train
logging,/Users/guidegiegg/งาน/โปรเจคเล็กๆ/PrePair_Sound/forest_sound_dataset/logging/7_10756.wav,logging/7_10756.wav,train
poaching,/Users/guidegiegg/งาน/โปรเจคเล็กๆ/PrePair_Sound/forest_sound_dataset/poaching/14_11403.wav,poaching/14_11403.wav,train
logging,/Users/guidegiegg/งาน/โปรเจคเล็กๆ/PrePair_Sound/forest_sound_dataset/logging/11_11130.wav,logging/11_11130.wav,train
logging,/Users/guidegiegg/งาน/โปรเจคเล็กๆ/PrePair_Sound/forest_sound_dataset/logging/16_11611.wav,logging/16_11611.wav,train
logging,/Users/guidegiegg/งาน/โปรเจคเล็กๆ/PrePair_Sound/forest_sound_dataset/logging/10_11002.wav,logging/10_11002.wav,train
poaching,/Users/guidegiegg/งาน/โปรเจคเล็กๆ/PrePair_Sound/forest_sound_dataset/poaching/5BE215DB_43a47617fb-4677-4672-a971-63036097c81c60018bd8-6fea-4c03-9a38-bfc2c0ac163077c439b8-9145-4293-b3c7-fa7004d6449d.WAV,poaching/5BE215DB_43a47617fb-4677-4672-a971-63036097c81c60018bd8-6fea-4c03-9a38-bfc2c0ac163077c439b8-9145-4293-b3c7-fa7004d6449d.WAV,train
fire,/Users/guidegiegg/งาน/โปรเจคเล็กๆ/PrePair_Sound/forest_sound_dataset/fire/y2mate.com - DD Ambience  Building on Fire  Blaze Inferno Wood Cracking Collapsing Loud Stressing_20.wav,fire/y2mate.com - DD Ambience  Building on Fire  Blaze Inferno Wood Cracking Collapsing Loud Stressing_20.wav,train
logging,/Users/guidegiegg/งาน/โปรเจคเล็กๆ/PrePair_Sound/forest_sound_dataset/logging/16_11614.wav,logging/16_11614.wav,train
natural sound,/Users/guidegiegg/งาน/โปรเจคเล็กๆ/PrePair_Sound/forest_sound_dataset/natural sound/5_10525.wav,natural sound/5_10525.wav,train
logging,/Users/guidegiegg/งาน/โปรเจคเล็กๆ/PrePair_Sound/forest_sound_dataset/logging/7_10759.wav,logging/7_10759.wav,train
poaching,/Users/guidegiegg/งาน/โปรเจคเล็กๆ/PrePair_Sound/forest_sound_dataset/poaching/5BE215D6_4142418351-1159-4d3b-9644-04aa53cf1e5b8171c469-a01a-4d66-8fc4-ef98f26984b5a9d1e3cf-bb19-4392-a892-99d32fee0fa9.WAV,poaching/5BE215D6_4142418351-1159-4d3b-9644-04aa53cf1e5b8171c469-a01a-4d66-8fc4-ef98f26984b5a9d1e3cf-bb19-4392-a892-99d32fee0fa9.WAV,train
fire,/Users/guidegiegg/งาน/โปรเจคเล็กๆ/PrePair_Sound/forest_sound_dataset/fire/y2mate.com - DD Ambience  Building on Fire  Blaze Inferno Wood Cracking Collapsing Loud Stressing_1_11.wav,fire/y2mate.com - DD Ambience  Building on Fire  Blaze Inferno Wood Cracking Collapsing Loud Stressing_1_11.wav,train
natural sound,/Users/guidegiegg/งาน/โปรเจคเล็กๆ/PrePair_Sound/forest_sound_dataset/natural sound/8_10858.wav,natural sound/8_10858.wav,train
fire,/Users/guidegiegg/งาน/โปรเจคเล็กๆ/PrePair_Sound/forest_sound_dataset/fire/y2mate.com - DD Ambience  Building on Fire  Blaze Inferno Wood Cracking Collapsing Loud Stressing_1_47.wav,fire/y2mate.com - DD Ambience  Building on Fire  Blaze Inferno Wood Cracking Collapsing Loud Stressing_1_47.wav,train
logging,/Users/guidegiegg/งาน/โปรเจคเล็กๆ/PrePair_Sound/forest_sound_dataset/logging/1-47250-A-41.wav,logging/1-47250-A-41.wav,train
natural sound,/Users/guidegiegg/งาน/โปรเจคเล็กๆ/PrePair_Sound/forest_sound_dataset/natural sound/5_10550.wav,natural sound/5_10550.wav,train
natural sound,/Users/guidegiegg/งาน/โปรเจคเล็กๆ/PrePair_Sound/forest_sound_dataset/natural sound/2_10254.wav,natural sound/2_10254.wav,train
natural sound,/Users/guidegiegg/งาน/โปรเจคเล็กๆ/PrePair_Sound/forest_sound_dataset/natural sound/21_12117.wav,natural sound/21_12117.wav,train
natural sound,/Users/guidegiegg/งาน/โปรเจคเล็กๆ/PrePair_Sound/forest_sound_dataset/natural sound/8_10840.wav,natural sound/8_10840.wav,train
fire,/Users/guidegiegg/งาน/โปรเจคเล็กๆ/PrePair_Sound/forest_sound_dataset/fire/y2mate.com - DD Ambience  Building on Fire  Blaze Inferno Wood Cracking Collapsing Loud Stressing_1_21.wav,fire/y2mate.com - DD Ambience  Building on Fire  Blaze Inferno Wood Cracking Collapsing Loud Stressing_1_21.wav,train
fire,/Users/guidegiegg/งาน/โปรเจคเล็กๆ/PrePair_Sound/forest_sound_dataset/fire/y2mate.com - DD Ambience  Building on Fire  Blaze Inferno Wood Cracking Collapsing Loud Stressing_49.wav,fire/y2mate.com - DD Ambience  Building on Fire  Blaze Inferno Wood Cracking Collapsing Loud Stressing_49.wav,train
natural sound,/Users/guidegiegg/งาน/โปรเจคเล็กๆ/PrePair_Sound/forest_sound_dataset/natural sound/if_necessary/17_11736.wav,natural sound/if_necessary/17_11736.wav,train
natural sound,/Users/guidegiegg/งาน/โปรเจคเล็กๆ/PrePair_Sound/forest_sound_dataset/natural sound/22_12220.wav,natural sound/22_12220.wav,train
natural sound,/Users/guidegiegg/งาน/โปรเจคเล็กๆ/PrePair_Sound/forest_sound_dataset/natural sound/5_10569.wav,natural sound/5_10569.wav,train
poaching,/Users/guidegiegg/งาน/โปรเจคเล็กๆ/PrePair_Sound/forest_sound_dataset/poaching/601B14D0.WAV,poaching/601B14D0.WAV,train
natural sound,/Users/guidegiegg/งาน/โปรเจคเล็กๆ/PrePair_Sound/forest_sound_dataset/natural sound/if_necessary/19_11921.wav,natural sound/if_necessary/19_11921.wav,train
fire,/Users/guidegiegg/งาน/โปรเจคเล็กๆ/PrePair_Sound/forest_sound_dataset/fire/videoplayback_48.wav,fire/videoplayback_48.wav,train
poaching,/Users/guidegiegg/งาน/โปรเจคเล็กๆ/PrePair_Sound/forest_sound_dataset/poaching/5C2D631B_120227b85c-a198-41d4-ad36-914063ac336bce03043d-1592-46b2-a9ec-2d3bfa1354986fb6ab27-2fec-433a-b613-7ec3fc1dd6d8.WAV,poaching/5C2D631B_120227b85c-a198-41d4-ad36-914063ac336bce03043d-1592-46b2-a9ec-2d3bfa1354986fb6ab27-2fec-433a-b613-7ec3fc1dd6d8.WAV,train
natural sound,/Users/guidegiegg/งาน/โปรเจคเล็กๆ/PrePair_Sound/forest_sound_dataset/natural sound/21_12163.wav,natural sound/21_12163.wav,train
natural sound,/Users/guidegiegg/งาน/โปรเจคเล็กๆ/PrePair_Sound/forest_sound_dataset/natural sound/24_12419.wav,natural sound/24_12419.wav,train
natural sound,/Users/guidegiegg/งาน/โปรเจคเล็กๆ/PrePair_Sound/forest_sound_dataset/natural sound/8_10809.wav,natural sound/8_10809.wav,train
fire,/Users/guidegiegg/งาน/โปรเจคเล็กๆ/PrePair_Sound/forest_sound_dataset/fire/y2mate.com - DD Ambience  Building on Fire  Blaze Inferno Wood Cracking Collapsing Loud Stressing_1_07.wav,fire/y2mate.com - DD Ambience  Building on Fire  Blaze Inferno Wood Cracking Collapsing Loud Stressing_1_07.wav,train
logging,/Users/guidegiegg/งาน/โปรเจคเล็กๆ/PrePair_Sound/forest_sound_dataset/logging/7_10740.wav,logging/7_10740.wav,train
logging,/Users/guidegiegg/งาน/โปรเจคเล็กๆ/PrePair_Sound/forest_sound_dataset/logging/11_11137.wav,logging/11_11137.wav,train
natural sound,/Users/guidegiegg/งาน/โปรเจคเล็กๆ/PrePair_Sound/forest_sound_dataset/natural sound/4_10432.wav,natural sound/4_10432.wav,train
poaching,/Users/guidegiegg/งาน/โปรเจคเล็กๆ/PrePair_Sound/forest_sound_dataset/poaching/New folder/m16_023_SA_117B_S05.wav,poaching/New folder/m16_023_SA_117B_S05.wav,train
logging,/Users/guidegiegg/งาน/โปรเจคเล็กๆ/PrePair_Sound/forest_sound_dataset/logging/13_11343.wav,logging/13_11343.wav,train
logging,/Users/guidegiegg/งาน/โปรเจคเล็กๆ/PrePair_Sound/forest_sound_dataset/logging/11_11123.wav,logging/11_11123.wav,train
logging,/Users/guidegiegg/งาน/โปรเจคเล็กๆ/PrePair_Sound/forest_sound_dataset/logging/16_11668.wav,logging/16_11668.wav,train
natural sound,/Users/guidegiegg/งาน/โปรเจคเล็กๆ/PrePair_Sound/forest_sound_dataset/natural sound/if_necessary/20_12038.wav,natural sound/if_necessary/20_12038.wav,train
natural sound,/Users/guidegiegg/งาน/โปรเจคเล็กๆ/PrePair_Sound/forest_sound_dataset/natural sound/if_necessary/17_11727.wav,natural sound/if_necessary/17_11727.wav,train
natural sound,/Users/guidegiegg/งาน/โปรเจคเล็กๆ/PrePair_Sound/forest_sound_dataset/natural sound/if_necessary/17_11750.wav,natural sound/if_necessary/17_11750.wav,train
poaching,/Users/guidegiegg/งาน/โปรเจคเล็กๆ/PrePair_Sound/forest_sound_dataset/poaching/New folder/winchester-m14_008_SA_099B_S04.wav,poaching/New folder/winchester-m14_008_SA_099B_S04.wav,train
natural sound,/Users/guidegiegg/งาน/โปรเจคเล็กๆ/PrePair_Sound/forest_sound_dataset/natural sound/if_necessary/17_11769.wav,natural sound/if_necessary/17_11769.wav,train
fire,/Users/guidegiegg/งาน/โปรเจคเล็กๆ/PrePair_Sound/forest_sound_dataset/fire/5-193473-A-12.wav,fire/5-193473-A-12.wav,train
logging,/Users/guidegiegg/งาน/โปรเจคเล็กๆ/PrePair_Sound/forest_sound_dataset/logging/11_11172.wav,logging/11_11172.wav,train
fire,/Users/guidegiegg/งาน/โปรเจคเล็กๆ/PrePair_Sound/forest_sound_dataset/fire/3-157187-A-12.wav,fire/3-157187-A-12.wav,train
natural sound,/Users/guidegiegg/งาน/โปรเจคเล็กๆ/PrePair_Sound/forest_sound_dataset/natural sound/6_10647.wav,natural sound/6_10647.wav,train
natural sound,/Users/guidegiegg/งาน/โปรเจคเล็กๆ/PrePair_Sound/forest_sound_dataset/natural sound/if_necessary/19_11912.wav,natural sound/if_necessary/19_11912.wav,train
fire,/Users/guidegiegg/งาน/โปรเจคเล็กๆ/PrePair_Sound/forest_sound_dataset/fire/1_10159.wav,fire/1_10159.wav,train
poaching,/Users/guidegiegg/งาน/โปรเจคเล็กๆ/PrePair_Sound/forest_sound_dataset/poaching/New folder/glock_012_d5b6bac9-c996-4955-a13d-9cb19e5b372a_chan1_v0.wav,poaching/New folder/glock_012_d5b6bac9-c996-4955-a13d-9cb19e5b372a_chan1_v0.wav,train
natural sound,/Users/guidegiegg/งาน/โปรเจคเล็กๆ/PrePair_Sound/forest_sound_dataset/natural sound/6_10624.wav,natural sound/6_10624.wav,train
natural sound,/Users/guidegiegg/งาน/โปรเจคเล็กๆ/PrePair_Sound/forest_sound_dataset/natural sound/if_necessary/17_11766.wav,natural sound/if_necessary/17_11766.wav,train
natural sound,/Users/guidegiegg/งาน/โปรเจคเล็กๆ/PrePair_Sound/forest_sound_dataset/natural sound/5_10536.wav,natural sound/5_10536.wav,train
natural sound,/Users/guidegiegg/งาน/โปรเจคเล็กๆ/PrePair_Sound/forest_sound_dataset/natural sound/4_10416.wav,natural sound/4_10416.wav,train
natural sound,/Users/guidegiegg/งาน/โปรเจคเล็กๆ/PrePair_Sound/forest_sound_dataset/natural sound/3_10364.wav,natural sound/3_10364.wav,train
natural sound,/Users/guidegiegg/งาน/โปรเจคเล็กๆ/PrePair_Sound/forest_sound_dataset/natural sound/if_necessary/17_11741.wav,natural sound/if_necessary/17_11741.wav,train
natural sound,/Users/guidegiegg/งาน/โปรเจคเล็กๆ/PrePair_Sound/forest_sound_dataset/natural sound/23_12340.wav,natural sound/23_12340.wav,train
natural sound,/Users/guidegiegg/งาน/โปรเจคเล็กๆ/PrePair_Sound/forest_sound_dataset/natural sound/21_12118.wav,natural sound/21_12118.wav,train
fire,/Users/guidegiegg/งาน/โปรเจคเล็กๆ/PrePair_Sound/forest_sound_dataset/fire/1_10161.wav,fire/1_10161.wav,train
natural sound,/Users/guidegiegg/งาน/โปรเจคเล็กๆ/PrePair_Sound/forest_sound_dataset/natural sound/8_10811.wav,natural sound/8_10811.wav,train
poaching,/Users/guidegiegg/งาน/โปรเจคเล็กๆ/PrePair_Sound/forest_sound_dataset/poaching/5C2D6347_14d14c42ae-e050-4199-8b62-ed25f88af5f2faeb2bfc-56fc-445e-91ff-b09fe4556ecbd6f8f94a-a2c2-4d81-8d6d-f80692e5383e.WAV,poaching/5C2D6347_14d14c42ae-e050-4199-8b62-ed25f88af5f2faeb2bfc-56fc-445e-91ff-b09fe4556ecbd6f8f94a-a2c2-4d81-8d6d-f80692e5383e.WAV,train
natural sound,/Users/guidegiegg/งาน/โปรเจคเล็กๆ/PrePair_Sound/forest_sound_dataset/natural sound/if_necessary/18_11811.wav,natural sound/if_necessary/18_11811.wav,train
natural sound,/Users/guidegiegg/งาน/โปรเจคเล็กๆ/PrePair_Sound/forest_sound_dataset/natural sound/23_12313.wav,natural sound/23_12313.wav,train
natural sound,/Users/guidegiegg/งาน/โปรเจคเล็กๆ/PrePair_Sound/forest_sound_dataset/natural sound/6_10665.wav,natural sound/6_10665.wav,train
fire,/Users/guidegiegg/งาน/โปรเจคเล็กๆ/PrePair_Sound/forest_sound_dataset/fire/videoplayback_16.wav,fire/videoplayback_16.wav,train
natural sound,/Users/guidegiegg/งาน/โปรเจคเล็กๆ/PrePair_Sound/forest_sound_dataset/natural sound/9_10940.wav,natural sound/9_10940.wav,train
natural sound,/Users/guidegiegg/งาน/โปรเจคเล็กๆ/PrePair_Sound/forest_sound_dataset/natural sound/9_10953.wav,natural sound/9_10953.wav,train
poaching,/Users/guidegiegg/งาน/โปรเจคเล็กๆ/PrePair_Sound/forest_sound_dataset/poaching/58FBDB80a00587fe-1eff-4523-b029-0648bf259b4c.WAV,poaching/58FBDB80a00587fe-1eff-4523-b029-0648bf259b4c.WAV,train
fire,/Users/guidegiegg/งาน/โปรเจคเล็กๆ/PrePair_Sound/forest_sound_dataset/fire/y2mate.com - DD Ambience  Building on Fire  Blaze Inferno Wood Cracking Collapsing Loud Stressing_57.wav,fire/y2mate.com - DD Ambience  Building on Fire  Blaze Inferno Wood Cracking Collapsing Loud Stressing_57.wav,train
fire,/Users/guidegiegg/งาน/โปรเจคเล็กๆ/PrePair_Sound/forest_sound_dataset/fire/y2mate.com - DD Ambience  Building on Fire  Blaze Inferno Wood Cracking Collapsing Loud Stressing_1_60.wav,fire/y2mate.com - DD Ambience  Building on Fire  Blaze Inferno Wood Cracking Collapsing Loud Stressing_1_60.wav,train
logging,/Users/guidegiegg/งาน/โปรเจคเล็กๆ/PrePair_Sound/forest_sound_dataset/logging/11_11119.wav,logging/11_11119.wav,train
natural sound,/Users/guidegiegg/งาน/โปรเจคเล็กๆ/PrePair_Sound/forest_sound_dataset/natural sound/23_12342.wav,natural sound/23_12342.wav,train
logging,/Users/guidegiegg/งาน/โปรเจคเล็กๆ/PrePair_Sound/forest_sound_dataset/logging/7_10725.wav,logging/7_10725.wav,train
natural sound,/Users/guidegiegg/งาน/โปรเจคเล็กๆ/PrePair_Sound/forest_sound_dataset/natural sound/21_12111.wav,natural sound/21_12111.wav,train
natural sound,/Users/guidegiegg/งาน/โปรเจคเล็กๆ/PrePair_Sound/forest_sound_dataset/natural sound/26_12623.wav,natural sound/26_12623.wav,train
natural sound,/Users/guidegiegg/งาน/โปรเจคเล็กๆ/PrePair_Sound/forest_sound_dataset/natural sound/26_12651.wav,natural sound/26_12651.wav,train
natural sound,/Users/guidegiegg/งาน/โปรเจคเล็กๆ/PrePair_Sound/forest_sound_dataset/natural sound/21_12120.wav,natural sound/21_12120.wav,train
natural sound,/Users/guidegiegg/งาน/โปรเจคเล็กๆ/PrePair_Sound/forest_sound_dataset/natural sound/21_12125.wav,natural sound/21_12125.wav,train
fire,/Users/guidegiegg/งาน/โปรเจคเล็กๆ/PrePair_Sound/forest_sound_dataset/fire/1_10111.wav,fire/1_10111.wav,train
natural sound,/Users/guidegiegg/งาน/โปรเจคเล็กๆ/PrePair_Sound/forest_sound_dataset/natural sound/if_necessary/18_11853.wav,natural sound/if_necessary/18_11853.wav,train
poaching,/Users/guidegiegg/งาน/โปรเจคเล็กๆ/PrePair_Sound/forest_sound_dataset/poaching/5C524B8F_722f91da9b-72d8-4569-a37b-518c073308d7763150d1-271f-4ecb-a264-6de30adcdbaac8ca1bac-c776-441e-87ca-af8d3d65781a.WAV,poaching/5C524B8F_722f91da9b-72d8-4569-a37b-518c073308d7763150d1-271f-4ecb-a264-6de30adcdbaac8ca1bac-c776-441e-87ca-af8d3d65781a.WAV,train
natural sound,/Users/guidegiegg/งาน/โปรเจคเล็กๆ/PrePair_Sound/forest_sound_dataset/natural sound/24_12452.wav,natural sound/24_12452.wav,train
logging,/Users/guidegiegg/งาน/โปรเจคเล็กๆ/PrePair_Sound/forest_sound_dataset/logging/10_11011.wav,logging/10_11011.wav,train
natural sound,/Users/guidegiegg/งาน/โปรเจคเล็กๆ/PrePair_Sound/forest_sound_dataset/natural sound/4_10443.wav,natural sound/4_10443.wav,train
fire,/Users/guidegiegg/งาน/โปรเจคเล็กๆ/PrePair_Sound/forest_sound_dataset/fire/1_10109.wav,fire/1_10109.wav,train
natural sound,/Users/guidegiegg/งาน/โปรเจคเล็กๆ/PrePair_Sound/forest_sound_dataset/natural sound/27_12766.wav,natural sound/27_12766.wav,train
logging,/Users/guidegiegg/งาน/โปรเจคเล็กๆ/PrePair_Sound/forest_sound_dataset/logging/7_10738.wav,logging/7_10738.wav,train
fire,/Users/guidegiegg/งาน/โปรเจคเล็กๆ/PrePair_Sound/forest_sound_dataset/fire/videoplayback_66.wav,fire/videoplayback_66.wav,train
fire,/Users/guidegiegg/งาน/โปรเจคเล็กๆ/PrePair_Sound/forest_sound_dataset/fire/y2mate.com - DD Ambience  Building on Fire  Blaze Inferno Wood Cracking Collapsing Loud Stressing_1_70.wav,fire/y2mate.com - DD Ambience  Building on Fire  Blaze Inferno Wood Cracking Collapsing Loud Stressing_1_70.wav,train
poaching,/Users/guidegiegg/งาน/โปรเจคเล็กๆ/PrePair_Sound/forest_sound_dataset/poaching/5AF0E36D_3c67ee66f-b676-42ae-ab93-fc5e774ce62e385cc1ff-8401-419f-98e7-efb79619213db623ca09-3bf8-4381-9390-b6eea6d9881f.WAV,poaching/5AF0E36D_3c67ee66f-b676-42ae-ab93-fc5e774ce62e385cc1ff-8401-419f-98e7-efb79619213db623ca09-3bf8-4381-9390-b6eea6d9881f.WAV,train
poaching,/Users/guidegiegg/งาน/โปรเจคเล็กๆ/PrePair_Sound/forest_sound_dataset/poaching/14_11410.wav,poaching/14_11410.wav,train
natural sound,/Users/guidegiegg/งาน/โปรเจคเล็กๆ/PrePair_Sound/forest_sound_dataset/natural sound/23_12327.wav,natural sound/23_12327.wav,train
logging,/Users/guidegiegg/งาน/โปรเจคเล็กๆ/PrePair_Sound/forest_sound_dataset/logging/11_11114.wav,logging/11_11114.wav,train
logging,/Users/guidegiegg/งาน/โปรเจคเล็กๆ/PrePair_Sound/forest_sound_dataset/logging/10_11019.wav,logging/10_11019.wav,train
fire,/Users/guidegiegg/งาน/โปรเจคเล็กๆ/PrePair_Sound/forest_sound_dataset/fire/videoplayback_59.wav,fire/videoplayback_59.wav,train
natural sound,/Users/guidegiegg/งาน/โปรเจคเล็กๆ/PrePair_Sound/forest_sound_dataset/natural sound/if_necessary/18_11848.wav,natural sound/if_necessary/18_11848.wav,train
poaching,/Users/guidegiegg/งาน/โปรเจคเล็กๆ/PrePair_Sound/forest_sound_dataset/poaching/58FBD38179708572-8467-4d8b-98d3-a171cbfae53b.WAV,poaching/58FBD38179708572-8467-4d8b-98d3-a171cbfae53b.WAV,train
natural sound,/Users/guidegiegg/งาน/โปรเจคเล็กๆ/PrePair_Sound/forest_sound_dataset/natural sound/2_10249.wav,natural sound/2_10249.wav,train
poaching,/Users/guidegiegg/งาน/โปรเจคเล็กๆ/PrePair_Sound/forest_sound_dataset/poaching/14_11461.wav,poaching/14_11461.wav,train
poaching,/Users/guidegiegg/งาน/โปรเจคเล็กๆ/PrePair_Sound/forest_sound_dataset/poaching/5BE2166E_45e8808c8c-2cb9-4106-96b7-1ae1c30d740cb6bfdad0-5825-4c4c-ae27-fd5e68e342634fb64612-0e39-4779-8bcd-8ca1853c3bb2.WAV,poaching/5BE2166E_45e8808c8c-2cb9-4106-96b7-1ae1c30d740cb6bfdad0-5825-4c4c-ae27-fd5e68e342634fb64612-0e39-4779-8bcd-8ca1853c3bb2.WAV,train
natural sound,/Users/guidegiegg/งาน/โปรเจคเล็กๆ/PrePair_Sound/forest_sound_dataset/natural sound/23_12321.wav,natural sound/23_12321.wav,train
natural sound,/Users/guidegiegg/งาน/โปรเจคเล็กๆ/PrePair_Sound/forest_sound_dataset/natural sound/6_10655.wav,natural sound/6_10655.wav,train
poaching,/Users/guidegiegg/งาน/โปรเจคเล็กๆ/PrePair_Sound/forest_sound_dataset/poaching/5C5A3E4E_78914920b2-6e3f-4633-8b85-7e603d50ed6caed21a24-c4ad-4de3-9765-5ff1c26857005136a5d5-21b7-44b0-932c-b7ab6852574a.WAV,poaching/5C5A3E4E_78914920b2-6e3f-4633-8b85-7e603d50ed6caed21a24-c4ad-4de3-9765-5ff1c26857005136a5d5-21b7-44b0-932c-b7ab6852574a.WAV,train
natural sound,/Users/guidegiegg/งาน/โปรเจคเล็กๆ/PrePair_Sound/forest_sound_dataset/natural sound/2_10264.wav,natural sound/2_10264.wav,train
natural sound,/Users/guidegiegg/งาน/โปรเจคเล็กๆ/PrePair_Sound/forest_sound_dataset/natural sound/5_10544.wav,natural sound/5_10544.wav,train
natural sound,/Users/guidegiegg/งาน/โปรเจคเล็กๆ/PrePair_Sound/forest_sound_dataset/natural sound/23_12305.wav,natural sound/23_12305.wav,train
natural sound,/Users/guidegiegg/งาน/โปรเจคเล็กๆ/PrePair_Sound/forest_sound_dataset/natural sound/22_12249.wav,natural sound/22_12249.wav,train
logging,/Users/guidegiegg/งาน/โปรเจคเล็กๆ/PrePair_Sound/forest_sound_dataset/logging/4-165823-B-41.wav,logging/4-165823-B-41.wav,train
logging,/Users/guidegiegg/งาน/โปรเจคเล็กๆ/PrePair_Sound/forest_sound_dataset/logging/13_11301.wav,logging/13_11301.wav,train
logging,/Users/guidegiegg/งาน/โปรเจคเล็กๆ/PrePair_Sound/forest_sound_dataset/logging/7_10718.wav,logging/7_10718.wav,train
poaching,/Users/guidegiegg/งาน/โปรเจคเล็กๆ/PrePair_Sound/forest_sound_dataset/poaching/14_11462.wav,poaching/14_11462.wav,train
natural sound,/Users/guidegiegg/งาน/โปรเจคเล็กๆ/PrePair_Sound/forest_sound_dataset/natural sound/26_12673.wav,natural sound/26_12673.wav,train
logging,/Users/guidegiegg/งาน/โปรเจคเล็กๆ/PrePair_Sound/forest_sound_dataset/logging/7_10739.wav,logging/7_10739.wav,train
logging,/Users/guidegiegg/งาน/โปรเจคเล็กๆ/PrePair_Sound/forest_sound_dataset/logging/5-171653-A-41.wav,logging/5-171653-A-41.wav,train
logging,/Users/guidegiegg/งาน/โปรเจคเล็กๆ/PrePair_Sound/forest_sound_dataset/logging/11_11116.wav,logging/11_11116.wav,train
fire,/Users/guidegiegg/งาน/โปรเจคเล็กๆ/PrePair_Sound/forest_sound_dataset/fire/videoplayback_29.wav,fire/videoplayback_29.wav,train
logging,/Users/guidegiegg/งาน/โปรเจคเล็กๆ/PrePair_Sound/forest_sound_dataset/logging/16_11617.wav,logging/16_11617.wav,train
fire,/Users/guidegiegg/งาน/โปรเจคเล็กๆ/PrePair_Sound/forest_sound_dataset/fire/y2mate.com - DD Ambience  Building on Fire  Blaze Inferno Wood Cracking Collapsing Loud Stressing_13.wav,fire/y2mate.com - DD Ambience  Building on Fire  Blaze Inferno Wood Cracking Collapsing Loud Stressing_13.wav,train
poaching,/Users/guidegiegg/งาน/โปรเจคเล็กๆ/PrePair_Sound/forest_sound_dataset/poaching/5B5B9CCB_30f359c3c6-9e23-4087-b377-1d4be50b4327b027b099-a6d7-436e-baca-b73e05cb734eb1933d79-bc3e-44c0-9164-da8d51957e90.WAV,poaching/5B5B9CCB_30f359c3c6-9e23-4087-b377-1d4be50b4327b027b099-a6d7-436e-baca-b73e05cb734eb1933d79-bc3e-44c0-9164-da8d51957e90.WAV,train
natural sound,/Users/guidegiegg/งาน/โปรเจคเล็กๆ/PrePair_Sound/forest_sound_dataset/natural sound/6_10637.wav,natural sound/6_10637.wav,train
logging,/Users/guidegiegg/งาน/โปรเจคเล็กๆ/PrePair_Sound/forest_sound_dataset/logging/10_11057.wav,logging/10_11057.wav,train
logging,/Users/guidegiegg/งาน/โปรเจคเล็กๆ/PrePair_Sound/forest_sound_dataset/logging/13_11302.wav,logging/13_11302.wav,train
fire,/Users/guidegiegg/งาน/โปรเจคเล็กๆ/PrePair_Sound/forest_sound_dataset/fire/5-189237-A-12.wav,fire/5-189237-A-12.wav,train
fire,/Users/guidegiegg/งาน/โปรเจคเล็กๆ/PrePair_Sound/forest_sound_dataset/fire/videoplayback_14.wav,fire/videoplayback_14.wav,train
natural sound,/Users/guidegiegg/งาน/โปรเจคเล็กๆ/PrePair_Sound/forest_sound_dataset/natural sound/if_necessary/20_12043.wav,natural sound/if_necessary/20_12043.wav,train
natural sound,/Users/guidegiegg/งาน/โปรเจคเล็กๆ/PrePair_Sound/forest_sound_dataset/natural sound/26_12670.wav,natural sound/26_12670.wav,train
logging,/Users/guidegiegg/งาน/โปรเจคเล็กๆ/PrePair_Sound/forest_sound_dataset/logging/7_10703.wav,logging/7_10703.wav,train
natural sound,/Users/guidegiegg/งาน/โปรเจคเล็กๆ/PrePair_Sound/forest_sound_dataset/natural sound/9_10960.wav,natural sound/9_10960.wav,train
poaching,/Users/guidegiegg/งาน/โปรเจคเล็กๆ/PrePair_Sound/forest_sound_dataset/poaching/5C4DACEB_82d4e39c36-5755-4b85-9cec-4de973455d331a1a68d8-8047-41ea-bece-e015b5afa215862c064a-1e9c-4fb6-95cd-55c8e86d2549.WAV,poaching/5C4DACEB_82d4e39c36-5755-4b85-9cec-4de973455d331a1a68d8-8047-41ea-bece-e015b5afa215862c064a-1e9c-4fb6-95cd-55c8e86d2549.WAV,train
natural sound,/Users/guidegiegg/งาน/โปรเจคเล็กๆ/PrePair_Sound/forest_sound_dataset/natural sound/if_necessary/18_11806.wav,natural sound/if_necessary/18_11806.wav,train
fire,/Users/guidegiegg/งาน/โปรเจคเล็กๆ/PrePair_Sound/forest_sound_dataset/fire/y2mate.com - DD Ambience  Building on Fire  Blaze Inferno Wood Cracking Collapsing Loud Stressing_37.wav,fire/y2mate.com - DD Ambience  Building on Fire  Blaze Inferno Wood Cracking Collapsing Loud Stressing_37.wav,train
natural sound,/Users/guidegiegg/งาน/โปรเจคเล็กๆ/PrePair_Sound/forest_sound_dataset/natural sound/25_12554.wav,natural sound/25_12554.wav,train
poaching,/Users/guidegiegg/งาน/โปรเจคเล็กๆ/PrePair_Sound/forest_sound_dataset/poaching/5C821040_8479cff22c-2187-4b56-bdbe-6f10e674aeb67eb7b65c-c9a7-44e6-bac9-0694c1de556c93852fdf-6191-4848-9f42-91ca643789c2.WAV,poaching/5C821040_8479cff22c-2187-4b56-bdbe-6f10e674aeb67eb7b65c-c9a7-44e6-bac9-0694c1de556c93852fdf-6191-4848-9f42-91ca643789c2.WAV,train
poaching,/Users/guidegiegg/งาน/โปรเจคเล็กๆ/PrePair_Sound/forest_sound_dataset/poaching/New folder/winchester-m14_009_SA_079B_S05.wav,poaching/New folder/winchester-m14_009_SA_079B_S05.wav,train
poaching,/Users/guidegiegg/งาน/โปรเจคเล็กๆ/PrePair_Sound/forest_sound_dataset/poaching/5AF8B8D4_1b0802444-9eef-4259-ace2-77756f7681c913431f2f-6b26-48f0-a9c5-952dd82a3c295f51358a-b450-4438-8a5d-0792f98d8830.WAV,poaching/5AF8B8D4_1b0802444-9eef-4259-ace2-77756f7681c913431f2f-6b26-48f0-a9c5-952dd82a3c295f51358a-b450-4438-8a5d-0792f98d8830.WAV,train
logging,/Users/guidegiegg/งาน/โปรเจคเล็กๆ/PrePair_Sound/forest_sound_dataset/logging/10_11041.wav,logging/10_11041.wav,train
natural sound,/Users/guidegiegg/งาน/โปรเจคเล็กๆ/PrePair_Sound/forest_sound_dataset/natural sound/5_10520.wav,natural sound/5_10520.wav,train
poaching,/Users/guidegiegg/งาน/โปรเจคเล็กๆ/PrePair_Sound/forest_sound_dataset/poaching/14_11423.wav,poaching/14_11423.wav,train
natural sound,/Users/guidegiegg/งาน/โปรเจคเล็กๆ/PrePair_Sound/forest_sound_dataset/natural sound/2_10209.wav,natural sound/2_10209.wav,train
natural sound,/Users/guidegiegg/งาน/โปรเจคเล็กๆ/PrePair_Sound/forest_sound_dataset/natural sound/24_12438.wav,natural sound/24_12438.wav,train
poaching,/Users/guidegiegg/งาน/โปรเจคเล็กๆ/PrePair_Sound/forest_sound_dataset/poaching/5BA35633_41b0fdbf58-7318-4411-b0b0-c9d111fc22a735960c13-bbfa-493a-acac-aaa9910726e70db3c17b-20c7-4ff9-9f82-128ffacf8674.WAV,poaching/5BA35633_41b0fdbf58-7318-4411-b0b0-c9d111fc22a735960c13-bbfa-493a-acac-aaa9910726e70db3c17b-20c7-4ff9-9f82-128ffacf8674.WAV,train
logging,/Users/guidegiegg/งาน/โปรเจคเล็กๆ/PrePair_Sound/forest_sound_dataset/logging/16_11660.wav,logging/16_11660.wav,train
natural sound,/Users/guidegiegg/งาน/โปรเจคเล็กๆ/PrePair_Sound/forest_sound_dataset/natural sound/2_10242.wav,natural sound/2_10242.wav,train
natural sound,/Users/guidegiegg/งาน/โปรเจคเล็กๆ/PrePair_Sound/forest_sound_dataset/natural sound/9_10966.wav,natural sound/9_10966.wav,train
poaching,/Users/guidegiegg/งาน/โปรเจคเล็กๆ/PrePair_Sound/forest_sound_dataset/poaching/14_11406.wav,poaching/14_11406.wav,train
poaching,/Users/guidegiegg/งาน/โปรเจคเล็กๆ/PrePair_Sound/forest_sound_dataset/poaching/5C2D6345_13c2dfc0fc-3574-46ef-98f3-4057565d6dd5393aaf83-b031-4ab0-939e-8dfb79942fd9472e3489-0bfb-4557-8ae4-01f13d17ca1e.WAV,poaching/5C2D6345_13c2dfc0fc-3574-46ef-98f3-4057565d6dd5393aaf83-b031-4ab0-939e-8dfb79942fd9472e3489-0bfb-4557-8ae4-01f13d17ca1e.WAV,train
poaching,/Users/guidegiegg/งาน/โปรเจคเล็กๆ/PrePair_Sound/forest_sound_dataset/poaching/15_11546.wav,poaching/15_11546.wav,train
logging,/Users/guidegiegg/งาน/โปรเจคเล็กๆ/PrePair_Sound/forest_sound_dataset/logging/10_11045.wav,logging/10_11045.wav,train
natural sound,/Users/guidegiegg/งาน/โปรเจคเล็กๆ/PrePair_Sound/forest_sound_dataset/natural sound/8_10837.wav,natural sound/8_10837.wav,train
poaching,/Users/guidegiegg/งาน/โปรเจคเล็กๆ/PrePair_Sound/forest_sound_dataset/poaching/58FBC542c464b71e-0a21-4090-bd0c-87b16889f5c0.WAV,poaching/58FBC542c464b71e-0a21-4090-bd0c-87b16889f5c0.WAV,train
natural sound,/Users/guidegiegg/งาน/โปรเจคเล็กๆ/PrePair_Sound/forest_sound_dataset/natural sound/26_12602.wav,natural sound/26_12602.wav,train
poaching,/Users/guidegiegg/งาน/โปรเจคเล็กๆ/PrePair_Sound/forest_sound_dataset/poaching/14_11454.wav,poaching/14_11454.wav,train
natural sound,/Users/guidegiegg/งาน/โปรเจคเล็กๆ/PrePair_Sound/forest_sound_dataset/natural sound/6_10632.wav,natural sound/6_10632.wav,train
poaching,/Users/guidegiegg/งาน/โปรเจคเล็กๆ/PrePair_Sound/forest_sound_dataset/poaching/5C1B62BC_50462e7146-ce26-42ca-b7cb-585ef12ded04595aa469-6ff0-4205-81e6-1d70305f761da2f8dd9c-4e77-4596-bcca-3d12822e87e7.WAV,poaching/5C1B62BC_50462e7146-ce26-42ca-b7cb-585ef12ded04595aa469-6ff0-4205-81e6-1d70305f761da2f8dd9c-4e77-4596-bcca-3d12822e87e7.WAV,train
poaching,/Users/guidegiegg/งาน/โปรเจคเล็กๆ/PrePair_Sound/forest_sound_dataset/poaching/New folder/sig-p225_006_SA_150A_S04.wav,poaching/New folder/sig-p225_006_SA_150A_S04.wav,train
poaching,/Users/guidegiegg/งาน/โปรเจคเล็กๆ/PrePair_Sound/forest_sound_dataset/poaching/5C5CF0C6_23aace2883-c6f9-4136-8154-2b150c02506ac16add9b-92c8-4804-94d5-46afbeadbd6ebad4d497-9346-4cbc-b238-4319ec75b7dd.WAV,poaching/5C5CF0C6_23aace2883-c6f9-4136-8154-2b150c02506ac16add9b-92c8-4804-94d5-46afbeadbd6ebad4d497-9346-4cbc-b238-4319ec75b7dd.WAV,train
natural sound,/Users/guidegiegg/งาน/โปรเจคเล็กๆ/PrePair_Sound/forest_sound_dataset/natural sound/23_12343.wav,natural sound/23_12343.wav,train
natural sound,/Users/guidegiegg/งาน/โปรเจคเล็กๆ/PrePair_Sound/forest_sound_dataset/natural sound/6_10615.wav,natural sound/6_10615.wav,train
natural sound,/Users/guidegiegg/งาน/โปรเจคเล็กๆ/PrePair_Sound/forest_sound_dataset/natural sound/if_necessary/19_11914.wav,natural sound/if_necessary/19_11914.wav,train
logging,/Users/guidegiegg/งาน/โปรเจคเล็กๆ/PrePair_Sound/forest_sound_dataset/logging/16_11652.wav,logging/16_11652.wav,train
natural sound,/Users/guidegiegg/งาน/โปรเจคเล็กๆ/PrePair_Sound/forest_sound_dataset/natural sound/if_necessary/17_11708.wav,natural sound/if_necessary/17_11708.wav,train
fire,/Users/guidegiegg/งาน/โปรเจคเล็กๆ/PrePair_Sound/forest_sound_dataset/fire/videoplayback_10.wav,fire/videoplayback_10.wav,train
natural sound,/Users/guidegiegg/งาน/โปรเจคเล็กๆ/PrePair_Sound/forest_sound_dataset/natural sound/23_12345.wav,natural sound/23_12345.wav,train
poaching,/Users/guidegiegg/งาน/โปรเจคเล็กๆ/PrePair_Sound/forest_sound_dataset/poaching/58FBDC0007d803bd-16e8-4f87-861f-653bc1d2e24c.WAV,poaching/58FBDC0007d803bd-16e8-4f87-861f-653bc1d2e24c.WAV,train
logging,/Users/guidegiegg/งาน/โปรเจคเล็กๆ/PrePair_Sound/forest_sound_dataset/logging/16_11602.wav,logging/16_11602.wav,train
logging,/Users/guidegiegg/งาน/โปรเจคเล็กๆ/PrePair_Sound/forest_sound_dataset/logging/10_11005.wav,logging/10_11005.wav,train
fire,/Users/guidegiegg/งาน/โปรเจคเล็กๆ/PrePair_Sound/forest_sound_dataset/fire/y2mate.com - DD Ambience  Building on Fire  Blaze Inferno Wood Cracking Collapsing Loud Stressing_22.wav,fire/y2mate.com - DD Ambience  Building on Fire  Blaze Inferno Wood Cracking Collapsing Loud Stressing_22.wav,train
poaching,/Users/guidegiegg/งาน/โปรเจคเล็กๆ/PrePair_Sound/forest_sound_dataset/poaching/5C5CF144_28d9f2a4b4-32c0-4ae5-b6d4-36070d1efdfa42439837-7d86-4d2b-a5b4-5907367c6944439268a2-b170-4a4e-8ff1-e79017a29761.WAV,poaching/5C5CF144_28d9f2a4b4-32c0-4ae5-b6d4-36070d1efdfa42439837-7d86-4d2b-a5b4-5907367c6944439268a2-b170-4a4e-8ff1-e79017a29761.WAV,train
fire,/Users/guidegiegg/งาน/โปรเจคเล็กๆ/PrePair_Sound/forest_sound_dataset/fire/y2mate.com - DD Ambience  Building on Fire  Blaze Inferno Wood Cracking Collapsing Loud Stressing_1_50.wav,fire/y2mate.com - DD Ambience  Building on Fire  Blaze Inferno Wood Cracking Collapsing Loud Stressing_1_50.wav,train
natural sound,/Users/guidegiegg/งาน/โปรเจคเล็กๆ/PrePair_Sound/forest_sound_dataset/natural sound/if_necessary/20_12056.wav,natural sound/if_necessary/20_12056.wav,train
logging,/Users/guidegiegg/งาน/โปรเจคเล็กๆ/PrePair_Sound/forest_sound_dataset/logging/10_11071.wav,logging/10_11071.wav,train
logging,/Users/guidegiegg/งาน/โปรเจคเล็กๆ/PrePair_Sound/forest_sound_dataset/logging/4-198360-C-49.wav,logging/4-198360-C-49.wav,train
fire,/Users/guidegiegg/งาน/โปรเจคเล็กๆ/PrePair_Sound/forest_sound_dataset/fire/1_10149.wav,fire/1_10149.wav,train
fire,/Users/guidegiegg/งาน/โปรเจคเล็กๆ/PrePair_Sound/forest_sound_dataset/fire/1_10139.wav,fire/1_10139.wav,train
logging,/Users/guidegiegg/งาน/โปรเจคเล็กๆ/PrePair_Sound/forest_sound_dataset/logging/7_10704.wav,logging/7_10704.wav,train
natural sound,/Users/guidegiegg/งาน/โปรเจคเล็กๆ/PrePair_Sound/forest_sound_dataset/natural sound/if_necessary/17_11757.wav,natural sound/if_necessary/17_11757.wav,train
natural sound,/Users/guidegiegg/งาน/โปรเจคเล็กๆ/PrePair_Sound/forest_sound_dataset/natural sound/3_10306.wav,natural sound/3_10306.wav,train
fire,/Users/guidegiegg/งาน/โปรเจคเล็กๆ/PrePair_Sound/forest_sound_dataset/fire/y2mate.com - DD Ambience  Building on Fire  Blaze Inferno Wood Cracking Collapsing Loud Stressing_1_40.wav,fire/y2mate.com - DD Ambience  Building on Fire  Blaze Inferno Wood Cracking Collapsing Loud Stressing_1_40.wav,train
logging,/Users/guidegiegg/งาน/โปรเจคเล็กๆ/PrePair_Sound/forest_sound_dataset/logging/10_11033.wav,logging/10_11033.wav,train
natural sound,/Users/guidegiegg/งาน/โปรเจคเล็กๆ/PrePair_Sound/forest_sound_dataset/natural sound/8_10815.wav,natural sound/8_10815.wav,train
natural sound,/Users/guidegiegg/งาน/โปรเจคเล็กๆ/PrePair_Sound/forest_sound_dataset/natural sound/9_10957.wav,natural sound/9_10957.wav,train
natural sound,/Users/guidegiegg/งาน/โปรเจคเล็กๆ/PrePair_Sound/forest_sound_dataset/natural sound/8_10808.wav,natural sound/8_10808.wav,train
natural sound,/Users/guidegiegg/งาน/โปรเจคเล็กๆ/PrePair_Sound/forest_sound_dataset/natural sound/27_12727.wav,natural sound/27_12727.wav,train
natural sound,/Users/guidegiegg/งาน/โปรเจคเล็กๆ/PrePair_Sound/forest_sound_dataset/natural sound/22_12214.wav,natural sound/22_12214.wav,train
natural sound,/Users/guidegiegg/งาน/โปรเจคเล็กๆ/PrePair_Sound/forest_sound_dataset/natural sound/9_10964.wav,natural sound/9_10964.wav,train
natural sound,/Users/guidegiegg/งาน/โปรเจคเล็กๆ/PrePair_Sound/forest_sound_dataset/natural sound/if_necessary/19_11918.wav,natural sound/if_necessary/19_11918.wav,train
natural sound,/Users/guidegiegg/งาน/โปรเจคเล็กๆ/PrePair_Sound/forest_sound_dataset/natural sound/2_10207.wav,natural sound/2_10207.wav,train
logging,/Users/guidegiegg/งาน/โปรเจคเล็กๆ/PrePair_Sound/forest_sound_dataset/logging/11_11150.wav,logging/11_11150.wav,train
poaching,/Users/guidegiegg/งาน/โปรเจคเล็กๆ/PrePair_Sound/forest_sound_dataset/poaching/5BE217B8_62c33b76de-72a7-4913-bf10-39029266ed461aec3030-f52d-4a0a-8d3f-dc94119ebbec5d1bf33c-21cf-4705-8d94-8042118f7763.WAV,poaching/5BE217B8_62c33b76de-72a7-4913-bf10-39029266ed461aec3030-f52d-4a0a-8d3f-dc94119ebbec5d1bf33c-21cf-4705-8d94-8042118f7763.WAV,train
natural sound,/Users/guidegiegg/งาน/โปรเจคเล็กๆ/PrePair_Sound/forest_sound_dataset/natural sound/21_12114.wav,natural sound/21_12114.wav,train
natural sound,/Users/guidegiegg/งาน/โปรเจคเล็กๆ/PrePair_Sound/forest_sound_dataset/natural sound/26_12638.wav,natural sound/26_12638.wav,train
poaching,/Users/guidegiegg/งาน/โปรเจคเล็กๆ/PrePair_Sound/forest_sound_dataset/poaching/5C8FD255_45e3fc63cf-9e0c-4fba-8da6-7f0bb662e8f5ae75dd57-2dd9-48b1-89e5-6319aba125ff8add5f7c-a46b-4598-be48-896e9cfe4364.WAV,poaching/5C8FD255_45e3fc63cf-9e0c-4fba-8da6-7f0bb662e8f5ae75dd57-2dd9-48b1-89e5-6319aba125ff8add5f7c-a46b-4598-be48-896e9cfe4364.WAV,train
natural sound,/Users/guidegiegg/งาน/โปรเจคเล็กๆ/PrePair_Sound/forest_sound_dataset/natural sound/9_10952.wav,natural sound/9_10952.wav,train
natural sound,/Users/guidegiegg/งาน/โปรเจคเล็กๆ/PrePair_Sound/forest_sound_dataset/natural sound/24_12431.wav,natural sound/24_12431.wav,train
poaching,/Users/guidegiegg/งาน/โปรเจคเล็กๆ/PrePair_Sound/forest_sound_dataset/poaching/14_11465.wav,poaching/14_11465.wav,train
natural sound,/Users/guidegiegg/งาน/โปรเจคเล็กๆ/PrePair_Sound/forest_sound_dataset/natural sound/if_necessary/17_11716.wav,natural sound/if_necessary/17_11716.wav,train
natural sound,/Users/guidegiegg/งาน/โปรเจคเล็กๆ/PrePair_Sound/forest_sound_dataset/natural sound/if_necessary/17_11709.wav,natural sound/if_necessary/17_11709.wav,train
logging,/Users/guidegiegg/งาน/โปรเจคเล็กๆ/PrePair_Sound/forest_sound_dataset/logging/16_11645.wav,logging/16_11645.wav,train
natural sound,/Users/guidegiegg/งาน/โปรเจคเล็กๆ/PrePair_Sound/forest_sound_dataset/natural sound/6_10604.wav,natural sound/6_10604.wav,train
fire,/Users/guidegiegg/งาน/โปรเจคเล็กๆ/PrePair_Sound/forest_sound_dataset/fire/videoplayback_46.wav,fire/videoplayback_46.wav,train
natural sound,/Users/guidegiegg/งาน/โปรเจคเล็กๆ/PrePair_Sound/forest_sound_dataset/natural sound/3_10325.wav,natural sound/3_10325.wav,train
natural sound,/Users/guidegiegg/งาน/โปรเจคเล็กๆ/PrePair_Sound/forest_sound_dataset/natural sound/21_12175.wav,natural sound/21_12175.wav,train
logging,/Users/guidegiegg/งาน/โปรเจคเล็กๆ/PrePair_Sound/forest_sound_dataset/logging/11_11108.wav,logging/11_11108.wav,train
logging,/Users/guidegiegg/งาน/โปรเจคเล็กๆ/PrePair_Sound/forest_sound_dataset/logging/10_11021.wav,logging/10_11021.wav,train
logging,/Users/guidegiegg/งาน/โปรเจคเล็กๆ/PrePair_Sound/forest_sound_dataset/logging/16_11610.wav,logging/16_11610.wav,train
natural sound,/Users/guidegiegg/งาน/โปรเจคเล็กๆ/PrePair_Sound/forest_sound_dataset/natural sound/24_12403.wav,natural sound/24_12403.wav,train
natural sound,/Users/guidegiegg/งาน/โปรเจคเล็กๆ/PrePair_Sound/forest_sound_dataset/natural sound/if_necessary/20_12021.wav,natural sound/if_necessary/20_12021.wav,train
natural sound,/Users/guidegiegg/งาน/โปรเจคเล็กๆ/PrePair_Sound/forest_sound_dataset/natural sound/if_necessary/18_11839.wav,natural sound/if_necessary/18_11839.wav,train
natural sound,/Users/guidegiegg/งาน/โปรเจคเล็กๆ/PrePair_Sound/forest_sound_dataset/natural sound/5_10538.wav,natural sound/5_10538.wav,train
logging,/Users/guidegiegg/งาน/โปรเจคเล็กๆ/PrePair_Sound/forest_sound_dataset/logging/13_11322.wav,logging/13_11322.wav,train
natural sound,/Users/guidegiegg/งาน/โปรเจคเล็กๆ/PrePair_Sound/forest_sound_dataset/natural sound/if_necessary/17_11721.wav,natural sound/if_necessary/17_11721.wav,train
natural sound,/Users/guidegiegg/งาน/โปรเจคเล็กๆ/PrePair_Sound/forest_sound_dataset/natural sound/21_12170.wav,natural sound/21_12170.wav,train
natural sound,/Users/guidegiegg/งาน/โปรเจคเล็กๆ/PrePair_Sound/forest_sound_dataset/natural sound/5_10528.wav,natural sound/5_10528.wav,train
natural sound,/Users/guidegiegg/งาน/โปรเจคเล็กๆ/PrePair_Sound/forest_sound_dataset/natural sound/24_12415.wav,natural sound/24_12415.wav,train
natural sound,/Users/guidegiegg/งาน/โปรเจคเล็กๆ/PrePair_Sound/forest_sound_dataset/natural sound/27_12709.wav,natural sound/27_12709.wav,train
natural sound,/Users/guidegiegg/งาน/โปรเจคเล็กๆ/PrePair_Sound/forest_sound_dataset/natural sound/27_12710.wav,natural sound/27_12710.wav,train
fire,/Users/guidegiegg/งาน/โปรเจคเล็กๆ/PrePair_Sound/forest_sound_dataset/fire/videoplayback_62.wav,fire/videoplayback_62.wav,train
natural sound,/Users/guidegiegg/งาน/โปรเจคเล็กๆ/PrePair_Sound/forest_sound_dataset/natural sound/5_10539.wav,natural sound/5_10539.wav,train
logging,/Users/guidegiegg/งาน/โปรเจคเล็กๆ/PrePair_Sound/forest_sound_dataset/logging/11_11149.wav,logging/11_11149.wav,train
natural sound,/Users/guidegiegg/งาน/โปรเจคเล็กๆ/PrePair_Sound/forest_sound_dataset/natural sound/21_12108.wav,natural sound/21_12108.wav,train
natural sound,/Users/guidegiegg/งาน/โปรเจคเล็กๆ/PrePair_Sound/forest_sound_dataset/natural sound/22_12233.wav,natural sound/22_12233.wav,train
natural sound,/Users/guidegiegg/งาน/โปรเจคเล็กๆ/PrePair_Sound/forest_sound_dataset/natural sound/if_necessary/20_12015.wav,natural sound/if_necessary/20_12015.wav,train
fire,/Users/guidegiegg/งาน/โปรเจคเล็กๆ/PrePair_Sound/forest_sound_dataset/fire/y2mate.com - DD Ambience  Building on Fire  Blaze Inferno Wood Cracking Collapsing Loud Stressing_1_48.wav,fire/y2mate.com - DD Ambience  Building on Fire  Blaze Inferno Wood Cracking Collapsing Loud Stressing_1_48.wav,train
fire,/Users/guidegiegg/งาน/โปรเจคเล็กๆ/PrePair_Sound/forest_sound_dataset/fire/y2mate.com - DD Ambience  Building on Fire  Blaze Inferno Wood Cracking Collapsing Loud Stressing_1_37.wav,fire/y2mate.com - DD Ambience  Building on Fire  Blaze Inferno Wood Cracking Collapsing Loud Stressing_1_37.wav,train
logging,/Users/guidegiegg/งาน/โปรเจคเล็กๆ/PrePair_Sound/forest_sound_dataset/logging/7_10715.wav,logging/7_10715.wav,train
poaching,/Users/guidegiegg/งาน/โปรเจคเล็กๆ/PrePair_Sound/forest_sound_dataset/poaching/58FBD4005232020e-51de-409b-bbb6-6fa9e92a6766.WAV,poaching/58FBD4005232020e-51de-409b-bbb6-6fa9e92a6766.WAV,train
natural sound,/Users/guidegiegg/งาน/โปรเจคเล็กๆ/PrePair_Sound/forest_sound_dataset/natural sound/21_12155.wav,natural sound/21_12155.wav,train
logging,/Users/guidegiegg/งาน/โปรเจคเล็กๆ/PrePair_Sound/forest_sound_dataset/logging/16_11626.wav,logging/16_11626.wav,train
natural sound,/Users/guidegiegg/งาน/โปรเจคเล็กๆ/PrePair_Sound/forest_sound_dataset/natural sound/26_12607.wav,natural sound/26_12607.wav,train
poaching,/Users/guidegiegg/งาน/โปรเจคเล็กๆ/PrePair_Sound/forest_sound_dataset/poaching/58FBD4DAc3d6e1b7-7ae7-43b0-bdc1-2660a9d6a1e6.WAV,poaching/58FBD4DAc3d6e1b7-7ae7-43b0-bdc1-2660a9d6a1e6.WAV,train
natural sound,/Users/guidegiegg/งาน/โปรเจคเล็กๆ/PrePair_Sound/forest_sound_dataset/natural sound/27_12770.wav,natural sound/27_12770.wav,train
poaching,/Users/guidegiegg/งาน/โปรเจคเล็กๆ/PrePair_Sound/forest_sound_dataset/poaching/14_11438.wav,poaching/14_11438.wav,train
fire,/Users/guidegiegg/งาน/โปรเจคเล็กๆ/PrePair_Sound/forest_sound_dataset/fire/1_10103.wav,fire/1_10103.wav,train
fire,/Users/guidegiegg/งาน/โปรเจคเล็กๆ/PrePair_Sound/forest_sound_dataset/fire/y2mate.com - DD Ambience  Building on Fire  Blaze Inferno Wood Cracking Collapsing Loud Stressing_60.wav,fire/y2mate.com - DD Ambience  Building on Fire  Blaze Inferno Wood Cracking Collapsing Loud Stressing_60.wav,train
fire,/Users/guidegiegg/งาน/โปรเจคเล็กๆ/PrePair_Sound/forest_sound_dataset/fire/y2mate.com - DD Ambience  Building on Fire  Blaze Inferno Wood Cracking Collapsing Loud Stressing_63.wav,fire/y2mate.com - DD Ambience  Building on Fire  Blaze Inferno Wood Cracking Collapsing Loud Stressing_63.wav,train
natural sound,/Users/guidegiegg/งาน/โปรเจคเล็กๆ/PrePair_Sound/forest_sound_dataset/natural sound/21_12168.wav,natural sound/21_12168.wav,train
poaching,/Users/guidegiegg/งาน/โปรเจคเล็กๆ/PrePair_Sound/forest_sound_dataset/poaching/5C24328D_5459442b4d-8c40-4288-8321-04c9de53980c888f5948-7940-4404-9397-445b4220176be1e74cd2-c40b-4afd-8cf7-a2db55353ef4.WAV,poaching/5C24328D_5459442b4d-8c40-4288-8321-04c9de53980c888f5948-7940-4404-9397-445b4220176be1e74cd2-c40b-4afd-8cf7-a2db55353ef4.WAV,train
poaching,/Users/guidegiegg/งาน/โปรเจคเล็กๆ/PrePair_Sound/forest_sound_dataset/poaching/5BE21635_101de47172-8ece-4fbf-b2ab-4803bfb7b325e195df38-201e-4875-9ff0-6a4979b7b5a38cde1620-9a24-4148-99ce-a69201807d3e.WAV,poaching/5BE21635_101de47172-8ece-4fbf-b2ab-4803bfb7b325e195df38-201e-4875-9ff0-6a4979b7b5a38cde1620-9a24-4148-99ce-a69201807d3e.WAV,train
poaching,/Users/guidegiegg/งาน/โปรเจคเล็กๆ/PrePair_Sound/forest_sound_dataset/poaching/5C5CD139_24bfa15012-d0b0-48fc-a38d-7d29c62cc6aaab0ad487-81af-4d27-b10d-ed5ccfc2a56269242f06-3c95-47b6-a18f-07adb5ece9e2.WAV,poaching/5C5CD139_24bfa15012-d0b0-48fc-a38d-7d29c62cc6aaab0ad487-81af-4d27-b10d-ed5ccfc2a56269242f06-3c95-47b6-a18f-07adb5ece9e2.WAV,train
logging,/Users/guidegiegg/งาน/โปรเจคเล็กๆ/PrePair_Sound/forest_sound_dataset/logging/11_11174.wav,logging/11_11174.wav,train
natural sound,/Users/guidegiegg/งาน/โปรเจคเล็กๆ/PrePair_Sound/forest_sound_dataset/natural sound/if_necessary/17_11726.wav,natural sound/if_necessary/17_11726.wav,train
natural sound,/Users/guidegiegg/งาน/โปรเจคเล็กๆ/PrePair_Sound/forest_sound_dataset/natural sound/27_12733.wav,natural sound/27_12733.wav,train
fire,/Users/guidegiegg/งาน/โปรเจคเล็กๆ/PrePair_Sound/forest_sound_dataset/fire/videoplayback_47.wav,fire/videoplayback_47.wav,train
natural sound,/Users/guidegiegg/งาน/โปรเจคเล็กๆ/PrePair_Sound/forest_sound_dataset/natural sound/24_12445.wav,natural sound/24_12445.wav,train
fire,/Users/guidegiegg/งาน/โปรเจคเล็กๆ/PrePair_Sound/forest_sound_dataset/fire/videoplayback_61.wav,fire/videoplayback_61.wav,train
logging,/Users/guidegiegg/งาน/โปรเจคเล็กๆ/PrePair_Sound/forest_sound_dataset/logging/16_11661.wav,logging/16_11661.wav,train
poaching,/Users/guidegiegg/งาน/โปรเจคเล็กๆ/PrePair_Sound/forest_sound_dataset/poaching/14_11413.wav,poaching/14_11413.wav,train
natural sound,/Users/guidegiegg/งาน/โปรเจคเล็กๆ/PrePair_Sound/forest_sound_dataset/natural sound/4_10417.wav,natural sound/4_10417.wav,train
fire,/Users/guidegiegg/งาน/โปรเจคเล็กๆ/PrePair_Sound/forest_sound_dataset/fire/y2mate.com - DD Ambience  Building on Fire  Blaze Inferno Wood Cracking Collapsing Loud Stressing_1_14.wav,fire/y2mate.com - DD Ambience  Building on Fire  Blaze Inferno Wood Cracking Collapsing Loud Stressing_1_14.wav,train
logging,/Users/guidegiegg/งาน/โปรเจคเล็กๆ/PrePair_Sound/forest_sound_dataset/logging/16_11622.wav,logging/16_11622.wav,train
poaching,/Users/guidegiegg/งาน/โปรเจคเล็กๆ/PrePair_Sound/forest_sound_dataset/poaching/58FBDC00f1ecef8b-7465-4fce-b4c9-74cfc49b36e5.WAV,poaching/58FBDC00f1ecef8b-7465-4fce-b4c9-74cfc49b36e5.WAV,train
natural sound,/Users/guidegiegg/งาน/โปรเจคเล็กๆ/PrePair_Sound/forest_sound_dataset/natural sound/if_necessary/20_12023.wav,natural sound/if_necessary/20_12023.wav,train
natural sound,/Users/guidegiegg/งาน/โปรเจคเล็กๆ/PrePair_Sound/forest_sound_dataset/natural sound/8_10853.wav,natural sound/8_10853.wav,train
natural sound,/Users/guidegiegg/งาน/โปรเจคเล็กๆ/PrePair_Sound/forest_sound_dataset/natural sound/26_12643.wav,natural sound/26_12643.wav,train
natural sound,/Users/guidegiegg/งาน/โปรเจคเล็กๆ/PrePair_Sound/forest_sound_dataset/natural sound/22_12235.wav,natural sound/22_12235.wav,train
natural sound,/Users/guidegiegg/งาน/โปรเจคเล็กๆ/PrePair_Sound/forest_sound_dataset/natural sound/26_12660.wav,natural sound/26_12660.wav,train
poaching,/Users/guidegiegg/งาน/โปรเจคเล็กๆ/PrePair_Sound/forest_sound_dataset/poaching/5C22DAA1_52deccd94a-a181-4757-abac-2a15dd06c248af67c79b-4d8c-42f4-b26e-2f3fd713c6d258c1b662-f668-47f9-bb72-1480b01434eb.WAV,poaching/5C22DAA1_52deccd94a-a181-4757-abac-2a15dd06c248af67c79b-4d8c-42f4-b26e-2f3fd713c6d258c1b662-f668-47f9-bb72-1480b01434eb.WAV,train
natural sound,/Users/guidegiegg/งาน/โปรเจคเล็กๆ/PrePair_Sound/forest_sound_dataset/natural sound/5_10508.wav,natural sound/5_10508.wav,train
natural sound,/Users/guidegiegg/งาน/โปรเจคเล็กๆ/PrePair_Sound/forest_sound_dataset/natural sound/6_10628.wav,natural sound/6_10628.wav,train
natural sound,/Users/guidegiegg/งาน/โปรเจคเล็กๆ/PrePair_Sound/forest_sound_dataset/natural sound/21_12132.wav,natural sound/21_12132.wav,train
poaching,/Users/guidegiegg/งาน/โปรเจคเล็กๆ/PrePair_Sound/forest_sound_dataset/poaching/5CA43082_5564e1911-11a0-494d-a21d-554a561514836287ec6a-2489-4bd9-89a5-e33c0a9ac4482f44c837-673e-4cac-a5a4-19c8e30ea59e.WAV,poaching/5CA43082_5564e1911-11a0-494d-a21d-554a561514836287ec6a-2489-4bd9-89a5-e33c0a9ac4482f44c837-673e-4cac-a5a4-19c8e30ea59e.WAV,train
logging,/Users/guidegiegg/งาน/โปรเจคเล็กๆ/PrePair_Sound/forest_sound_dataset/logging/11_11158.wav,logging/11_11158.wav,train
poaching,/Users/guidegiegg/งาน/โปรเจคเล็กๆ/PrePair_Sound/forest_sound_dataset/poaching/58FBC5EFb5e43323-99f6-4bf6-a718-0e525e9dc21d.WAV,poaching/58FBC5EFb5e43323-99f6-4bf6-a718-0e525e9dc21d.WAV,train
poaching,/Users/guidegiegg/งาน/โปรเจคเล็กๆ/PrePair_Sound/forest_sound_dataset/poaching/5C1B62C0_5171a6183a-a195-443d-82da-c983ae58d423334c3fdd-81f6-4c87-81a8-f59fb6edc39780b9516d-1833-4f3b-9422-a5bbc79c7041.WAV,poaching/5C1B62C0_5171a6183a-a195-443d-82da-c983ae58d423334c3fdd-81f6-4c87-81a8-f59fb6edc39780b9516d-1833-4f3b-9422-a5bbc79c7041.WAV,train
fire,/Users/guidegiegg/งาน/โปรเจคเล็กๆ/PrePair_Sound/forest_sound_dataset/fire/videoplayback_22.wav,fire/videoplayback_22.wav,train
natural sound,/Users/guidegiegg/งาน/โปรเจคเล็กๆ/PrePair_Sound/forest_sound_dataset/natural sound/26_12640.wav,natural sound/26_12640.wav,train
poaching,/Users/guidegiegg/งาน/โปรเจคเล็กๆ/PrePair_Sound/forest_sound_dataset/poaching/15_11511.wav,poaching/15_11511.wav,train
natural sound,/Users/guidegiegg/งาน/โปรเจคเล็กๆ/PrePair_Sound/forest_sound_dataset/natural sound/27_12721.wav,natural sound/27_12721.wav,train
natural sound,/Users/guidegiegg/งาน/โปรเจคเล็กๆ/PrePair_Sound/forest_sound_dataset/natural sound/23_12324.wav,natural sound/23_12324.wav,train
natural sound,/Users/guidegiegg/งาน/โปรเจคเล็กๆ/PrePair_Sound/forest_sound_dataset/natural sound/if_necessary/17_11732.wav,natural sound/if_necessary/17_11732.wav,train
logging,/Users/guidegiegg/งาน/โปรเจคเล็กๆ/PrePair_Sound/forest_sound_dataset/logging/16_11654.wav,logging/16_11654.wav,train
fire,/Users/guidegiegg/งาน/โปรเจคเล็กๆ/PrePair_Sound/forest_sound_dataset/fire/videoplayback_19.wav,fire/videoplayback_19.wav,train
natural sound,/Users/guidegiegg/งาน/โปรเจคเล็กๆ/PrePair_Sound/forest_sound_dataset/natural sound/9_10950.wav,natural sound/9_10950.wav,train
natural sound,/Users/guidegiegg/งาน/โปรเจคเล็กๆ/PrePair_Sound/forest_sound_dataset/natural sound/8_10825.wav,natural sound/8_10825.wav,train
natural sound,/Users/guidegiegg/งาน/โปรเจคเล็กๆ/PrePair_Sound/forest_sound_dataset/natural sound/26_12615.wav,natural sound/26_12615.wav,train
poaching,/Users/guidegiegg/งาน/โปรเจคเล็กๆ/PrePair_Sound/forest_sound_dataset/poaching/601AFA1E.WAV,poaching/601AFA1E.WAV,train
natural sound,/Users/guidegiegg/งาน/โปรเจคเล็กๆ/PrePair_Sound/forest_sound_dataset/natural sound/if_necessary/20_12013.wav,natural sound/if_necessary/20_12013.wav,train
natural sound,/Users/guidegiegg/งาน/โปรเจคเล็กๆ/PrePair_Sound/forest_sound_dataset/natural sound/3_10335.wav,natural sound/3_10335.wav,train
natural sound,/Users/guidegiegg/งาน/โปรเจคเล็กๆ/PrePair_Sound/forest_sound_dataset/natural sound/2_10222.wav,natural sound/2_10222.wav,train
fire,/Users/guidegiegg/งาน/โปรเจคเล็กๆ/PrePair_Sound/forest_sound_dataset/fire/1_10105.wav,fire/1_10105.wav,train
natural sound,/Users/guidegiegg/งาน/โปรเจคเล็กๆ/PrePair_Sound/forest_sound_dataset/natural sound/9_10928.wav,natural sound/9_10928.wav,train
natural sound,/Users/guidegiegg/งาน/โปรเจคเล็กๆ/PrePair_Sound/forest_sound_dataset/natural sound/25_12536.wav,natural sound/25_12536.wav,train
natural sound,/Users/guidegiegg/งาน/โปรเจคเล็กๆ/PrePair_Sound/forest_sound_dataset/natural sound/25_12571.wav,natural sound/25_12571.wav,train
natural sound,/Users/guidegiegg/งาน/โปรเจคเล็กๆ/PrePair_Sound/forest_sound_dataset/natural sound/4_10470.wav,natural sound/4_10470.wav,train
natural sound,/Users/guidegiegg/งาน/โปรเจคเล็กๆ/PrePair_Sound/forest_sound_dataset/natural sound/6_10640.wav,natural sound/6_10640.wav,train
natural sound,/Users/guidegiegg/งาน/โปรเจคเล็กๆ/PrePair_Sound/forest_sound_dataset/natural sound/3_10375.wav,natural sound/3_10375.wav,train
natural sound,/Users/guidegiegg/งาน/โปรเจคเล็กๆ/PrePair_Sound/forest_sound_dataset/natural sound/27_12729.wav,natural sound/27_12729.wav,train
fire,/Users/guidegiegg/งาน/โปรเจคเล็กๆ/PrePair_Sound/forest_sound_dataset/fire/y2mate.com - DD Ambience  Building on Fire  Blaze Inferno Wood Cracking Collapsing Loud Stressing_1_18.wav,fire/y2mate.com - DD Ambience  Building on Fire  Blaze Inferno Wood Cracking Collapsing Loud Stressing_1_18.wav,train
natural sound,/Users/guidegiegg/งาน/โปรเจคเล็กๆ/PrePair_Sound/forest_sound_dataset/natural sound/24_12426.wav,natural sound/24_12426.wav,train
natural sound,/Users/guidegiegg/งาน/โปรเจคเล็กๆ/PrePair_Sound/forest_sound_dataset/natural sound/2_10270.wav,natural sound/2_10270.wav,train
fire,/Users/guidegiegg/งาน/โปรเจคเล็กๆ/PrePair_Sound/forest_sound_dataset/fire/1_10108.wav,fire/1_10108.wav,train
natural sound,/Users/guidegiegg/งาน/โปรเจคเล็กๆ/PrePair_Sound/forest_sound_dataset/natural sound/4_10444.wav,natural sound/4_10444.wav,train
fire,/Users/guidegiegg/งาน/โปรเจคเล็กๆ/PrePair_Sound/forest_sound_dataset/fire/y2mate.com - DD Ambience  Building on Fire  Blaze Inferno Wood Cracking Collapsing Loud Stressing_1_59.wav,fire/y2mate.com - DD Ambience  Building on Fire  Blaze Inferno Wood Cracking Collapsing Loud Stressing_1_59.wav,train
natural sound,/Users/guidegiegg/งาน/โปรเจคเล็กๆ/PrePair_Sound/forest_sound_dataset/natural sound/if_necessary/19_11936.wav,natural sound/if_necessary/19_11936.wav,train
natural sound,/Users/guidegiegg/งาน/โปรเจคเล็กๆ/PrePair_Sound/forest_sound_dataset/natural sound/2_10231.wav,natural sound/2_10231.wav,train
natural sound,/Users/guidegiegg/งาน/โปรเจคเล็กๆ/PrePair_Sound/forest_sound_dataset/natural sound/21_12149.wav,natural sound/21_12149.wav,train
natural sound,/Users/guidegiegg/งาน/โปรเจคเล็กๆ/PrePair_Sound/forest_sound_dataset/natural sound/8_10847.wav,natural sound/8_10847.wav,train
natural sound,/Users/guidegiegg/งาน/โปรเจคเล็กๆ/PrePair_Sound/forest_sound_dataset/natural sound/21_12159.wav,natural sound/21_12159.wav,train
poaching,/Users/guidegiegg/งาน/โปรเจคเล็กๆ/PrePair_Sound/forest_sound_dataset/poaching/5C035CD5_65bbc07e9-93b4-453a-a1b6-6b714e8b25ff6e4da712-800d-4426-b164-9b7911613a0de327fb0a-ebc7-442b-a49f-8de0df8c9ce7.WAV,poaching/5C035CD5_65bbc07e9-93b4-453a-a1b6-6b714e8b25ff6e4da712-800d-4426-b164-9b7911613a0de327fb0a-ebc7-442b-a49f-8de0df8c9ce7.WAV,train
natural sound,/Users/guidegiegg/งาน/โปรเจคเล็กๆ/PrePair_Sound/forest_sound_dataset/natural sound/8_10822.wav,natural sound/8_10822.wav,train
logging,/Users/guidegiegg/งาน/โปรเจคเล็กๆ/PrePair_Sound/forest_sound_dataset/logging/2-50667-B-41.wav,logging/2-50667-B-41.wav,train
logging,/Users/guidegiegg/งาน/โปรเจคเล็กๆ/PrePair_Sound/forest_sound_dataset/logging/10_11068.wav,logging/10_11068.wav,train
natural sound,/Users/guidegiegg/งาน/โปรเจคเล็กๆ/PrePair_Sound/forest_sound_dataset/natural sound/23_12375.wav,natural sound/23_12375.wav,train
poaching,/Users/guidegiegg/งาน/โปรเจคเล็กๆ/PrePair_Sound/forest_sound_dataset/poaching/5BE217B2_61582251f1-7eac-4734-8da9-87d78ad757daab2ae78f-60e6-4e29-9c79-a3551368ed39e285f5ec-5acd-4aee-94a2-152c1b50e2fd.WAV,poaching/5BE217B2_61582251f1-7eac-4734-8da9-87d78ad757daab2ae78f-60e6-4e29-9c79-a3551368ed39e285f5ec-5acd-4aee-94a2-152c1b50e2fd.WAV,train
natural sound,/Users/guidegiegg/งาน/โปรเจคเล็กๆ/PrePair_Sound/forest_sound_dataset/natural sound/9_10935.wav,natural sound/9_10935.wav,train
natural sound,/Users/guidegiegg/งาน/โปรเจคเล็กๆ/PrePair_Sound/forest_sound_dataset/natural sound/25_12503.wav,natural sound/25_12503.wav,train
natural sound,/Users/guidegiegg/งาน/โปรเจคเล็กๆ/PrePair_Sound/forest_sound_dataset/natural sound/24_12455.wav,natural sound/24_12455.wav,train
poaching,/Users/guidegiegg/งาน/โปรเจคเล็กๆ/PrePair_Sound/forest_sound_dataset/poaching/5B870D1C_126de30995-6758-4d89-a217-8c8b3d10e11b3479a1bc-219a-49cf-8c89-d9a8808d496179a962a2-23f0-41d1-93f0-01d53428e444.WAV,poaching/5B870D1C_126de30995-6758-4d89-a217-8c8b3d10e11b3479a1bc-219a-49cf-8c89-d9a8808d496179a962a2-23f0-41d1-93f0-01d53428e444.WAV,train
natural sound,/Users/guidegiegg/งาน/โปรเจคเล็กๆ/PrePair_Sound/forest_sound_dataset/natural sound/25_12510.wav,natural sound/25_12510.wav,train
natural sound,/Users/guidegiegg/งาน/โปรเจคเล็กๆ/PrePair_Sound/forest_sound_dataset/natural sound/3_10323.wav,natural sound/3_10323.wav,train
poaching,/Users/guidegiegg/งาน/โปรเจคเล็กๆ/PrePair_Sound/forest_sound_dataset/poaching/14_11421.wav,poaching/14_11421.wav,train
poaching,/Users/guidegiegg/งาน/โปรเจคเล็กๆ/PrePair_Sound/forest_sound_dataset/poaching/5BE21670_4697022832-fc4f-413a-a655-a4e580b17357265a45c3-5d87-4dcb-8346-ce609711f708af726457-1160-4b4f-bc34-8b4d66ad23ee.WAV,poaching/5BE21670_4697022832-fc4f-413a-a655-a4e580b17357265a45c3-5d87-4dcb-8346-ce609711f708af726457-1160-4b4f-bc34-8b4d66ad23ee.WAV,train
fire,/Users/guidegiegg/งาน/โปรเจคเล็กๆ/PrePair_Sound/forest_sound_dataset/fire/y2mate.com - DD Ambience  Building on Fire  Blaze Inferno Wood Cracking Collapsing Loud Stressing_1_16.wav,fire/y2mate.com - DD Ambience  Building on Fire  Blaze Inferno Wood Cracking Collapsing Loud Stressing_1_16.wav,train
natural sound,/Users/guidegiegg/งาน/โปรเจคเล็กๆ/PrePair_Sound/forest_sound_dataset/natural sound/9_10938.wav,natural sound/9_10938.wav,train
poaching,/Users/guidegiegg/งาน/โปรเจคเล็กๆ/PrePair_Sound/forest_sound_dataset/poaching/New folder/sig-p225_020_SA_190D_S01.wav,poaching/New folder/sig-p225_020_SA_190D_S01.wav,train
fire,/Users/guidegiegg/งาน/โปรเจคเล็กๆ/PrePair_Sound/forest_sound_dataset/fire/1_10152.wav,fire/1_10152.wav,train
poaching,/Users/guidegiegg/งาน/โปรเจคเล็กๆ/PrePair_Sound/forest_sound_dataset/poaching/5BE219A5_55f2bd0301-540d-4898-bb37-38803274705fdbd5b5fd-bf9a-4ef3-92e0-6ac17fcbdabff65f0398-4e78-486c-8c1a-7d1b39606e3e.WAV,poaching/5BE219A5_55f2bd0301-540d-4898-bb37-38803274705fdbd5b5fd-bf9a-4ef3-92e0-6ac17fcbdabff65f0398-4e78-486c-8c1a-7d1b39606e3e.WAV,train
logging,/Users/guidegiegg/งาน/โปรเจคเล็กๆ/PrePair_Sound/forest_sound_dataset/logging/16_11646.wav,logging/16_11646.wav,train
poaching,/Users/guidegiegg/งาน/โปรเจคเล็กๆ/PrePair_Sound/forest_sound_dataset/poaching/58FBDC00a967f673-aaa0-4029-a140-574678ec182b.WAV,poaching/58FBDC00a967f673-aaa0-4029-a140-574678ec182b.WAV,train
natural sound,/Users/guidegiegg/งาน/โปรเจคเล็กๆ/PrePair_Sound/forest_sound_dataset/natural sound/6_10623.wav,natural sound/6_10623.wav,train
poaching,/Users/guidegiegg/งาน/โปรเจคเล็กๆ/PrePair_Sound/forest_sound_dataset/poaching/5CACB970_905240a6d1-fef2-4bae-bf86-0111161bffaaf40c77fb-72c4-4a59-8753-7444e67aa62ed8ee48ee-531e-45b7-899d-3b2d2cb42ed0.WAV,poaching/5CACB970_905240a6d1-fef2-4bae-bf86-0111161bffaaf40c77fb-72c4-4a59-8753-7444e67aa62ed8ee48ee-531e-45b7-899d-3b2d2cb42ed0.WAV,train
logging,/Users/guidegiegg/งาน/โปรเจคเล็กๆ/PrePair_Sound/forest_sound_dataset/logging/10_11048.wav,logging/10_11048.wav,train
logging,/Users/guidegiegg/งาน/โปรเจคเล็กๆ/PrePair_Sound/forest_sound_dataset/logging/11_11124.wav,logging/11_11124.wav,train
natural sound,/Users/guidegiegg/งาน/โปรเจคเล็กๆ/PrePair_Sound/forest_sound_dataset/natural sound/2_10269.wav,natural sound/2_10269.wav,train
logging,/Users/guidegiegg/งาน/โปรเจคเล็กๆ/PrePair_Sound/forest_sound_dataset/logging/13_11344.wav,logging/13_11344.wav,train
natural sound,/Users/guidegiegg/งาน/โปรเจคเล็กๆ/PrePair_Sound/forest_sound_dataset/natural sound/23_12306.wav,natural sound/23_12306.wav,train
natural sound,/Users/guidegiegg/งาน/โปรเจคเล็กๆ/PrePair_Sound/forest_sound_dataset/natural sound/6_10610.wav,natural sound/6_10610.wav,train
natural sound,/Users/guidegiegg/งาน/โปรเจคเล็กๆ/PrePair_Sound/forest_sound_dataset/natural sound/8_10866.wav,natural sound/8_10866.wav,train
natural sound,/Users/guidegiegg/งาน/โปรเจคเล็กๆ/PrePair_Sound/forest_sound_dataset/natural sound/23_12311.wav,natural sound/23_12311.wav,train
fire,/Users/guidegiegg/งาน/โปรเจคเล็กๆ/PrePair_Sound/forest_sound_dataset/fire/y2mate.com - DD Ambience  Building on Fire  Blaze Inferno Wood Cracking Collapsing Loud Stressing_35.wav,fire/y2mate.com - DD Ambience  Building on Fire  Blaze Inferno Wood Cracking Collapsing Loud Stressing_35.wav,train
natural sound,/Users/guidegiegg/งาน/โปรเจคเล็กๆ/PrePair_Sound/forest_sound_dataset/natural sound/24_12417.wav,natural sound/24_12417.wav,train
poaching,/Users/guidegiegg/งาน/โปรเจคเล็กๆ/PrePair_Sound/forest_sound_dataset/poaching/5C93BAA2_89f960c70c-f10e-4a64-994a-b0562a56a04857c1efb2-0386-47e4-a38e-08164b551f9dcf49253b-5aad-4d6c-b42f-9498e4205398.WAV,poaching/5C93BAA2_89f960c70c-f10e-4a64-994a-b0562a56a04857c1efb2-0386-47e4-a38e-08164b551f9dcf49253b-5aad-4d6c-b42f-9498e4205398.WAV,train
fire,/Users/guidegiegg/งาน/โปรเจคเล็กๆ/PrePair_Sound/forest_sound_dataset/fire/videoplayback_31.wav,fire/videoplayback_31.wav,train
natural sound,/Users/guidegiegg/งาน/โปรเจคเล็กๆ/PrePair_Sound/forest_sound_dataset/natural sound/6_10626.wav,natural sound/6_10626.wav,train
natural sound,/Users/guidegiegg/งาน/โปรเจคเล็กๆ/PrePair_Sound/forest_sound_dataset/natural sound/if_necessary/18_11802.wav,natural sound/if_necessary/18_11802.wav,train
poaching,/Users/guidegiegg/งาน/โปรเจคเล็กๆ/PrePair_Sound/forest_sound_dataset/poaching/5B5F992B_651937038-bf2d-420d-89d5-5711bb27bc168eacc4e3-b598-4809-ab94-9dea35c1cc99cb5dfbfa-c4b7-4c7e-8a89-c821d4f87298.WAV,poaching/5B5F992B_651937038-bf2d-420d-89d5-5711bb27bc168eacc4e3-b598-4809-ab94-9dea35c1cc99cb5dfbfa-c4b7-4c7e-8a89-c821d4f87298.WAV,train
natural sound,/Users/guidegiegg/งาน/โปรเจคเล็กๆ/PrePair_Sound/forest_sound_dataset/natural sound/8_10813.wav,natural sound/8_10813.wav,train
logging,/Users/guidegiegg/งาน/โปรเจคเล็กๆ/PrePair_Sound/forest_sound_dataset/logging/7_10701.wav,logging/7_10701.wav,train
fire,/Users/guidegiegg/งาน/โปรเจคเล็กๆ/PrePair_Sound/forest_sound_dataset/fire/y2mate.com - DD Ambience  Building on Fire  Blaze Inferno Wood Cracking Collapsing Loud Stressing_10.wav,fire/y2mate.com - DD Ambience  Building on Fire  Blaze Inferno Wood Cracking Collapsing Loud Stressing_10.wav,train
natural sound,/Users/guidegiegg/งาน/โปรเจคเล็กๆ/PrePair_Sound/forest_sound_dataset/natural sound/2_10219.wav,natural sound/2_10219.wav,train
fire,/Users/guidegiegg/งาน/โปรเจคเล็กๆ/PrePair_Sound/forest_sound_dataset/fire/y2mate.com - DD Ambience  Building on Fire  Blaze Inferno Wood Cracking Collapsing Loud Stressing_1_02.wav,fire/y2mate.com - DD Ambience  Building on Fire  Blaze Inferno Wood Cracking Collapsing Loud Stressing_1_02.wav,train
logging,/Users/guidegiegg/งาน/โปรเจคเล็กๆ/PrePair_Sound/forest_sound_dataset/logging/5-253101-A-49.wav,logging/5-253101-A-49.wav,train
fire,/Users/guidegiegg/งาน/โปรเจคเล็กๆ/PrePair_Sound/forest_sound_dataset/fire/636917__newlocknew__fireburn_big-fire-in-the-forestartificial_em_34lrs.wav,fire/636917__newlocknew__fireburn_big-fire-in-the-forestartificial_em_34lrs.wav,train
fire,/Users/guidegiegg/งาน/โปรเจคเล็กๆ/PrePair_Sound/forest_sound_dataset/fire/y2mate.com - DD Ambience  Building on Fire  Blaze Inferno Wood Cracking Collapsing Loud Stressing_40.wav,fire/y2mate.com - DD Ambience  Building on Fire  Blaze Inferno Wood Cracking Collapsing Loud Stressing_40.wav,train
natural sound,/Users/guidegiegg/งาน/โปรเจคเล็กๆ/PrePair_Sound/forest_sound_dataset/natural sound/8_10863.wav,natural sound/8_10863.wav,train
natural sound,/Users/guidegiegg/งาน/โปรเจคเล็กๆ/PrePair_Sound/forest_sound_dataset/natural sound/3_10354.wav,natural sound/3_10354.wav,train
natural sound,/Users/guidegiegg/งาน/โปรเจคเล็กๆ/PrePair_Sound/forest_sound_dataset/natural sound/if_necessary/20_12039.wav,natural sound/if_necessary/20_12039.wav,train
poaching,/Users/guidegiegg/งาน/โปรเจคเล็กๆ/PrePair_Sound/forest_sound_dataset/poaching/5C646202_87a5447345-3f23-4548-ba8a-c3026d3fa415b46fde11-70da-4237-8f8d-2fdd5b794422df98130d-d548-4f0e-a07b-e895c07bffe2.WAV,poaching/5C646202_87a5447345-3f23-4548-ba8a-c3026d3fa415b46fde11-70da-4237-8f8d-2fdd5b794422df98130d-d548-4f0e-a07b-e895c07bffe2.WAV,train
poaching,/Users/guidegiegg/งาน/โปรเจคเล็กๆ/PrePair_Sound/forest_sound_dataset/poaching/5B8B4AD1_3087d4b87c-aff6-4f49-a3c8-10cdc1154c7bc5bef3ba-d37b-4e72-8425-d2dfaaa1856d87bd95dc-0432-4466-b585-b729ebefe891.WAV,poaching/5B8B4AD1_3087d4b87c-aff6-4f49-a3c8-10cdc1154c7bc5bef3ba-d37b-4e72-8425-d2dfaaa1856d87bd95dc-0432-4466-b585-b729ebefe891.WAV,train
poaching,/Users/guidegiegg/งาน/โปรเจคเล็กๆ/PrePair_Sound/forest_sound_dataset/poaching/5B8A1D49_25c11bd4e7-3c74-4f74-b859-3e29093f0f3c0ec19dc3-569b-4559-acb1-3b72465385fd1c58a945-a0cc-48d5-8623-5a77f0beab04.WAV,poaching/5B8A1D49_25c11bd4e7-3c74-4f74-b859-3e29093f0f3c0ec19dc3-569b-4559-acb1-3b72465385fd1c58a945-a0cc-48d5-8623-5a77f0beab04.WAV,train
natural sound,/Users/guidegiegg/งาน/โปรเจคเล็กๆ/PrePair_Sound/forest_sound_dataset/natural sound/if_necessary/17_11715.wav,natural sound/if_necessary/17_11715.wav,train
natural sound,/Users/guidegiegg/งาน/โปรเจคเล็กๆ/PrePair_Sound/forest_sound_dataset/natural sound/if_necessary/17_11714.wav,natural sound/if_necessary/17_11714.wav,train
natural sound,/Users/guidegiegg/งาน/โปรเจคเล็กๆ/PrePair_Sound/forest_sound_dataset/natural sound/26_12658.wav,natural sound/26_12658.wav,train
logging,/Users/guidegiegg/งาน/โปรเจคเล็กๆ/PrePair_Sound/forest_sound_dataset/logging/13_11303.wav,logging/13_11303.wav,train
logging,/Users/guidegiegg/งาน/โปรเจคเล็กๆ/PrePair_Sound/forest_sound_dataset/logging/7_10772.wav,logging/7_10772.wav,train
natural sound,/Users/guidegiegg/งาน/โปรเจคเล็กๆ/PrePair_Sound/forest_sound_dataset/natural sound/2_10233.wav,natural sound/2_10233.wav,train
natural sound,/Users/guidegiegg/งาน/โปรเจคเล็กๆ/PrePair_Sound/forest_sound_dataset/natural sound/22_12258.wav,natural sound/22_12258.wav,train
poaching,/Users/guidegiegg/งาน/โปรเจคเล็กๆ/PrePair_Sound/forest_sound_dataset/poaching/15_11560.wav,poaching/15_11560.wav,train
natural sound,/Users/guidegiegg/งาน/โปรเจคเล็กๆ/PrePair_Sound/forest_sound_dataset/natural sound/27_12738.wav,natural sound/27_12738.wav,train
poaching,/Users/guidegiegg/งาน/โปรเจคเล็กๆ/PrePair_Sound/forest_sound_dataset/poaching/14_11426.wav,poaching/14_11426.wav,train
logging,/Users/guidegiegg/งาน/โปรเจคเล็กๆ/PrePair_Sound/forest_sound_dataset/logging/13_11325.wav,logging/13_11325.wav,train
natural sound,/Users/guidegiegg/งาน/โปรเจคเล็กๆ/PrePair_Sound/forest_sound_dataset/natural sound/2_10201.wav,natural sound/2_10201.wav,train
logging,/Users/guidegiegg/งาน/โปรเจคเล็กๆ/PrePair_Sound/forest_sound_dataset/logging/11_11106.wav,logging/11_11106.wav,train
natural sound,/Users/guidegiegg/งาน/โปรเจคเล็กๆ/PrePair_Sound/forest_sound_dataset/natural sound/5_10555.wav,natural sound/5_10555.wav,train
natural sound,/Users/guidegiegg/งาน/โปรเจคเล็กๆ/PrePair_Sound/forest_sound_dataset/natural sound/25_12548.wav,natural sound/25_12548.wav,train
fire,/Users/guidegiegg/งาน/โปรเจคเล็กๆ/PrePair_Sound/forest_sound_dataset/fire/y2mate.com - DD Ambience  Building on Fire  Blaze Inferno Wood Cracking Collapsing Loud Stressing_31.wav,fire/y2mate.com - DD Ambience  Building on Fire  Blaze Inferno Wood Cracking Collapsing Loud Stressing_31.wav,train
logging,/Users/guidegiegg/งาน/โปรเจคเล็กๆ/PrePair_Sound/forest_sound_dataset/logging/1-19898-A-41.wav,logging/1-19898-A-41.wav,train
natural sound,/Users/guidegiegg/งาน/โปรเจคเล็กๆ/PrePair_Sound/forest_sound_dataset/natural sound/2_10247.wav,natural sound/2_10247.wav,train
natural sound,/Users/guidegiegg/งาน/โปรเจคเล็กๆ/PrePair_Sound/forest_sound_dataset/natural sound/8_10804.wav,natural sound/8_10804.wav,train
natural sound,/Users/guidegiegg/งาน/โปรเจคเล็กๆ/PrePair_Sound/forest_sound_dataset/natural sound/26_12644.wav,natural sound/26_12644.wav,train
poaching,/Users/guidegiegg/งาน/โปรเจคเล็กๆ/PrePair_Sound/forest_sound_dataset/poaching/58FBBD406f888e11-66fd-4cbb-9bba-23d3639d5617.WAV,poaching/58FBBD406f888e11-66fd-4cbb-9bba-23d3639d5617.WAV,train
fire,/Users/guidegiegg/งาน/โปรเจคเล็กๆ/PrePair_Sound/forest_sound_dataset/fire/y2mate.com - DD Ambience  Building on Fire  Blaze Inferno Wood Cracking Collapsing Loud Stressing_66.wav,fire/y2mate.com - DD Ambience  Building on Fire  Blaze Inferno Wood Cracking Collapsing Loud Stressing_66.wav,train
natural sound,/Users/guidegiegg/งาน/โปรเจคเล็กๆ/PrePair_Sound/forest_sound_dataset/natural sound/21_12167.wav,natural sound/21_12167.wav,train
natural sound,/Users/guidegiegg/งาน/โปรเจคเล็กๆ/PrePair_Sound/forest_sound_dataset/natural sound/if_necessary/17_11760.wav,natural sound/if_necessary/17_11760.wav,train
fire,/Users/guidegiegg/งาน/โปรเจคเล็กๆ/PrePair_Sound/forest_sound_dataset/fire/1_10124.wav,fire/1_10124.wav,train
natural sound,/Users/guidegiegg/งาน/โปรเจคเล็กๆ/PrePair_Sound/forest_sound_dataset/natural sound/25_12535.wav,natural sound/25_12535.wav,train
fire,/Users/guidegiegg/งาน/โปรเจคเล็กๆ/PrePair_Sound/forest_sound_dataset/fire/y2mate.com - DD Ambience  Building on Fire  Blaze Inferno Wood Cracking Collapsing Loud Stressing_51.wav,fire/y2mate.com - DD Ambience  Building on Fire  Blaze Inferno Wood Cracking Collapsing Loud Stressing_51.wav,train
natural sound,/Users/guidegiegg/งาน/โปรเจคเล็กๆ/PrePair_Sound/forest_sound_dataset/natural sound/if_necessary/18_11801.wav,natural sound/if_necessary/18_11801.wav,train
poaching,/Users/guidegiegg/งาน/โปรเจคเล็กๆ/PrePair_Sound/forest_sound_dataset/poaching/5C2F53D9_171e17298d-ed73-4c9f-9aba-f0db9139f0217bf4a2c5-3be1-4dc1-afb5-0678360714580f1fd2f7-b3b4-4a02-8a03-b79ab1937ba9.WAV,poaching/5C2F53D9_171e17298d-ed73-4c9f-9aba-f0db9139f0217bf4a2c5-3be1-4dc1-afb5-0678360714580f1fd2f7-b3b4-4a02-8a03-b79ab1937ba9.WAV,train
natural sound,/Users/guidegiegg/งาน/โปรเจคเล็กๆ/PrePair_Sound/forest_sound_dataset/natural sound/4_10468.wav,natural sound/4_10468.wav,train
natural sound,/Users/guidegiegg/งาน/โปรเจคเล็กๆ/PrePair_Sound/forest_sound_dataset/natural sound/if_necessary/18_11818.wav,natural sound/if_necessary/18_11818.wav,train
fire,/Users/guidegiegg/งาน/โปรเจคเล็กๆ/PrePair_Sound/forest_sound_dataset/fire/y2mate.com - DD Ambience  Building on Fire  Blaze Inferno Wood Cracking Collapsing Loud Stressing_1_13.wav,fire/y2mate.com - DD Ambience  Building on Fire  Blaze Inferno Wood Cracking Collapsing Loud Stressing_1_13.wav,train
natural sound,/Users/guidegiegg/งาน/โปรเจคเล็กๆ/PrePair_Sound/forest_sound_dataset/natural sound/27_12752.wav,natural sound/27_12752.wav,train
logging,/Users/guidegiegg/งาน/โปรเจคเล็กๆ/PrePair_Sound/forest_sound_dataset/logging/11_11145.wav,logging/11_11145.wav,train
natural sound,/Users/guidegiegg/งาน/โปรเจคเล็กๆ/PrePair_Sound/forest_sound_dataset/natural sound/8_10852.wav,natural sound/8_10852.wav,train
natural sound,/Users/guidegiegg/งาน/โปรเจคเล็กๆ/PrePair_Sound/forest_sound_dataset/natural sound/if_necessary/17_11723.wav,natural sound/if_necessary/17_11723.wav,train
poaching,/Users/guidegiegg/งาน/โปรเจคเล็กๆ/PrePair_Sound/forest_sound_dataset/poaching/5C50441E_32907a1188-565b-4b77-a199-994500ea6b7959d89ad4-e829-41b2-af62-ee7c51cf2294833f4bf5-33b8-4631-abba-d329711bbb03.WAV,poaching/5C50441E_32907a1188-565b-4b77-a199-994500ea6b7959d89ad4-e829-41b2-af62-ee7c51cf2294833f4bf5-33b8-4631-abba-d329711bbb03.WAV,train
natural sound,/Users/guidegiegg/งาน/โปรเจคเล็กๆ/PrePair_Sound/forest_sound_dataset/natural sound/6_10663.wav,natural sound/6_10663.wav,train
natural sound,/Users/guidegiegg/งาน/โปรเจคเล็กๆ/PrePair_Sound/forest_sound_dataset/natural sound/if_necessary/19_11951.wav,natural sound/if_necessary/19_11951.wav,train
logging,/Users/guidegiegg/งาน/โปรเจคเล็กๆ/PrePair_Sound/forest_sound_dataset/logging/10_11059.wav,logging/10_11059.wav,train
poaching,/Users/guidegiegg/งาน/โปรเจคเล็กๆ/PrePair_Sound/forest_sound_dataset/poaching/15_11523.wav,poaching/15_11523.wav,train
natural sound,/Users/guidegiegg/งาน/โปรเจคเล็กๆ/PrePair_Sound/forest_sound_dataset/natural sound/8_10846.wav,natural sound/8_10846.wav,train
natural sound,/Users/guidegiegg/งาน/โปรเจคเล็กๆ/PrePair_Sound/forest_sound_dataset/natural sound/if_necessary/19_11950.wav,natural sound/if_necessary/19_11950.wav,train
poaching,/Users/guidegiegg/งาน/โปรเจคเล็กๆ/PrePair_Sound/forest_sound_dataset/poaching/14_11434.wav,poaching/14_11434.wav,train
poaching,/Users/guidegiegg/งาน/โปรเจคเล็กๆ/PrePair_Sound/forest_sound_dataset/poaching/5C243370_359d64641d-55b9-428e-aed4-9da5e17909f7fb1e2383-b4cf-4133-8066-5d6c7a79756c61d411da-1538-4131-8414-d42cbd0fb884.WAV,poaching/5C243370_359d64641d-55b9-428e-aed4-9da5e17909f7fb1e2383-b4cf-4133-8066-5d6c7a79756c61d411da-1538-4131-8414-d42cbd0fb884.WAV,train
natural sound,/Users/guidegiegg/งาน/โปรเจคเล็กๆ/PrePair_Sound/forest_sound_dataset/natural sound/2_10246.wav,natural sound/2_10246.wav,train
poaching,/Users/guidegiegg/งาน/โปรเจคเล็กๆ/PrePair_Sound/forest_sound_dataset/poaching/14_11451.wav,poaching/14_11451.wav,train
poaching,/Users/guidegiegg/งาน/โปรเจคเล็กๆ/PrePair_Sound/forest_sound_dataset/poaching/14_11469.wav,poaching/14_11469.wav,train
logging,/Users/guidegiegg/งาน/โปรเจคเล็กๆ/PrePair_Sound/forest_sound_dataset/logging/5-253101-B-49.wav,logging/5-253101-B-49.wav,train
poaching,/Users/guidegiegg/งาน/โปรเจคเล็กๆ/PrePair_Sound/forest_sound_dataset/poaching/15_11538.wav,poaching/15_11538.wav,train
natural sound,/Users/guidegiegg/งาน/โปรเจคเล็กๆ/PrePair_Sound/forest_sound_dataset/natural sound/if_necessary/19_11913.wav,natural sound/if_necessary/19_11913.wav,train
poaching,/Users/guidegiegg/งาน/โปรเจคเล็กๆ/PrePair_Sound/forest_sound_dataset/poaching/15_11534.wav,poaching/15_11534.wav,train
logging,/Users/guidegiegg/งาน/โปรเจคเล็กๆ/PrePair_Sound/forest_sound_dataset/logging/7_10723.wav,logging/7_10723.wav,train
poaching,/Users/guidegiegg/งาน/โปรเจคเล็กๆ/PrePair_Sound/forest_sound_dataset/poaching/5B921472_1063e329bc-7021-415c-a511-12465d355a1299ea75da-4975-4be8-8d43-56919b6a8ac7fcf79fde-a247-4276-9186-707189389029.WAV,poaching/5B921472_1063e329bc-7021-415c-a511-12465d355a1299ea75da-4975-4be8-8d43-56919b6a8ac7fcf79fde-a247-4276-9186-707189389029.WAV,train
fire,/Users/guidegiegg/งาน/โปรเจคเล็กๆ/PrePair_Sound/forest_sound_dataset/fire/1_10166.wav,fire/1_10166.wav,train
poaching,/Users/guidegiegg/งาน/โปรเจคเล็กๆ/PrePair_Sound/forest_sound_dataset/poaching/601B00D0.WAV,poaching/601B00D0.WAV,train
logging,/Users/guidegiegg/งาน/โปรเจคเล็กๆ/PrePair_Sound/forest_sound_dataset/logging/2-135860-A-49.wav,logging/2-135860-A-49.wav,train
natural sound,/Users/guidegiegg/งาน/โปรเจคเล็กๆ/PrePair_Sound/forest_sound_dataset/natural sound/27_12731.wav,natural sound/27_12731.wav,train
fire,/Users/guidegiegg/งาน/โปรเจคเล็กๆ/PrePair_Sound/forest_sound_dataset/fire/y2mate.com - DD Ambience  Building on Fire  Blaze Inferno Wood Cracking Collapsing Loud Stressing_56.wav,fire/y2mate.com - DD Ambience  Building on Fire  Blaze Inferno Wood Cracking Collapsing Loud Stressing_56.wav,train
fire,/Users/guidegiegg/งาน/โปรเจคเล็กๆ/PrePair_Sound/forest_sound_dataset/fire/3-145774-A-12.wav,fire/3-145774-A-12.wav,train
logging,/Users/guidegiegg/งาน/โปรเจคเล็กๆ/PrePair_Sound/forest_sound_dataset/logging/11_11157.wav,logging/11_11157.wav,train
natural sound,/Users/guidegiegg/งาน/โปรเจคเล็กๆ/PrePair_Sound/forest_sound_dataset/natural sound/2_10271.wav,natural sound/2_10271.wav,train
logging,/Users/guidegiegg/งาน/โปรเจคเล็กๆ/PrePair_Sound/forest_sound_dataset/logging/10_11028.wav,logging/10_11028.wav,train
natural sound,/Users/guidegiegg/งาน/โปรเจคเล็กๆ/PrePair_Sound/forest_sound_dataset/natural sound/22_12232.wav,natural sound/22_12232.wav,train
logging,/Users/guidegiegg/งาน/โปรเจคเล็กๆ/PrePair_Sound/forest_sound_dataset/logging/10_11018.wav,logging/10_11018.wav,train
natural sound,/Users/guidegiegg/งาน/โปรเจคเล็กๆ/PrePair_Sound/forest_sound_dataset/natural sound/22_12271.wav,natural sound/22_12271.wav,train
fire,/Users/guidegiegg/งาน/โปรเจคเล็กๆ/PrePair_Sound/forest_sound_dataset/fire/videoplayback_37.wav,fire/videoplayback_37.wav,train
natural sound,/Users/guidegiegg/งาน/โปรเจคเล็กๆ/PrePair_Sound/forest_sound_dataset/natural sound/if_necessary/17_11724.wav,natural sound/if_necessary/17_11724.wav,train
natural sound,/Users/guidegiegg/งาน/โปรเจคเล็กๆ/PrePair_Sound/forest_sound_dataset/natural sound/8_10869.wav,natural sound/8_10869.wav,train
fire,/Users/guidegiegg/งาน/โปรเจคเล็กๆ/PrePair_Sound/forest_sound_dataset/fire/y2mate.com - DD Ambience  Building on Fire  Blaze Inferno Wood Cracking Collapsing Loud Stressing_41.wav,fire/y2mate.com - DD Ambience  Building on Fire  Blaze Inferno Wood Cracking Collapsing Loud Stressing_41.wav,train
logging,/Users/guidegiegg/งาน/โปรเจคเล็กๆ/PrePair_Sound/forest_sound_dataset/logging/10_11069.wav,logging/10_11069.wav,train
natural sound,/Users/guidegiegg/งาน/โปรเจคเล็กๆ/PrePair_Sound/forest_sound_dataset/natural sound/24_12404.wav,natural sound/24_12404.wav,train
logging,/Users/guidegiegg/งาน/โปรเจคเล็กๆ/PrePair_Sound/forest_sound_dataset/logging/1-9886-A-49.wav,logging/1-9886-A-49.wav,train
logging,/Users/guidegiegg/งาน/โปรเจคเล็กๆ/PrePair_Sound/forest_sound_dataset/logging/13_11361.wav,logging/13_11361.wav,train
fire,/Users/guidegiegg/งาน/โปรเจคเล็กๆ/PrePair_Sound/forest_sound_dataset/fire/2-61311-A-12.wav,fire/2-61311-A-12.wav,train
logging,/Users/guidegiegg/งาน/โปรเจคเล็กๆ/PrePair_Sound/forest_sound_dataset/logging/16_11625.wav,logging/16_11625.wav,train
fire,/Users/guidegiegg/งาน/โปรเจคเล็กๆ/PrePair_Sound/forest_sound_dataset/fire/y2mate.com - DD Ambience  Building on Fire  Blaze Inferno Wood Cracking Collapsing Loud Stressing_71.wav,fire/y2mate.com - DD Ambience  Building on Fire  Blaze Inferno Wood Cracking Collapsing Loud Stressing_71.wav,train
natural sound,/Users/guidegiegg/งาน/โปรเจคเล็กๆ/PrePair_Sound/forest_sound_dataset/natural sound/if_necessary/19_11939.wav,natural sound/if_necessary/19_11939.wav,train
poaching,/Users/guidegiegg/งาน/โปรเจคเล็กๆ/PrePair_Sound/forest_sound_dataset/poaching/14_11452.wav,poaching/14_11452.wav,train
poaching,/Users/guidegiegg/งาน/โปรเจคเล็กๆ/PrePair_Sound/forest_sound_dataset/poaching/14_11448.wav,poaching/14_11448.wav,train
natural sound,/Users/guidegiegg/งาน/โปรเจคเล็กๆ/PrePair_Sound/forest_sound_dataset/natural sound/if_necessary/19_11962.wav,natural sound/if_necessary/19_11962.wav,train
poaching,/Users/guidegiegg/งาน/โปรเจคเล็กๆ/PrePair_Sound/forest_sound_dataset/poaching/5BA0B185_139e06fc81-e86c-4ffe-a773-8ddb4569e26bbe37ffd5-6a1f-4f56-b4c2-b21c4344bf2897429416-0016-4817-ac18-12e01aaedce6.WAV,poaching/5BA0B185_139e06fc81-e86c-4ffe-a773-8ddb4569e26bbe37ffd5-6a1f-4f56-b4c2-b21c4344bf2897429416-0016-4817-ac18-12e01aaedce6.WAV,train
poaching,/Users/guidegiegg/งาน/โปรเจคเล็กๆ/PrePair_Sound/forest_sound_dataset/poaching/58FBC5019f0c6387-3a0d-4bcf-a638-0e7726481846.WAV,poaching/58FBC5019f0c6387-3a0d-4bcf-a638-0e7726481846.WAV,train
natural sound,/Users/guidegiegg/งาน/โปรเจคเล็กๆ/PrePair_Sound/forest_sound_dataset/natural sound/25_12501.wav,natural sound/25_12501.wav,train
natural sound,/Users/guidegiegg/งาน/โปรเจคเล็กๆ/PrePair_Sound/forest_sound_dataset/natural sound/9_10923.wav,natural sound/9_10923.wav,train
natural sound,/Users/guidegiegg/งาน/โปรเจคเล็กๆ/PrePair_Sound/forest_sound_dataset/natural sound/6_10621.wav,natural sound/6_10621.wav,train
natural sound,/Users/guidegiegg/งาน/โปรเจคเล็กๆ/PrePair_Sound/forest_sound_dataset/natural sound/if_necessary/20_12033.wav,natural sound/if_necessary/20_12033.wav,train
natural sound,/Users/guidegiegg/งาน/โปรเจคเล็กๆ/PrePair_Sound/forest_sound_dataset/natural sound/9_10972.wav,natural sound/9_10972.wav,train
logging,/Users/guidegiegg/งาน/โปรเจคเล็กๆ/PrePair_Sound/forest_sound_dataset/logging/10_11006.wav,logging/10_11006.wav,train
natural sound,/Users/guidegiegg/งาน/โปรเจคเล็กๆ/PrePair_Sound/forest_sound_dataset/natural sound/4_10429.wav,natural sound/4_10429.wav,train
poaching,/Users/guidegiegg/งาน/โปรเจคเล็กๆ/PrePair_Sound/forest_sound_dataset/poaching/15_11569.wav,poaching/15_11569.wav,train
natural sound,/Users/guidegiegg/งาน/โปรเจคเล็กๆ/PrePair_Sound/forest_sound_dataset/natural sound/4_10418.wav,natural sound/4_10418.wav,train
natural sound,/Users/guidegiegg/งาน/โปรเจคเล็กๆ/PrePair_Sound/forest_sound_dataset/natural sound/21_12109.wav,natural sound/21_12109.wav,train
fire,/Users/guidegiegg/งาน/โปรเจคเล็กๆ/PrePair_Sound/forest_sound_dataset/fire/2-18766-A-12.wav,fire/2-18766-A-12.wav,train
poaching,/Users/guidegiegg/งาน/โปรเจคเล็กๆ/PrePair_Sound/forest_sound_dataset/poaching/15_11565.wav,poaching/15_11565.wav,train
logging,/Users/guidegiegg/งาน/โปรเจคเล็กๆ/PrePair_Sound/forest_sound_dataset/logging/3-97909-A-49.wav,logging/3-97909-A-49.wav,train
logging,/Users/guidegiegg/งาน/โปรเจคเล็กๆ/PrePair_Sound/forest_sound_dataset/logging/4-198360-A-49.wav,logging/4-198360-A-49.wav,train
fire,/Users/guidegiegg/งาน/โปรเจคเล็กๆ/PrePair_Sound/forest_sound_dataset/fire/y2mate.com - DD Ambience  Building on Fire  Blaze Inferno Wood Cracking Collapsing Loud Stressing_07.wav,fire/y2mate.com - DD Ambience  Building on Fire  Blaze Inferno Wood Cracking Collapsing Loud Stressing_07.wav,train
natural sound,/Users/guidegiegg/งาน/โปรเจคเล็กๆ/PrePair_Sound/forest_sound_dataset/natural sound/23_12326.wav,natural sound/23_12326.wav,train
logging,/Users/guidegiegg/งาน/โปรเจคเล็กๆ/PrePair_Sound/forest_sound_dataset/logging/3-96606-A-49.wav,logging/3-96606-A-49.wav,train
natural sound,/Users/guidegiegg/งาน/โปรเจคเล็กๆ/PrePair_Sound/forest_sound_dataset/natural sound/6_10657.wav,natural sound/6_10657.wav,train
fire,/Users/guidegiegg/งาน/โปรเจคเล็กๆ/PrePair_Sound/forest_sound_dataset/fire/1_10137.wav,fire/1_10137.wav,train
poaching,/Users/guidegiegg/งาน/โปรเจคเล็กๆ/PrePair_Sound/forest_sound_dataset/poaching/5C524B93_7386cbf20d-8a2d-4722-9fb8-8fbaa27b4a759f35264b-f71b-4efd-aeae-01126c6253d8ea1cd8fb-558f-434e-947f-5301705fb901.WAV,poaching/5C524B93_7386cbf20d-8a2d-4722-9fb8-8fbaa27b4a759f35264b-f71b-4efd-aeae-01126c6253d8ea1cd8fb-558f-434e-947f-5301705fb901.WAV,train
poaching,/Users/guidegiegg/งาน/โปรเจคเล็กๆ/PrePair_Sound/forest_sound_dataset/poaching/5BE217BD_1644929f19-5e7a-4371-bb28-a71b25c07ce693c57333-37a3-4fa6-919a-ae7e6fe0dc93da05ac6e-cd13-47ab-9dba-7da95ff7dd05.WAV,poaching/5BE217BD_1644929f19-5e7a-4371-bb28-a71b25c07ce693c57333-37a3-4fa6-919a-ae7e6fe0dc93da05ac6e-cd13-47ab-9dba-7da95ff7dd05.WAV,train
logging,/Users/guidegiegg/งาน/โปรเจคเล็กๆ/PrePair_Sound/forest_sound_dataset/logging/10_11022.wav,logging/10_11022.wav,train
logging,/Users/guidegiegg/งาน/โปรเจคเล็กๆ/PrePair_Sound/forest_sound_dataset/logging/10_11012.wav,logging/10_11012.wav,train
natural sound,/Users/guidegiegg/งาน/โปรเจคเล็กๆ/PrePair_Sound/forest_sound_dataset/natural sound/21_12136.wav,natural sound/21_12136.wav,train
poaching,/Users/guidegiegg/งาน/โปรเจคเล็กๆ/PrePair_Sound/forest_sound_dataset/poaching/New folder/winchester-m14_011_SA_059B_S02.wav,poaching/New folder/winchester-m14_011_SA_059B_S02.wav,train
logging,/Users/guidegiegg/งาน/โปรเจคเล็กๆ/PrePair_Sound/forest_sound_dataset/logging/16_11607.wav,logging/16_11607.wav,train
logging,/Users/guidegiegg/งาน/โปรเจคเล็กๆ/PrePair_Sound/forest_sound_dataset/logging/7_10722.wav,logging/7_10722.wav,train
poaching,/Users/guidegiegg/งาน/โปรเจคเล็กๆ/PrePair_Sound/forest_sound_dataset/poaching/5B61075C_703a1e9a0-27ef-473a-b74b-a73a89df94661adff7a9-9dc6-474b-9ea0-b5581f3672c27a166b99-f0fd-427b-b24e-09b3b8f3faea.WAV,poaching/5B61075C_703a1e9a0-27ef-473a-b74b-a73a89df94661adff7a9-9dc6-474b-9ea0-b5581f3672c27a166b99-f0fd-427b-b24e-09b3b8f3faea.WAV,train
poaching,/Users/guidegiegg/งาน/โปรเจคเล็กๆ/PrePair_Sound/forest_sound_dataset/poaching/14_11474.wav,poaching/14_11474.wav,train
natural sound,/Users/guidegiegg/งาน/โปรเจคเล็กๆ/PrePair_Sound/forest_sound_dataset/natural sound/if_necessary/20_12022.wav,natural sound/if_necessary/20_12022.wav,train
natural sound,/Users/guidegiegg/งาน/โปรเจคเล็กๆ/PrePair_Sound/forest_sound_dataset/natural sound/25_12566.wav,natural sound/25_12566.wav,train
fire,/Users/guidegiegg/งาน/โปรเจคเล็กๆ/PrePair_Sound/forest_sound_dataset/fire/videoplayback_51.wav,fire/videoplayback_51.wav,train
natural sound,/Users/guidegiegg/งาน/โปรเจคเล็กๆ/PrePair_Sound/forest_sound_dataset/natural sound/if_necessary/20_12025.wav,natural sound/if_necessary/20_12025.wav,train
logging,/Users/guidegiegg/งาน/โปรเจคเล็กๆ/PrePair_Sound/forest_sound_dataset/logging/7_10721.wav,logging/7_10721.wav,train
natural sound,/Users/guidegiegg/งาน/โปรเจคเล็กๆ/PrePair_Sound/forest_sound_dataset/natural sound/21_12116.wav,natural sound/21_12116.wav,train
fire,/Users/guidegiegg/งาน/โปรเจคเล็กๆ/PrePair_Sound/forest_sound_dataset/fire/1-17150-A-12.wav,fire/1-17150-A-12.wav,train
natural sound,/Users/guidegiegg/งาน/โปรเจคเล็กๆ/PrePair_Sound/forest_sound_dataset/natural sound/6_10674.wav,natural sound/6_10674.wav,train
natural sound,/Users/guidegiegg/งาน/โปรเจคเล็กๆ/PrePair_Sound/forest_sound_dataset/natural sound/25_12520.wav,natural sound/25_12520.wav,train
natural sound,/Users/guidegiegg/งาน/โปรเจคเล็กๆ/PrePair_Sound/forest_sound_dataset/natural sound/if_necessary/19_11974.wav,natural sound/if_necessary/19_11974.wav,train
natural sound,/Users/guidegiegg/งาน/โปรเจคเล็กๆ/PrePair_Sound/forest_sound_dataset/natural sound/26_12611.wav,natural sound/26_12611.wav,train
fire,/Users/guidegiegg/งาน/โปรเจคเล็กๆ/PrePair_Sound/forest_sound_dataset/fire/1_10172.wav,fire/1_10172.wav,train
poaching,/Users/guidegiegg/งาน/โปรเจคเล็กๆ/PrePair_Sound/forest_sound_dataset/poaching/14_11432.wav,poaching/14_11432.wav,train
logging,/Users/guidegiegg/งาน/โปรเจคเล็กๆ/PrePair_Sound/forest_sound_dataset/logging/11_11142.wav,logging/11_11142.wav,train
logging,/Users/guidegiegg/งาน/โปรเจคเล็กๆ/PrePair_Sound/forest_sound_dataset/logging/11_11140.wav,logging/11_11140.wav,train
natural sound,/Users/guidegiegg/งาน/โปรเจคเล็กๆ/PrePair_Sound/forest_sound_dataset/natural sound/9_10917.wav,natural sound/9_10917.wav,train
logging,/Users/guidegiegg/งาน/โปรเจคเล็กๆ/PrePair_Sound/forest_sound_dataset/logging/1-9887-B-49.wav,logging/1-9887-B-49.wav,train
natural sound,/Users/guidegiegg/งาน/โปรเจคเล็กๆ/PrePair_Sound/forest_sound_dataset/natural sound/26_12672.wav,natural sound/26_12672.wav,train
natural sound,/Users/guidegiegg/งาน/โปรเจคเล็กๆ/PrePair_Sound/forest_sound_dataset/natural sound/if_necessary/20_12006.wav,natural sound/if_necessary/20_12006.wav,train
logging,/Users/guidegiegg/งาน/โปรเจคเล็กๆ/PrePair_Sound/forest_sound_dataset/logging/10_11056.wav,logging/10_11056.wav,train
natural sound,/Users/guidegiegg/งาน/โปรเจคเล็กๆ/PrePair_Sound/forest_sound_dataset/natural sound/22_12228.wav,natural sound/22_12228.wav,train
poaching,/Users/guidegiegg/งาน/โปรเจคเล็กๆ/PrePair_Sound/forest_sound_dataset/poaching/5B889946_21062f7345-3bae-4f97-9ce9-0a5b53b9d11ebcff448d-daad-426f-bff9-f573fb6c247be597ada5-a02a-4acc-9e70-18844dcbb41d.WAV,poaching/5B889946_21062f7345-3bae-4f97-9ce9-0a5b53b9d11ebcff448d-daad-426f-bff9-f573fb6c247be597ada5-a02a-4acc-9e70-18844dcbb41d.WAV,train
natural sound,/Users/guidegiegg/งาน/โปรเจคเล็กๆ/PrePair_Sound/forest_sound_dataset/natural sound/27_12714.wav,natural sound/27_12714.wav,train
logging,/Users/guidegiegg/งาน/โปรเจคเล็กๆ/PrePair_Sound/forest_sound_dataset/logging/11_11122.wav,logging/11_11122.wav,train
logging,/Users/guidegiegg/งาน/โปรเจคเล็กๆ/PrePair_Sound/forest_sound_dataset/logging/11_11125.wav,logging/11_11125.wav,train
poaching,/Users/guidegiegg/งาน/โปรเจคเล็กๆ/PrePair_Sound/forest_sound_dataset/poaching/58FBC601f8aa997a-cd31-43d8-9906-a66f6afe2281.WAV,poaching/58FBC601f8aa997a-cd31-43d8-9906-a66f6afe2281.WAV,train
fire,/Users/guidegiegg/งาน/โปรเจคเล็กๆ/PrePair_Sound/forest_sound_dataset/fire/y2mate.com - DD Ambience  Building on Fire  Blaze Inferno Wood Cracking Collapsing Loud Stressing_1_23.wav,fire/y2mate.com - DD Ambience  Building on Fire  Blaze Inferno Wood Cracking Collapsing Loud Stressing_1_23.wav,train
poaching,/Users/guidegiegg/งาน/โปรเจคเล็กๆ/PrePair_Sound/forest_sound_dataset/poaching/58FBC581e66f6ddf-cc12-4180-b558-4bda94c3981c.WAV,poaching/58FBC581e66f6ddf-cc12-4180-b558-4bda94c3981c.WAV,train
natural sound,/Users/guidegiegg/งาน/โปรเจคเล็กๆ/PrePair_Sound/forest_sound_dataset/natural sound/2_10248.wav,natural sound/2_10248.wav,train
logging,/Users/guidegiegg/งาน/โปรเจคเล็กๆ/PrePair_Sound/forest_sound_dataset/logging/13_11329.wav,logging/13_11329.wav,train
poaching,/Users/guidegiegg/งาน/โปรเจคเล็กๆ/PrePair_Sound/forest_sound_dataset/poaching/5BF003C3_2121bd58cf-d2bf-4889-bf8f-b7e5a20dba75ef74f590-bf03-42bc-9894-9299a8cc648e5306c5da-2e2d-4f40-94d6-8d12b893f09c.WAV,poaching/5BF003C3_2121bd58cf-d2bf-4889-bf8f-b7e5a20dba75ef74f590-bf03-42bc-9894-9299a8cc648e5306c5da-2e2d-4f40-94d6-8d12b893f09c.WAV,train
natural sound,/Users/guidegiegg/งาน/โปรเจคเล็กๆ/PrePair_Sound/forest_sound_dataset/natural sound/6_10641.wav,natural sound/6_10641.wav,train
natural sound,/Users/guidegiegg/งาน/โปรเจคเล็กๆ/PrePair_Sound/forest_sound_dataset/natural sound/9_10956.wav,natural sound/9_10956.wav,train
poaching,/Users/guidegiegg/งาน/โปรเจคเล็กๆ/PrePair_Sound/forest_sound_dataset/poaching/5BE2163E_12a4acb07d-9c01-4940-b5d6-8370a42a93f5633b49b7-1440-4bcb-a37a-3575ca9d78096bf3fd41-8eab-4d7a-86f7-a8ea49e71af2.WAV,poaching/5BE2163E_12a4acb07d-9c01-4940-b5d6-8370a42a93f5633b49b7-1440-4bcb-a37a-3575ca9d78096bf3fd41-8eab-4d7a-86f7-a8ea49e71af2.WAV,train
natural sound,/Users/guidegiegg/งาน/โปรเจคเล็กๆ/PrePair_Sound/forest_sound_dataset/natural sound/if_necessary/17_11764.wav,natural sound/if_necessary/17_11764.wav,train
poaching,/Users/guidegiegg/งาน/โปรเจคเล็กๆ/PrePair_Sound/forest_sound_dataset/poaching/5C2F53D6_16a8bf83a3-3779-4486-8a60-34f357aa55a91f4d7569-deaf-46ab-b8f9-f8643cdb69ce049480bf-5e50-4c0f-bcfb-b82b5de8dc41.WAV,poaching/5C2F53D6_16a8bf83a3-3779-4486-8a60-34f357aa55a91f4d7569-deaf-46ab-b8f9-f8643cdb69ce049480bf-5e50-4c0f-bcfb-b82b5de8dc41.WAV,train
natural sound,/Users/guidegiegg/งาน/โปรเจคเล็กๆ/PrePair_Sound/forest_sound_dataset/natural sound/6_10630.wav,natural sound/6_10630.wav,train
fire,/Users/guidegiegg/งาน/โปรเจคเล็กๆ/PrePair_Sound/forest_sound_dataset/fire/2-28314-A-12.wav,fire/2-28314-A-12.wav,train
natural sound,/Users/guidegiegg/งาน/โปรเจคเล็กๆ/PrePair_Sound/forest_sound_dataset/natural sound/if_necessary/17_11742.wav,natural sound/if_necessary/17_11742.wav,train
poaching,/Users/guidegiegg/งาน/โปรเจคเล็กๆ/PrePair_Sound/forest_sound_dataset/poaching/5BE218ED_525d8850b0-762d-42be-97f1-68d707e944b4b443bb35-74f4-49a6-9696-7f1191cbf098d84ce22c-2206-4603-b221-fd60cbb5632e.WAV,poaching/5BE218ED_525d8850b0-762d-42be-97f1-68d707e944b4b443bb35-74f4-49a6-9696-7f1191cbf098d84ce22c-2206-4603-b221-fd60cbb5632e.WAV,train
natural sound,/Users/guidegiegg/งาน/โปรเจคเล็กๆ/PrePair_Sound/forest_sound_dataset/natural sound/25_12531.wav,natural sound/25_12531.wav,train
logging,/Users/guidegiegg/งาน/โปรเจคเล็กๆ/PrePair_Sound/forest_sound_dataset/logging/10_11062.wav,logging/10_11062.wav,train
logging,/Users/guidegiegg/งาน/โปรเจคเล็กๆ/PrePair_Sound/forest_sound_dataset/logging/3-118658-A-41.wav,logging/3-118658-A-41.wav,train
poaching,/Users/guidegiegg/งาน/โปรเจคเล็กๆ/PrePair_Sound/forest_sound_dataset/poaching/14_11417.wav,poaching/14_11417.wav,train
natural sound,/Users/guidegiegg/งาน/โปรเจคเล็กๆ/PrePair_Sound/forest_sound_dataset/natural sound/6_10652.wav,natural sound/6_10652.wav,train
natural sound,/Users/guidegiegg/งาน/โปรเจคเล็กๆ/PrePair_Sound/forest_sound_dataset/natural sound/26_12633.wav,natural sound/26_12633.wav,train
poaching,/Users/guidegiegg/งาน/โปรเจคเล็กๆ/PrePair_Sound/forest_sound_dataset/poaching/14_11429.wav,poaching/14_11429.wav,train
natural sound,/Users/guidegiegg/งาน/โปรเจคเล็กๆ/PrePair_Sound/forest_sound_dataset/natural sound/5_10521.wav,natural sound/5_10521.wav,train
fire,/Users/guidegiegg/งาน/โปรเจคเล็กๆ/PrePair_Sound/forest_sound_dataset/fire/y2mate.com - DD Ambience  Building on Fire  Blaze Inferno Wood Cracking Collapsing Loud Stressing_1_29.wav,fire/y2mate.com - DD Ambience  Building on Fire  Blaze Inferno Wood Cracking Collapsing Loud Stressing_1_29.wav,train
logging,/Users/guidegiegg/งาน/โปรเจคเล็กๆ/PrePair_Sound/forest_sound_dataset/logging/16_11615.wav,logging/16_11615.wav,train
natural sound,/Users/guidegiegg/งาน/โปรเจคเล็กๆ/PrePair_Sound/forest_sound_dataset/natural sound/5_10564.wav,natural sound/5_10564.wav,train
fire,/Users/guidegiegg/งาน/โปรเจคเล็กๆ/PrePair_Sound/forest_sound_dataset/fire/videoplayback_38.wav,fire/videoplayback_38.wav,train
poaching,/Users/guidegiegg/งาน/โปรเจคเล็กๆ/PrePair_Sound/forest_sound_dataset/poaching/58FBBD80fd192559-79ca-4450-89de-82e0db68ee46.WAV,poaching/58FBBD80fd192559-79ca-4450-89de-82e0db68ee46.WAV,train
natural sound,/Users/guidegiegg/งาน/โปรเจคเล็กๆ/PrePair_Sound/forest_sound_dataset/natural sound/8_10817.wav,natural sound/8_10817.wav,train
natural sound,/Users/guidegiegg/งาน/โปรเจคเล็กๆ/PrePair_Sound/forest_sound_dataset/natural sound/21_12157.wav,natural sound/21_12157.wav,train
natural sound,/Users/guidegiegg/งาน/โปรเจคเล็กๆ/PrePair_Sound/forest_sound_dataset/natural sound/4_10406.wav,natural sound/4_10406.wav,train
natural sound,/Users/guidegiegg/งาน/โปรเจคเล็กๆ/PrePair_Sound/forest_sound_dataset/natural sound/5_10523.wav,natural sound/5_10523.wav,train
natural sound,/Users/guidegiegg/งาน/โปรเจคเล็กๆ/PrePair_Sound/forest_sound_dataset/natural sound/27_12702.wav,natural sound/27_12702.wav,train
natural sound,/Users/guidegiegg/งาน/โปรเจคเล็กๆ/PrePair_Sound/forest_sound_dataset/natural sound/if_necessary/19_11957.wav,natural sound/if_necessary/19_11957.wav,train
natural sound,/Users/guidegiegg/งาน/โปรเจคเล็กๆ/PrePair_Sound/forest_sound_dataset/natural sound/27_12744.wav,natural sound/27_12744.wav,train
natural sound,/Users/guidegiegg/งาน/โปรเจคเล็กๆ/PrePair_Sound/forest_sound_dataset/natural sound/9_10961.wav,natural sound/9_10961.wav,train
natural sound,/Users/guidegiegg/งาน/โปรเจคเล็กๆ/PrePair_Sound/forest_sound_dataset/natural sound/22_12266.wav,natural sound/22_12266.wav,train
natural sound,/Users/guidegiegg/งาน/โปรเจคเล็กๆ/PrePair_Sound/forest_sound_dataset/natural sound/3_10350.wav,natural sound/3_10350.wav,train
natural sound,/Users/guidegiegg/งาน/โปรเจคเล็กๆ/PrePair_Sound/forest_sound_dataset/natural sound/9_10971.wav,natural sound/9_10971.wav,train
natural sound,/Users/guidegiegg/งาน/โปรเจคเล็กๆ/PrePair_Sound/forest_sound_dataset/natural sound/24_12472.wav,natural sound/24_12472.wav,train
poaching,/Users/guidegiegg/งาน/โปรเจคเล็กๆ/PrePair_Sound/forest_sound_dataset/poaching/14_11453.wav,poaching/14_11453.wav,train
natural sound,/Users/guidegiegg/งาน/โปรเจคเล็กๆ/PrePair_Sound/forest_sound_dataset/natural sound/if_necessary/19_11970.wav,natural sound/if_necessary/19_11970.wav,train
poaching,/Users/guidegiegg/งาน/โปรเจคเล็กๆ/PrePair_Sound/forest_sound_dataset/poaching/5BCE4D44_770308ea0-a02a-4209-8ceb-b5905a21cbfc0366b036-9ac6-442f-aa7e-e204b290073029330b68-ca32-4504-bb09-9d2e2a778886.WAV,poaching/5BCE4D44_770308ea0-a02a-4209-8ceb-b5905a21cbfc0366b036-9ac6-442f-aa7e-e204b290073029330b68-ca32-4504-bb09-9d2e2a778886.WAV,train
poaching,/Users/guidegiegg/งาน/โปรเจคเล็กๆ/PrePair_Sound/forest_sound_dataset/poaching/58FBC5825aa6d9d5-97d0-4461-8170-3e477787ffe9.WAV,poaching/58FBC5825aa6d9d5-97d0-4461-8170-3e477787ffe9.WAV,train
natural sound,/Users/guidegiegg/งาน/โปรเจคเล็กๆ/PrePair_Sound/forest_sound_dataset/natural sound/5_10574.wav,natural sound/5_10574.wav,train
poaching,/Users/guidegiegg/งาน/โปรเจคเล็กๆ/PrePair_Sound/forest_sound_dataset/poaching/14_11402.wav,poaching/14_11402.wav,train
fire,/Users/guidegiegg/งาน/โปรเจคเล็กๆ/PrePair_Sound/forest_sound_dataset/fire/3-104632-A-12.wav,fire/3-104632-A-12.wav,train
poaching,/Users/guidegiegg/งาน/โปรเจคเล็กๆ/PrePair_Sound/forest_sound_dataset/poaching/58FBD38108c021f9-a461-4c50-b671-900367bd2b11.WAV,poaching/58FBD38108c021f9-a461-4c50-b671-900367bd2b11.WAV,train
poaching,/Users/guidegiegg/งาน/โปรเจคเล็กๆ/PrePair_Sound/forest_sound_dataset/poaching/New folder/glock_015_SA_094B_S06.wav,poaching/New folder/glock_015_SA_094B_S06.wav,train
natural sound,/Users/guidegiegg/งาน/โปรเจคเล็กๆ/PrePair_Sound/forest_sound_dataset/natural sound/23_12364.wav,natural sound/23_12364.wav,train
natural sound,/Users/guidegiegg/งาน/โปรเจคเล็กๆ/PrePair_Sound/forest_sound_dataset/natural sound/22_12212.wav,natural sound/22_12212.wav,train
natural sound,/Users/guidegiegg/งาน/โปรเจคเล็กๆ/PrePair_Sound/forest_sound_dataset/natural sound/3_10371.wav,natural sound/3_10371.wav,train
natural sound,/Users/guidegiegg/งาน/โปรเจคเล็กๆ/PrePair_Sound/forest_sound_dataset/natural sound/25_12557.wav,natural sound/25_12557.wav,train
poaching,/Users/guidegiegg/งาน/โปรเจคเล็กๆ/PrePair_Sound/forest_sound_dataset/poaching/5B47DB36_165897da5c-2c2c-432d-9335-8e2ff7be7bd8e5cfc5ce-b2b4-412b-8cbb-729565a3bc557a0c8ea6-88ea-4b54-9eb4-3ab455da325f.WAV,poaching/5B47DB36_165897da5c-2c2c-432d-9335-8e2ff7be7bd8e5cfc5ce-b2b4-412b-8cbb-729565a3bc557a0c8ea6-88ea-4b54-9eb4-3ab455da325f.WAV,train
natural sound,/Users/guidegiegg/งาน/โปรเจคเล็กๆ/PrePair_Sound/forest_sound_dataset/natural sound/2_10245.wav,natural sound/2_10245.wav,train
fire,/Users/guidegiegg/งาน/โปรเจคเล็กๆ/PrePair_Sound/forest_sound_dataset/fire/y2mate.com - DD Ambience  Building on Fire  Blaze Inferno Wood Cracking Collapsing Loud Stressing_09.wav,fire/y2mate.com - DD Ambience  Building on Fire  Blaze Inferno Wood Cracking Collapsing Loud Stressing_09.wav,train
poaching,/Users/guidegiegg/งาน/โปรเจคเล็กๆ/PrePair_Sound/forest_sound_dataset/poaching/5C5C80EF_258b768ce0-3f52-4bf6-9fb6-c5f3977b7e67d139e700-3262-48cb-8d52-4beb56ba7fbf09231e83-8bda-4a4a-8462-1169bdd40938.WAV,poaching/5C5C80EF_258b768ce0-3f52-4bf6-9fb6-c5f3977b7e67d139e700-3262-48cb-8d52-4beb56ba7fbf09231e83-8bda-4a4a-8462-1169bdd40938.WAV,train
poaching,/Users/guidegiegg/งาน/โปรเจคเล็กๆ/PrePair_Sound/forest_sound_dataset/poaching/5C5CD0B7_18fa8454e7-2a81-4da0-84eb-955a1ea8c26bc32d1b45-eb41-4643-9998-5bd2564ac0ae4e7544a8-36ff-4d9f-a77b-be2994b17bd0.WAV,poaching/5C5CD0B7_18fa8454e7-2a81-4da0-84eb-955a1ea8c26bc32d1b45-eb41-4643-9998-5bd2564ac0ae4e7544a8-36ff-4d9f-a77b-be2994b17bd0.WAV,train
logging,/Users/guidegiegg/งาน/โปรเจคเล็กๆ/PrePair_Sound/forest_sound_dataset/logging/1-46353-A-49.wav,logging/1-46353-A-49.wav,train
logging,/Users/guidegiegg/งาน/โปรเจคเล็กๆ/PrePair_Sound/forest_sound_dataset/logging/13_11341.wav,logging/13_11341.wav,train
fire,/Users/guidegiegg/งาน/โปรเจคเล็กๆ/PrePair_Sound/forest_sound_dataset/fire/1_10131.wav,fire/1_10131.wav,train
poaching,/Users/guidegiegg/งาน/โปรเจคเล็กๆ/PrePair_Sound/forest_sound_dataset/poaching/14_11459.wav,poaching/14_11459.wav,train
natural sound,/Users/guidegiegg/งาน/โปรเจคเล็กๆ/PrePair_Sound/forest_sound_dataset/natural sound/if_necessary/17_11725.wav,natural sound/if_necessary/17_11725.wav,train
natural sound,/Users/guidegiegg/งาน/โปรเจคเล็กๆ/PrePair_Sound/forest_sound_dataset/natural sound/24_12414.wav,natural sound/24_12414.wav,train
poaching,/Users/guidegiegg/งาน/โปรเจคเล็กๆ/PrePair_Sound/forest_sound_dataset/poaching/5BF33D6D_28c1aa1d30-2b0c-4aea-bc29-495959d61b52c05cd5d3-466d-4e49-99b8-0ae52b46285f22fe3363-3dd8-4945-93ca-d2457ffa27eb.WAV,poaching/5BF33D6D_28c1aa1d30-2b0c-4aea-bc29-495959d61b52c05cd5d3-466d-4e49-99b8-0ae52b46285f22fe3363-3dd8-4945-93ca-d2457ffa27eb.WAV,train
poaching,/Users/guidegiegg/งาน/โปรเจคเล็กๆ/PrePair_Sound/forest_sound_dataset/poaching/14_11428.wav,poaching/14_11428.wav,train
natural sound,/Users/guidegiegg/งาน/โปรเจคเล็กๆ/PrePair_Sound/forest_sound_dataset/natural sound/if_necessary/18_11826.wav,natural sound/if_necessary/18_11826.wav,train
natural sound,/Users/guidegiegg/งาน/โปรเจคเล็กๆ/PrePair_Sound/forest_sound_dataset/natural sound/2_10225.wav,natural sound/2_10225.wav,train
natural sound,/Users/guidegiegg/งาน/โปรเจคเล็กๆ/PrePair_Sound/forest_sound_dataset/natural sound/9_10932.wav,natural sound/9_10932.wav,train
poaching,/Users/guidegiegg/งาน/โปรเจคเล็กๆ/PrePair_Sound/forest_sound_dataset/poaching/5C5CEFCC_210eda2aa9-18bf-4ba5-9aa3-fe925fe9c3c1d82a6dab-2706-461e-9ca8-e2fe0d1b13bf147be87b-d64d-4caf-be6f-5d27982db9f7.WAV,poaching/5C5CEFCC_210eda2aa9-18bf-4ba5-9aa3-fe925fe9c3c1d82a6dab-2706-461e-9ca8-e2fe0d1b13bf147be87b-d64d-4caf-be6f-5d27982db9f7.WAV,train
natural sound,/Users/guidegiegg/งาน/โปรเจคเล็กๆ/PrePair_Sound/forest_sound_dataset/natural sound/if_necessary/20_12008.wav,natural sound/if_necessary/20_12008.wav,train
logging,/Users/guidegiegg/งาน/โปรเจคเล็กๆ/PrePair_Sound/forest_sound_dataset/logging/3-118972-A-41.wav,logging/3-118972-A-41.wav,train
poaching,/Users/guidegiegg/งาน/โปรเจคเล็กๆ/PrePair_Sound/forest_sound_dataset/poaching/5BCE4CED_40cf401889-0bfc-4be5-85eb-8c32d638d05784ad8794-4208-4f8f-92f7-d511f041a07ff4deac0b-cee6-4276-aca9-304eebd6a011.WAV,poaching/5BCE4CED_40cf401889-0bfc-4be5-85eb-8c32d638d05784ad8794-4208-4f8f-92f7-d511f041a07ff4deac0b-cee6-4276-aca9-304eebd6a011.WAV,train
logging,/Users/guidegiegg/งาน/โปรเจคเล็กๆ/PrePair_Sound/forest_sound_dataset/logging/7_10755.wav,logging/7_10755.wav,train
natural sound,/Users/guidegiegg/งาน/โปรเจคเล็กๆ/PrePair_Sound/forest_sound_dataset/natural sound/5_10505.wav,natural sound/5_10505.wav,train
logging,/Users/guidegiegg/งาน/โปรเจคเล็กๆ/PrePair_Sound/forest_sound_dataset/logging/11_11169.wav,logging/11_11169.wav,train
fire,/Users/guidegiegg/งาน/โปรเจคเล็กๆ/PrePair_Sound/forest_sound_dataset/fire/videoplayback_50.wav,fire/videoplayback_50.wav,train
natural sound,/Users/guidegiegg/งาน/โปรเจคเล็กๆ/PrePair_Sound/forest_sound_dataset/natural sound/6_10654.wav,natural sound/6_10654.wav,train
natural sound,/Users/guidegiegg/งาน/โปรเจคเล็กๆ/PrePair_Sound/forest_sound_dataset/natural sound/5_10561.wav,natural sound/5_10561.wav,train
fire,/Users/guidegiegg/งาน/โปรเจคเล็กๆ/PrePair_Sound/forest_sound_dataset/fire/videoplayback_07.wav,fire/videoplayback_07.wav,train
fire,/Users/guidegiegg/งาน/โปรเจคเล็กๆ/PrePair_Sound/forest_sound_dataset/fire/videoplayback_02.wav,fire/videoplayback_02.wav,train
natural sound,/Users/guidegiegg/งาน/โปรเจคเล็กๆ/PrePair_Sound/forest_sound_dataset/natural sound/27_12748.wav,natural sound/27_12748.wav,train
poaching,/Users/guidegiegg/งาน/โปรเจคเล็กๆ/PrePair_Sound/forest_sound_dataset/poaching/58FBC5C0fc5465f4-f607-4175-bebb-0d3bcfe0b51b.WAV,poaching/58FBC5C0fc5465f4-f607-4175-bebb-0d3bcfe0b51b.WAV,train
natural sound,/Users/guidegiegg/งาน/โปรเจคเล็กๆ/PrePair_Sound/forest_sound_dataset/natural sound/if_necessary/18_11857.wav,natural sound/if_necessary/18_11857.wav,train
natural sound,/Users/guidegiegg/งาน/โปรเจคเล็กๆ/PrePair_Sound/forest_sound_dataset/natural sound/2_10215.wav,natural sound/2_10215.wav,train
natural sound,/Users/guidegiegg/งาน/โปรเจคเล็กๆ/PrePair_Sound/forest_sound_dataset/natural sound/2_10218.wav,natural sound/2_10218.wav,train
fire,/Users/guidegiegg/งาน/โปรเจคเล็กๆ/PrePair_Sound/forest_sound_dataset/fire/videoplayback_67.wav,fire/videoplayback_67.wav,train
poaching,/Users/guidegiegg/งาน/โปรเจคเล็กๆ/PrePair_Sound/forest_sound_dataset/poaching/15_11549.wav,poaching/15_11549.wav,train
fire,/Users/guidegiegg/งาน/โปรเจคเล็กๆ/PrePair_Sound/forest_sound_dataset/fire/videoplayback_23.wav,fire/videoplayback_23.wav,train
logging,/Users/guidegiegg/งาน/โปรเจคเล็กๆ/PrePair_Sound/forest_sound_dataset/logging/10_11054.wav,logging/10_11054.wav,train
natural sound,/Users/guidegiegg/งาน/โปรเจคเล็กๆ/PrePair_Sound/forest_sound_dataset/natural sound/25_12532.wav,natural sound/25_12532.wav,train
natural sound,/Users/guidegiegg/งาน/โปรเจคเล็กๆ/PrePair_Sound/forest_sound_dataset/natural sound/2_10268.wav,natural sound/2_10268.wav,train
logging,/Users/guidegiegg/งาน/โปรเจคเล็กๆ/PrePair_Sound/forest_sound_dataset/logging/2-60180-B-49.wav,logging/2-60180-B-49.wav,train
logging,/Users/guidegiegg/งาน/โปรเจคเล็กๆ/PrePair_Sound/forest_sound_dataset/logging/10_11014.wav,logging/10_11014.wav,train
logging,/Users/guidegiegg/งาน/โปรเจคเล็กๆ/PrePair_Sound/forest_sound_dataset/logging/11_11132.wav,logging/11_11132.wav,train
poaching,/Users/guidegiegg/งาน/โปรเจคเล็กๆ/PrePair_Sound/forest_sound_dataset/poaching/5C2F5327_6277cab642-0d21-4789-92cb-9bdc0a2db55875b1f0b6-bc35-4485-8ee7-47f79a999dad6a80a343-b82b-4fe0-91ed-e88df6848441.WAV,poaching/5C2F5327_6277cab642-0d21-4789-92cb-9bdc0a2db55875b1f0b6-bc35-4485-8ee7-47f79a999dad6a80a343-b82b-4fe0-91ed-e88df6848441.WAV,train
natural sound,/Users/guidegiegg/งาน/โปรเจคเล็กๆ/PrePair_Sound/forest_sound_dataset/natural sound/3_10324.wav,natural sound/3_10324.wav,train
natural sound,/Users/guidegiegg/งาน/โปรเจคเล็กๆ/PrePair_Sound/forest_sound_dataset/natural sound/23_12359.wav,natural sound/23_12359.wav,train
natural sound,/Users/guidegiegg/งาน/โปรเจคเล็กๆ/PrePair_Sound/forest_sound_dataset/natural sound/if_necessary/20_12065.wav,natural sound/if_necessary/20_12065.wav,train
poaching,/Users/guidegiegg/งาน/โปรเจคเล็กๆ/PrePair_Sound/forest_sound_dataset/poaching/5C93BA13_8818cf36c6-864f-4b51-936f-00de6995cc9d47218f25-3ebd-417e-a12d-063e235cfa826c0863b6-950b-4200-8ef2-b2d2636b0901.WAV,poaching/5C93BA13_8818cf36c6-864f-4b51-936f-00de6995cc9d47218f25-3ebd-417e-a12d-063e235cfa826c0863b6-950b-4200-8ef2-b2d2636b0901.WAV,train
natural sound,/Users/guidegiegg/งาน/โปรเจคเล็กๆ/PrePair_Sound/forest_sound_dataset/natural sound/5_10546.wav,natural sound/5_10546.wav,train
poaching,/Users/guidegiegg/งาน/โปรเจคเล็กๆ/PrePair_Sound/forest_sound_dataset/poaching/5BA23158_14b07391bb-0e99-41df-9716-15bf39eae5e13b8b1874-2372-4b01-926f-42604f122fb59eb633ee-f59e-4e0b-a7ea-cea09ac71e72.WAV,poaching/5BA23158_14b07391bb-0e99-41df-9716-15bf39eae5e13b8b1874-2372-4b01-926f-42604f122fb59eb633ee-f59e-4e0b-a7ea-cea09ac71e72.WAV,train
poaching,/Users/guidegiegg/งาน/โปรเจคเล็กๆ/PrePair_Sound/forest_sound_dataset/poaching/15_11532.wav,poaching/15_11532.wav,train
natural sound,/Users/guidegiegg/งาน/โปรเจคเล็กๆ/PrePair_Sound/forest_sound_dataset/natural sound/26_12661.wav,natural sound/26_12661.wav,train
natural sound,/Users/guidegiegg/งาน/โปรเจคเล็กๆ/PrePair_Sound/forest_sound_dataset/natural sound/25_12556.wav,natural sound/25_12556.wav,train
natural sound,/Users/guidegiegg/งาน/โปรเจคเล็กๆ/PrePair_Sound/forest_sound_dataset/natural sound/24_12473.wav,natural sound/24_12473.wav,train
natural sound,/Users/guidegiegg/งาน/โปรเจคเล็กๆ/PrePair_Sound/forest_sound_dataset/natural sound/4_10425.wav,natural sound/4_10425.wav,train
natural sound,/Users/guidegiegg/งาน/โปรเจคเล็กๆ/PrePair_Sound/forest_sound_dataset/natural sound/4_10423.wav,natural sound/4_10423.wav,train
natural sound,/Users/guidegiegg/งาน/โปรเจคเล็กๆ/PrePair_Sound/forest_sound_dataset/natural sound/if_necessary/20_12026.wav,natural sound/if_necessary/20_12026.wav,train
natural sound,/Users/guidegiegg/งาน/โปรเจคเล็กๆ/PrePair_Sound/forest_sound_dataset/natural sound/27_12756.wav,natural sound/27_12756.wav,train
natural sound,/Users/guidegiegg/งาน/โปรเจคเล็กๆ/PrePair_Sound/forest_sound_dataset/natural sound/25_12539.wav,natural sound/25_12539.wav,train
natural sound,/Users/guidegiegg/งาน/โปรเจคเล็กๆ/PrePair_Sound/forest_sound_dataset/natural sound/26_12649.wav,natural sound/26_12649.wav,train
natural sound,/Users/guidegiegg/งาน/โปรเจคเล็กๆ/PrePair_Sound/forest_sound_dataset/natural sound/2_10227.wav,natural sound/2_10227.wav,train
poaching,/Users/guidegiegg/งาน/โปรเจคเล็กๆ/PrePair_Sound/forest_sound_dataset/poaching/5BE218EB_5109e2524a-1b12-4494-8054-d3cd98ac81c841b6cc1e-20b5-4a3a-8ede-5f372c7dffa732128ad5-87fa-4d4a-a4ab-dbe0f5de1956.WAV,poaching/5BE218EB_5109e2524a-1b12-4494-8054-d3cd98ac81c841b6cc1e-20b5-4a3a-8ede-5f372c7dffa732128ad5-87fa-4d4a-a4ab-dbe0f5de1956.WAV,train
natural sound,/Users/guidegiegg/งาน/โปรเจคเล็กๆ/PrePair_Sound/forest_sound_dataset/natural sound/2_10259.wav,natural sound/2_10259.wav,train
natural sound,/Users/guidegiegg/งาน/โปรเจคเล็กๆ/PrePair_Sound/forest_sound_dataset/natural sound/26_12612.wav,natural sound/26_12612.wav,train
logging,/Users/guidegiegg/งาน/โปรเจคเล็กๆ/PrePair_Sound/forest_sound_dataset/logging/3-102583-C-49.wav,logging/3-102583-C-49.wav,train
natural sound,/Users/guidegiegg/งาน/โปรเจคเล็กๆ/PrePair_Sound/forest_sound_dataset/natural sound/21_12107.wav,natural sound/21_12107.wav,train
poaching,/Users/guidegiegg/งาน/โปรเจคเล็กๆ/PrePair_Sound/forest_sound_dataset/poaching/5BE216AA_142454a269-34d2-40e7-b746-48b97f3f8deffc6a361f-dcc6-4f02-9ed7-d25cbc42ef550ccc914f-49e6-4fa2-b445-2f15dfb636ed.WAV,poaching/5BE216AA_142454a269-34d2-40e7-b746-48b97f3f8deffc6a361f-dcc6-4f02-9ed7-d25cbc42ef550ccc914f-49e6-4fa2-b445-2f15dfb636ed.WAV,train
poaching,/Users/guidegiegg/งาน/โปรเจคเล็กๆ/PrePair_Sound/forest_sound_dataset/poaching/15_11512.wav,poaching/15_11512.wav,train
logging,/Users/guidegiegg/งาน/โปรเจคเล็กๆ/PrePair_Sound/forest_sound_dataset/logging/16_11635.wav,logging/16_11635.wav,train
natural sound,/Users/guidegiegg/งาน/โปรเจคเล็กๆ/PrePair_Sound/forest_sound_dataset/natural sound/27_12730.wav,natural sound/27_12730.wav,train
natural sound,/Users/guidegiegg/งาน/โปรเจคเล็กๆ/PrePair_Sound/forest_sound_dataset/natural sound/if_necessary/17_11768.wav,natural sound/if_necessary/17_11768.wav,train
natural sound,/Users/guidegiegg/งาน/โปรเจคเล็กๆ/PrePair_Sound/forest_sound_dataset/natural sound/if_necessary/18_11831.wav,natural sound/if_necessary/18_11831.wav,train
natural sound,/Users/guidegiegg/งาน/โปรเจคเล็กๆ/PrePair_Sound/forest_sound_dataset/natural sound/26_12629.wav,natural sound/26_12629.wav,train
natural sound,/Users/guidegiegg/งาน/โปรเจคเล็กๆ/PrePair_Sound/forest_sound_dataset/natural sound/2_10206.wav,natural sound/2_10206.wav,train
natural sound,/Users/guidegiegg/งาน/โปรเจคเล็กๆ/PrePair_Sound/forest_sound_dataset/natural sound/5_10532.wav,natural sound/5_10532.wav,train
poaching,/Users/guidegiegg/งาน/โปรเจคเล็กๆ/PrePair_Sound/forest_sound_dataset/poaching/5C39573F_13986dd8c5-3a60-4ca7-ba58-c77fe2cc3856dddd61fa-6c1d-49f6-99ae-63eebd5a48bc70c3877a-d35d-4822-9474-656a17198ecb.WAV,poaching/5C39573F_13986dd8c5-3a60-4ca7-ba58-c77fe2cc3856dddd61fa-6c1d-49f6-99ae-63eebd5a48bc70c3877a-d35d-4822-9474-656a17198ecb.WAV,train
natural sound,/Users/guidegiegg/งาน/โปรเจคเล็กๆ/PrePair_Sound/forest_sound_dataset/natural sound/22_12243.wav,natural sound/22_12243.wav,train
logging,/Users/guidegiegg/งาน/โปรเจคเล็กๆ/PrePair_Sound/forest_sound_dataset/logging/11_11128.wav,logging/11_11128.wav,train
poaching,/Users/guidegiegg/งาน/โปรเจคเล็กๆ/PrePair_Sound/forest_sound_dataset/poaching/15_11510.wav,poaching/15_11510.wav,train
natural sound,/Users/guidegiegg/งาน/โปรเจคเล็กๆ/PrePair_Sound/forest_sound_dataset/natural sound/23_12356.wav,natural sound/23_12356.wav,train
poaching,/Users/guidegiegg/งาน/โปรเจคเล็กๆ/PrePair_Sound/forest_sound_dataset/poaching/5C646200_86738caed4-07ba-45df-b403-cc14083ec3a4b462c673-c511-4bae-b4f8-604e0e9df310b65aee51-1996-43e2-a088-f77ac04f3dc1.WAV,poaching/5C646200_86738caed4-07ba-45df-b403-cc14083ec3a4b462c673-c511-4bae-b4f8-604e0e9df310b65aee51-1996-43e2-a088-f77ac04f3dc1.WAV,train
natural sound,/Users/guidegiegg/งาน/โปรเจคเล็กๆ/PrePair_Sound/forest_sound_dataset/natural sound/9_10925.wav,natural sound/9_10925.wav,train
poaching,/Users/guidegiegg/งาน/โปรเจคเล็กๆ/PrePair_Sound/forest_sound_dataset/poaching/58FBD3C17bdd3825-4eaa-4f5f-b996-cdf16e987d99.WAV,poaching/58FBD3C17bdd3825-4eaa-4f5f-b996-cdf16e987d99.WAV,train
natural sound,/Users/guidegiegg/งาน/โปรเจคเล็กๆ/PrePair_Sound/forest_sound_dataset/natural sound/21_12164.wav,natural sound/21_12164.wav,train
poaching,/Users/guidegiegg/งาน/โปรเจคเล็กๆ/PrePair_Sound/forest_sound_dataset/poaching/5BA23208_151ba871ce-4eb6-4cfb-b9dd-4c2e0cb14b962c922007-3bdf-4815-907e-9832d8a734392abefbdb-83b0-4bce-8268-e8ea237b7d63.WAV,poaching/5BA23208_151ba871ce-4eb6-4cfb-b9dd-4c2e0cb14b962c922007-3bdf-4815-907e-9832d8a734392abefbdb-83b0-4bce-8268-e8ea237b7d63.WAV,train
poaching,/Users/guidegiegg/งาน/โปรเจคเล็กๆ/PrePair_Sound/forest_sound_dataset/poaching/5C81F389_830b550343-fb29-4c98-a4e6-b151d535d553c036e126-a259-453e-bc02-ab02334ace80525f0be5-80bb-4d23-8bc9-9aceb0526612.WAV,poaching/5C81F389_830b550343-fb29-4c98-a4e6-b151d535d553c036e126-a259-453e-bc02-ab02334ace80525f0be5-80bb-4d23-8bc9-9aceb0526612.WAV,train
poaching,/Users/guidegiegg/งาน/โปรเจคเล็กๆ/PrePair_Sound/forest_sound_dataset/poaching/5B88A6B9_45e3a7b37-3255-4551-aae1-da133baf62b554fd2531-861a-427f-9a6d-49309d3c3c03a181d426-9048-467a-8874-73cb85439686.WAV,poaching/5B88A6B9_45e3a7b37-3255-4551-aae1-da133baf62b554fd2531-861a-427f-9a6d-49309d3c3c03a181d426-9048-467a-8874-73cb85439686.WAV,train
fire,/Users/guidegiegg/งาน/โปรเจคเล็กๆ/PrePair_Sound/forest_sound_dataset/fire/videoplayback_68.wav,fire/videoplayback_68.wav,train
logging,/Users/guidegiegg/งาน/โปรเจคเล็กๆ/PrePair_Sound/forest_sound_dataset/logging/11_11148.wav,logging/11_11148.wav,train
natural sound,/Users/guidegiegg/งาน/โปรเจคเล็กๆ/PrePair_Sound/forest_sound_dataset/natural sound/4_10459.wav,natural sound/4_10459.wav,train
natural sound,/Users/guidegiegg/งาน/โปรเจคเล็กๆ/PrePair_Sound/forest_sound_dataset/natural sound/if_necessary/18_11871.wav,natural sound/if_necessary/18_11871.wav,train
natural sound,/Users/guidegiegg/งาน/โปรเจคเล็กๆ/PrePair_Sound/forest_sound_dataset/natural sound/8_10833.wav,natural sound/8_10833.wav,train
fire,/Users/guidegiegg/งาน/โปรเจคเล็กๆ/PrePair_Sound/forest_sound_dataset/fire/y2mate.com - DD Ambience  Building on Fire  Blaze Inferno Wood Cracking Collapsing Loud Stressing_06.wav,fire/y2mate.com - DD Ambience  Building on Fire  Blaze Inferno Wood Cracking Collapsing Loud Stressing_06.wav,train
poaching,/Users/guidegiegg/งาน/โปรเจคเล็กๆ/PrePair_Sound/forest_sound_dataset/poaching/601B1818.WAV,poaching/601B1818.WAV,train
natural sound,/Users/guidegiegg/งาน/โปรเจคเล็กๆ/PrePair_Sound/forest_sound_dataset/natural sound/if_necessary/18_11866.wav,natural sound/if_necessary/18_11866.wav,train
logging,/Users/guidegiegg/งาน/โปรเจคเล็กๆ/PrePair_Sound/forest_sound_dataset/logging/7_10771.wav,logging/7_10771.wav,train
poaching,/Users/guidegiegg/งาน/โปรเจคเล็กๆ/PrePair_Sound/forest_sound_dataset/poaching/5BE21903_544fca3125-932a-46ed-ac6f-840ce0d51e32610ebb1b-a821-49ef-bfbd-aacdc9fa406faa9c9863-68ed-493a-8926-0abdbac49983.WAV,poaching/5BE21903_544fca3125-932a-46ed-ac6f-840ce0d51e32610ebb1b-a821-49ef-bfbd-aacdc9fa406faa9c9863-68ed-493a-8926-0abdbac49983.WAV,train
poaching,/Users/guidegiegg/งาน/โปรเจคเล็กๆ/PrePair_Sound/forest_sound_dataset/poaching/15_11519.wav,poaching/15_11519.wav,train
poaching,/Users/guidegiegg/งาน/โปรเจคเล็กๆ/PrePair_Sound/forest_sound_dataset/poaching/58FBC600d31b3bc5-bbff-4964-8779-49182de5c3ac.WAV,poaching/58FBC600d31b3bc5-bbff-4964-8779-49182de5c3ac.WAV,train
logging,/Users/guidegiegg/งาน/โปรเจคเล็กๆ/PrePair_Sound/forest_sound_dataset/logging/16_11608.wav,logging/16_11608.wav,train
fire,/Users/guidegiegg/งาน/โปรเจคเล็กๆ/PrePair_Sound/forest_sound_dataset/fire/1_10169.wav,fire/1_10169.wav,train
natural sound,/Users/guidegiegg/งาน/โปรเจคเล็กๆ/PrePair_Sound/forest_sound_dataset/natural sound/26_12653.wav,natural sound/26_12653.wav,train
poaching,/Users/guidegiegg/งาน/โปรเจคเล็กๆ/PrePair_Sound/forest_sound_dataset/poaching/5C9E70CE_282ea5ab83-aef5-4bb4-9db0-9ec134e14bd89f300614-cb72-45fe-80ef-2b7e2ab977d64d9b1e91-ce9a-4411-b35e-8bd142aec4bf.WAV,poaching/5C9E70CE_282ea5ab83-aef5-4bb4-9db0-9ec134e14bd89f300614-cb72-45fe-80ef-2b7e2ab977d64d9b1e91-ce9a-4411-b35e-8bd142aec4bf.WAV,train
natural sound,/Users/guidegiegg/งาน/โปรเจคเล็กๆ/PrePair_Sound/forest_sound_dataset/natural sound/if_necessary/19_11908.wav,natural sound/if_necessary/19_11908.wav,train
logging,/Users/guidegiegg/งาน/โปรเจคเล็กๆ/PrePair_Sound/forest_sound_dataset/logging/13_11348.wav,logging/13_11348.wav,train
natural sound,/Users/guidegiegg/งาน/โปรเจคเล็กๆ/PrePair_Sound/forest_sound_dataset/natural sound/21_12152.wav,natural sound/21_12152.wav,train
natural sound,/Users/guidegiegg/งาน/โปรเจคเล็กๆ/PrePair_Sound/forest_sound_dataset/natural sound/if_necessary/18_11838.wav,natural sound/if_necessary/18_11838.wav,train
poaching,/Users/guidegiegg/งาน/โปรเจคเล็กๆ/PrePair_Sound/forest_sound_dataset/poaching/New folder/m16_011_5 (48).wav,poaching/New folder/m16_011_5 (48).wav,train
logging,/Users/guidegiegg/งาน/โปรเจคเล็กๆ/PrePair_Sound/forest_sound_dataset/logging/11_11146.wav,logging/11_11146.wav,train
poaching,/Users/guidegiegg/งาน/โปรเจคเล็กๆ/PrePair_Sound/forest_sound_dataset/poaching/58FBDC01a21e7e52-2706-4c9f-9b37-2d42a41bf9fc.WAV,poaching/58FBDC01a21e7e52-2706-4c9f-9b37-2d42a41bf9fc.WAV,train
natural sound,/Users/guidegiegg/งาน/โปรเจคเล็กๆ/PrePair_Sound/forest_sound_dataset/natural sound/if_necessary/20_12061.wav,natural sound/if_necessary/20_12061.wav,train
natural sound,/Users/guidegiegg/งาน/โปรเจคเล็กๆ/PrePair_Sound/forest_sound_dataset/natural sound/if_necessary/18_11874.wav,natural sound/if_necessary/18_11874.wav,train
natural sound,/Users/guidegiegg/งาน/โปรเจคเล็กๆ/PrePair_Sound/forest_sound_dataset/natural sound/25_12565.wav,natural sound/25_12565.wav,train
logging,/Users/guidegiegg/งาน/โปรเจคเล็กๆ/PrePair_Sound/forest_sound_dataset/logging/16_11619.wav,logging/16_11619.wav,train
natural sound,/Users/guidegiegg/งาน/โปรเจคเล็กๆ/PrePair_Sound/forest_sound_dataset/natural sound/if_necessary/18_11830.wav,natural sound/if_necessary/18_11830.wav,train
poaching,/Users/guidegiegg/งาน/โปรเจคเล็กๆ/PrePair_Sound/forest_sound_dataset/poaching/5CACBA15_48ceeb79bb-cdd3-40fd-9f7e-96554975d22bb6d1b8d1-93e7-4ea9-a0e5-5d244627da7a33589e34-9d1e-4f25-b83f-59818dd498a9.WAV,poaching/5CACBA15_48ceeb79bb-cdd3-40fd-9f7e-96554975d22bb6d1b8d1-93e7-4ea9-a0e5-5d244627da7a33589e34-9d1e-4f25-b83f-59818dd498a9.WAV,train
natural sound,/Users/guidegiegg/งาน/โปรเจคเล็กๆ/PrePair_Sound/forest_sound_dataset/natural sound/21_12103.wav,natural sound/21_12103.wav,train
poaching,/Users/guidegiegg/งาน/โปรเจคเล็กๆ/PrePair_Sound/forest_sound_dataset/poaching/5B88A6B9_38945e295-bf08-4e51-a36e-9d87b9c1d545cce4e821-04a4-4a1f-ad1f-7deac8d022d680cab928-e141-42e2-9386-49ae5ea86e31.WAV,poaching/5B88A6B9_38945e295-bf08-4e51-a36e-9d87b9c1d545cce4e821-04a4-4a1f-ad1f-7deac8d022d680cab928-e141-42e2-9386-49ae5ea86e31.WAV,train
natural sound,/Users/guidegiegg/งาน/โปรเจคเล็กๆ/PrePair_Sound/forest_sound_dataset/natural sound/if_necessary/19_11906.wav,natural sound/if_necessary/19_11906.wav,train
fire,/Users/guidegiegg/งาน/โปรเจคเล็กๆ/PrePair_Sound/forest_sound_dataset/fire/videoplayback_55.wav,fire/videoplayback_55.wav,train
natural sound,/Users/guidegiegg/งาน/โปรเจคเล็กๆ/PrePair_Sound/forest_sound_dataset/natural sound/8_10861.wav,natural sound/8_10861.wav,train
natural sound,/Users/guidegiegg/งาน/โปรเจคเล็กๆ/PrePair_Sound/forest_sound_dataset/natural sound/24_12462.wav,natural sound/24_12462.wav,train
logging,/Users/guidegiegg/งาน/โปรเจคเล็กๆ/PrePair_Sound/forest_sound_dataset/logging/13_11316.wav,logging/13_11316.wav,train
natural sound,/Users/guidegiegg/งาน/โปรเจคเล็กๆ/PrePair_Sound/forest_sound_dataset/natural sound/if_necessary/17_11755.wav,natural sound/if_necessary/17_11755.wav,train
poaching,/Users/guidegiegg/งาน/โปรเจคเล็กๆ/PrePair_Sound/forest_sound_dataset/poaching/14_11409.wav,poaching/14_11409.wav,train
natural sound,/Users/guidegiegg/งาน/โปรเจคเล็กๆ/PrePair_Sound/forest_sound_dataset/natural sound/24_12416.wav,natural sound/24_12416.wav,train
poaching,/Users/guidegiegg/งาน/โปรเจคเล็กๆ/PrePair_Sound/forest_sound_dataset/poaching/58FBC5C084243282-6c92-4632-9a9f-c3448f1d488c.WAV,poaching/58FBC5C084243282-6c92-4632-9a9f-c3448f1d488c.WAV,train
logging,/Users/guidegiegg/งาน/โปรเจคเล็กๆ/PrePair_Sound/forest_sound_dataset/logging/13_11355.wav,logging/13_11355.wav,train
logging,/Users/guidegiegg/งาน/โปรเจคเล็กๆ/PrePair_Sound/forest_sound_dataset/logging/1-23706-A-49.wav,logging/1-23706-A-49.wav,train
natural sound,/Users/guidegiegg/งาน/โปรเจคเล็กๆ/PrePair_Sound/forest_sound_dataset/natural sound/if_necessary/18_11870.wav,natural sound/if_necessary/18_11870.wav,train
poaching,/Users/guidegiegg/งาน/โปรเจคเล็กๆ/PrePair_Sound/forest_sound_dataset/poaching/5C53AF7B_352e52f12b-12a7-452a-8d5c-ff3379c5d7109add197c-5f2a-4b9c-8546-79f8f2de49659a454fd7-fe81-40f8-84dd-f88641dfbc13.WAV,poaching/5C53AF7B_352e52f12b-12a7-452a-8d5c-ff3379c5d7109add197c-5f2a-4b9c-8546-79f8f2de49659a454fd7-fe81-40f8-84dd-f88641dfbc13.WAV,train
fire,/Users/guidegiegg/งาน/โปรเจคเล็กๆ/PrePair_Sound/forest_sound_dataset/fire/1_10150.wav,fire/1_10150.wav,train
natural sound,/Users/guidegiegg/งาน/โปรเจคเล็กๆ/PrePair_Sound/forest_sound_dataset/natural sound/22_12237.wav,natural sound/22_12237.wav,train
poaching,/Users/guidegiegg/งาน/โปรเจคเล็กๆ/PrePair_Sound/forest_sound_dataset/poaching/5BE21716_15ffcb1a7b-7644-4391-a2af-c1271cf2d196b037c2f6-08b7-4961-b96a-78cb56744167e8e55c60-a5b9-433d-8c21-c7520fc85331.WAV,poaching/5BE21716_15ffcb1a7b-7644-4391-a2af-c1271cf2d196b037c2f6-08b7-4961-b96a-78cb56744167e8e55c60-a5b9-433d-8c21-c7520fc85331.WAV,train
natural sound,/Users/guidegiegg/งาน/โปรเจคเล็กๆ/PrePair_Sound/forest_sound_dataset/natural sound/if_necessary/17_11752.wav,natural sound/if_necessary/17_11752.wav,train
logging,/Users/guidegiegg/งาน/โปรเจคเล็กๆ/PrePair_Sound/forest_sound_dataset/logging/7_10774.wav,logging/7_10774.wav,train
natural sound,/Users/guidegiegg/งาน/โปรเจคเล็กๆ/PrePair_Sound/forest_sound_dataset/natural sound/26_12619.wav,natural sound/26_12619.wav,train
poaching,/Users/guidegiegg/งาน/โปรเจคเล็กๆ/PrePair_Sound/forest_sound_dataset/poaching/5C2D7AD4_155f8486db-5917-40c6-9c80-3886b499efccd8da7ec0-17c2-4666-83e9-01301c722eab5a10152b-79cf-41e0-9458-f0308ebfa403.WAV,poaching/5C2D7AD4_155f8486db-5917-40c6-9c80-3886b499efccd8da7ec0-17c2-4666-83e9-01301c722eab5a10152b-79cf-41e0-9458-f0308ebfa403.WAV,train
fire,/Users/guidegiegg/งาน/โปรเจคเล็กๆ/PrePair_Sound/forest_sound_dataset/fire/5-193473-B-12.wav,fire/5-193473-B-12.wav,train
poaching,/Users/guidegiegg/งาน/โปรเจคเล็กๆ/PrePair_Sound/forest_sound_dataset/poaching/5C646288_4196ec1764-5437-40fe-a689-d082957fd8ec4a7af879-8317-4536-a202-4183408deb75a822378f-4a5b-4e51-aab0-dc9f9c594c9e.WAV,poaching/5C646288_4196ec1764-5437-40fe-a689-d082957fd8ec4a7af879-8317-4536-a202-4183408deb75a822378f-4a5b-4e51-aab0-dc9f9c594c9e.WAV,train
natural sound,/Users/guidegiegg/งาน/โปรเจคเล็กๆ/PrePair_Sound/forest_sound_dataset/natural sound/9_10908.wav,natural sound/9_10908.wav,train
natural sound,/Users/guidegiegg/งาน/โปรเจคเล็กๆ/PrePair_Sound/forest_sound_dataset/natural sound/5_10572.wav,natural sound/5_10572.wav,train
poaching,/Users/guidegiegg/งาน/โปรเจคเล็กๆ/PrePair_Sound/forest_sound_dataset/poaching/New folder/double-barrel-shotgun_018_dbs_0m_center_0502.wav,poaching/New folder/double-barrel-shotgun_018_dbs_0m_center_0502.wav,train
fire,/Users/guidegiegg/งาน/โปรเจคเล็กๆ/PrePair_Sound/forest_sound_dataset/fire/1_10119.wav,fire/1_10119.wav,train
fire,/Users/guidegiegg/งาน/โปรเจคเล็กๆ/PrePair_Sound/forest_sound_dataset/fire/1_10123.wav,fire/1_10123.wav,train
natural sound,/Users/guidegiegg/งาน/โปรเจคเล็กๆ/PrePair_Sound/forest_sound_dataset/natural sound/6_10617.wav,natural sound/6_10617.wav,train
natural sound,/Users/guidegiegg/งาน/โปรเจคเล็กๆ/PrePair_Sound/forest_sound_dataset/natural sound/if_necessary/17_11763.wav,natural sound/if_necessary/17_11763.wav,train
natural sound,/Users/guidegiegg/งาน/โปรเจคเล็กๆ/PrePair_Sound/forest_sound_dataset/natural sound/2_10204.wav,natural sound/2_10204.wav,train
natural sound,/Users/guidegiegg/งาน/โปรเจคเล็กๆ/PrePair_Sound/forest_sound_dataset/natural sound/if_necessary/17_11740.wav,natural sound/if_necessary/17_11740.wav,train
logging,/Users/guidegiegg/งาน/โปรเจคเล็กๆ/PrePair_Sound/forest_sound_dataset/logging/2-51630-B-49.wav,logging/2-51630-B-49.wav,train
natural sound,/Users/guidegiegg/งาน/โปรเจคเล็กๆ/PrePair_Sound/forest_sound_dataset/natural sound/26_12646.wav,natural sound/26_12646.wav,train
natural sound,/Users/guidegiegg/งาน/โปรเจคเล็กๆ/PrePair_Sound/forest_sound_dataset/natural sound/if_necessary/18_11869.wav,natural sound/if_necessary/18_11869.wav,train
natural sound,/Users/guidegiegg/งาน/โปรเจคเล็กๆ/PrePair_Sound/forest_sound_dataset/natural sound/3_10329.wav,natural sound/3_10329.wav,train
natural sound,/Users/guidegiegg/งาน/โปรเจคเล็กๆ/PrePair_Sound/forest_sound_dataset/natural sound/25_12559.wav,natural sound/25_12559.wav,train
poaching,/Users/guidegiegg/งาน/โปรเจคเล็กๆ/PrePair_Sound/forest_sound_dataset/poaching/5BE2175E_478b811f37-9d62-4ba0-88c4-bcdb5e19dfa00813c16f-12c0-4e8a-9f87-6ed45b05a330dc00a296-ab8c-4d46-9499-144a40fbf6f1.WAV,poaching/5BE2175E_478b811f37-9d62-4ba0-88c4-bcdb5e19dfa00813c16f-12c0-4e8a-9f87-6ed45b05a330dc00a296-ab8c-4d46-9499-144a40fbf6f1.WAV,train
natural sound,/Users/guidegiegg/งาน/โปรเจคเล็กๆ/PrePair_Sound/forest_sound_dataset/natural sound/21_12104.wav,natural sound/21_12104.wav,train
natural sound,/Users/guidegiegg/งาน/โปรเจคเล็กๆ/PrePair_Sound/forest_sound_dataset/natural sound/25_12572.wav,natural sound/25_12572.wav,train
logging,/Users/guidegiegg/งาน/โปรเจคเล็กๆ/PrePair_Sound/forest_sound_dataset/logging/7_10710.wav,logging/7_10710.wav,train
natural sound,/Users/guidegiegg/งาน/โปรเจคเล็กๆ/PrePair_Sound/forest_sound_dataset/natural sound/4_10409.wav,natural sound/4_10409.wav,train
logging,/Users/guidegiegg/งาน/โปรเจคเล็กๆ/PrePair_Sound/forest_sound_dataset/logging/4-169127-B-41.wav,logging/4-169127-B-41.wav,train
logging,/Users/guidegiegg/งาน/โปรเจคเล็กๆ/PrePair_Sound/forest_sound_dataset/logging/13_11350.wav,logging/13_11350.wav,train
logging,/Users/guidegiegg/งาน/โปรเจคเล็กๆ/PrePair_Sound/forest_sound_dataset/logging/13_11358.wav,logging/13_11358.wav,train
logging,/Users/guidegiegg/งาน/โปรเจคเล็กๆ/PrePair_Sound/forest_sound_dataset/logging/7_10768.wav,logging/7_10768.wav,train
natural sound,/Users/guidegiegg/งาน/โปรเจคเล็กๆ/PrePair_Sound/forest_sound_dataset/natural sound/if_necessary/20_12063.wav,natural sound/if_necessary/20_12063.wav,train
poaching,/Users/guidegiegg/งาน/โปรเจคเล็กๆ/PrePair_Sound/forest_sound_dataset/poaching/5C524E06_75c15f6bfb-7730-4257-b2dc-437549a95ffd834e1b13-4727-43a7-a06c-30c8ec0e1ab74d32cc90-e038-4e66-b460-87023b7bce86.WAV,poaching/5C524E06_75c15f6bfb-7730-4257-b2dc-437549a95ffd834e1b13-4727-43a7-a06c-30c8ec0e1ab74d32cc90-e038-4e66-b460-87023b7bce86.WAV,train
poaching,/Users/guidegiegg/งาน/โปรเจคเล็กๆ/PrePair_Sound/forest_sound_dataset/poaching/5BC8833B_43272d404c-7e40-4298-93b9-51f1ddd4faddcb69f375-b65b-432a-8f2e-645ffdcb369619f04e9a-ae41-493b-bac0-24ced21e156c.WAV,poaching/5BC8833B_43272d404c-7e40-4298-93b9-51f1ddd4faddcb69f375-b65b-432a-8f2e-645ffdcb369619f04e9a-ae41-493b-bac0-24ced21e156c.WAV,train
poaching,/Users/guidegiegg/งาน/โปรเจคเล็กๆ/PrePair_Sound/forest_sound_dataset/poaching/14_11433.wav,poaching/14_11433.wav,train
fire,/Users/guidegiegg/งาน/โปรเจคเล็กๆ/PrePair_Sound/forest_sound_dataset/fire/1_10121.wav,fire/1_10121.wav,train
logging,/Users/guidegiegg/งาน/โปรเจคเล็กๆ/PrePair_Sound/forest_sound_dataset/logging/13_11340.wav,logging/13_11340.wav,train
fire,/Users/guidegiegg/งาน/โปรเจคเล็กๆ/PrePair_Sound/forest_sound_dataset/fire/y2mate.com - DD Ambience  Building on Fire  Blaze Inferno Wood Cracking Collapsing Loud Stressing_1_46.wav,fire/y2mate.com - DD Ambience  Building on Fire  Blaze Inferno Wood Cracking Collapsing Loud Stressing_1_46.wav,train
poaching,/Users/guidegiegg/งาน/โปรเจคเล็กๆ/PrePair_Sound/forest_sound_dataset/poaching/58FBC600e0116c8c-bfd2-4e09-b506-cebcc74870e8.WAV,poaching/58FBC600e0116c8c-bfd2-4e09-b506-cebcc74870e8.WAV,train
poaching,/Users/guidegiegg/งาน/โปรเจคเล็กๆ/PrePair_Sound/forest_sound_dataset/poaching/5AF8B8D8_3c9002aa1-85d7-420c-b482-85a72c8ea04f27fd268e-1c73-4eb0-8716-281db67018f739342a60-a31d-4874-8945-98289292da8a.WAV,poaching/5AF8B8D8_3c9002aa1-85d7-420c-b482-85a72c8ea04f27fd268e-1c73-4eb0-8716-281db67018f739342a60-a31d-4874-8945-98289292da8a.WAV,train
natural sound,/Users/guidegiegg/งาน/โปรเจคเล็กๆ/PrePair_Sound/forest_sound_dataset/natural sound/if_necessary/19_11940.wav,natural sound/if_necessary/19_11940.wav,train
logging,/Users/guidegiegg/งาน/โปรเจคเล็กๆ/PrePair_Sound/forest_sound_dataset/logging/11_11139.wav,logging/11_11139.wav,train
poaching,/Users/guidegiegg/งาน/โปรเจคเล็กๆ/PrePair_Sound/forest_sound_dataset/poaching/5C24336B_34ffd29a35-925d-43a4-8382-0a128dfa0a839b5f3bbf-3b7a-4c9f-be45-c4793c1554dbcf5fb14e-4175-410e-bdf4-5423dd613b9f.WAV,poaching/5C24336B_34ffd29a35-925d-43a4-8382-0a128dfa0a839b5f3bbf-3b7a-4c9f-be45-c4793c1554dbcf5fb14e-4175-410e-bdf4-5423dd613b9f.WAV,train
natural sound,/Users/guidegiegg/งาน/โปรเจคเล็กๆ/PrePair_Sound/forest_sound_dataset/natural sound/if_necessary/17_11728.wav,natural sound/if_necessary/17_11728.wav,train
poaching,/Users/guidegiegg/งาน/โปรเจคเล็กๆ/PrePair_Sound/forest_sound_dataset/poaching/5AF8B8DC_5360af9b1-0499-4e70-8111-e0876f439c071ed9f5f2-c502-435e-ab4e-736468b540373563994b-63a3-4f6e-bd40-374de1295b24.WAV,poaching/5AF8B8DC_5360af9b1-0499-4e70-8111-e0876f439c071ed9f5f2-c502-435e-ab4e-736468b540373563994b-63a3-4f6e-bd40-374de1295b24.WAV,train
poaching,/Users/guidegiegg/งาน/โปรเจคเล็กๆ/PrePair_Sound/forest_sound_dataset/poaching/5C5CF083_478648526d-3730-43ce-a272-ea55e0358da5cf2c8893-aef4-42b1-8dc9-91f97b178a6a501417de-7ae5-4f3c-be2b-b6b60a905892.WAV,poaching/5C5CF083_478648526d-3730-43ce-a272-ea55e0358da5cf2c8893-aef4-42b1-8dc9-91f97b178a6a501417de-7ae5-4f3c-be2b-b6b60a905892.WAV,train
logging,/Users/guidegiegg/งาน/โปรเจคเล็กๆ/PrePair_Sound/forest_sound_dataset/logging/7_10762.wav,logging/7_10762.wav,train
poaching,/Users/guidegiegg/งาน/โปรเจคเล็กๆ/PrePair_Sound/forest_sound_dataset/poaching/58FBC59Aa8d7bd93-ca33-475d-a4d4-c71051dbca91.WAV,poaching/58FBC59Aa8d7bd93-ca33-475d-a4d4-c71051dbca91.WAV,train
natural sound,/Users/guidegiegg/งาน/โปรเจคเล็กๆ/PrePair_Sound/forest_sound_dataset/natural sound/22_12209.wav,natural sound/22_12209.wav,train
natural sound,/Users/guidegiegg/งาน/โปรเจคเล็กๆ/PrePair_Sound/forest_sound_dataset/natural sound/24_12470.wav,natural sound/24_12470.wav,train
poaching,/Users/guidegiegg/งาน/โปรเจคเล็กๆ/PrePair_Sound/forest_sound_dataset/poaching/15_11514.wav,poaching/15_11514.wav,train
natural sound,/Users/guidegiegg/งาน/โปรเจคเล็กๆ/PrePair_Sound/forest_sound_dataset/natural sound/22_12213.wav,natural sound/22_12213.wav,train
poaching,/Users/guidegiegg/งาน/โปรเจคเล็กๆ/PrePair_Sound/forest_sound_dataset/poaching/5C5CEFC9_2004e9756d-d342-4d87-acfc-55bb9fa6401e5126de7c-2cc7-4666-a16b-555a43ba1da16217de97-7991-4e6b-ac2b-6b777940529f.WAV,poaching/5C5CEFC9_2004e9756d-d342-4d87-acfc-55bb9fa6401e5126de7c-2cc7-4666-a16b-555a43ba1da16217de97-7991-4e6b-ac2b-6b777940529f.WAV,train
natural sound,/Users/guidegiegg/งาน/โปรเจคเล็กๆ/PrePair_Sound/forest_sound_dataset/natural sound/3_10318.wav,natural sound/3_10318.wav,train
natural sound,/Users/guidegiegg/งาน/โปรเจคเล็กๆ/PrePair_Sound/forest_sound_dataset/natural sound/6_10636.wav,natural sound/6_10636.wav,train
poaching,/Users/guidegiegg/งาน/โปรเจคเล็กๆ/PrePair_Sound/forest_sound_dataset/poaching/5C2F532B_63a3213c93-f9c7-4263-bf48-1545b86eaafff0abe3cd-f828-4e26-8aed-32554c3815997a4731c0-8b4e-4cb3-b524-0ce566dc5ed8.WAV,poaching/5C2F532B_63a3213c93-f9c7-4263-bf48-1545b86eaafff0abe3cd-f828-4e26-8aed-32554c3815997a4731c0-8b4e-4cb3-b524-0ce566dc5ed8.WAV,train
poaching,/Users/guidegiegg/งาน/โปรเจคเล็กๆ/PrePair_Sound/forest_sound_dataset/poaching/5B48AA4C_271a548a11-392b-47a5-90bf-429a1a2e05cdc359be56-707b-4194-be13-33867c38cdfe1868c9c0-12c4-49db-aca3-ecc1962a91f9.WAV,poaching/5B48AA4C_271a548a11-392b-47a5-90bf-429a1a2e05cdc359be56-707b-4194-be13-33867c38cdfe1868c9c0-12c4-49db-aca3-ecc1962a91f9.WAV,train
natural sound,/Users/guidegiegg/งาน/โปรเจคเล็กๆ/PrePair_Sound/forest_sound_dataset/natural sound/26_12665.wav,natural sound/26_12665.wav,train
natural sound,/Users/guidegiegg/งาน/โปรเจคเล็กๆ/PrePair_Sound/forest_sound_dataset/natural sound/23_12329.wav,natural sound/23_12329.wav,train
poaching,/Users/guidegiegg/งาน/โปรเจคเล็กๆ/PrePair_Sound/forest_sound_dataset/poaching/601AE757.WAV,poaching/601AE757.WAV,train
poaching,/Users/guidegiegg/งาน/โปรเจคเล็กๆ/PrePair_Sound/forest_sound_dataset/poaching/15_11530.wav,poaching/15_11530.wav,train
fire,/Users/guidegiegg/งาน/โปรเจคเล็กๆ/PrePair_Sound/forest_sound_dataset/fire/1_10144.wav,fire/1_10144.wav,train
natural sound,/Users/guidegiegg/งาน/โปรเจคเล็กๆ/PrePair_Sound/forest_sound_dataset/natural sound/22_12261.wav,natural sound/22_12261.wav,train
fire,/Users/guidegiegg/งาน/โปรเจคเล็กๆ/PrePair_Sound/forest_sound_dataset/fire/y2mate.com - DD Ambience  Building on Fire  Blaze Inferno Wood Cracking Collapsing Loud Stressing_03.wav,fire/y2mate.com - DD Ambience  Building on Fire  Blaze Inferno Wood Cracking Collapsing Loud Stressing_03.wav,train
poaching,/Users/guidegiegg/งาน/โปรเจคเล็กๆ/PrePair_Sound/forest_sound_dataset/poaching/5C39573C_122d8aec33-3c24-4722-b978-c6d28d7c1043632d0b95-9e8a-48a5-b17d-ad3a9db56f84ee904ee6-bacd-4b98-9ccb-f8d9c49df7da.WAV,poaching/5C39573C_122d8aec33-3c24-4722-b978-c6d28d7c1043632d0b95-9e8a-48a5-b17d-ad3a9db56f84ee904ee6-bacd-4b98-9ccb-f8d9c49df7da.WAV,train
fire,/Users/guidegiegg/งาน/โปรเจคเล็กๆ/PrePair_Sound/forest_sound_dataset/fire/y2mate.com - DD Ambience  Building on Fire  Blaze Inferno Wood Cracking Collapsing Loud Stressing_19.wav,fire/y2mate.com - DD Ambience  Building on Fire  Blaze Inferno Wood Cracking Collapsing Loud Stressing_19.wav,train
logging,/Users/guidegiegg/งาน/โปรเจคเล็กๆ/PrePair_Sound/forest_sound_dataset/logging/10_11036.wav,logging/10_11036.wav,train
natural sound,/Users/guidegiegg/งาน/โปรเจคเล็กๆ/PrePair_Sound/forest_sound_dataset/natural sound/if_necessary/20_12044.wav,natural sound/if_necessary/20_12044.wav,train
poaching,/Users/guidegiegg/งาน/โปรเจคเล็กๆ/PrePair_Sound/forest_sound_dataset/poaching/15_11575.wav,poaching/15_11575.wav,train
natural sound,/Users/guidegiegg/งาน/โปรเจคเล็กๆ/PrePair_Sound/forest_sound_dataset/natural sound/27_12707.wav,natural sound/27_12707.wav,train
natural sound,/Users/guidegiegg/งาน/โปรเจคเล็กๆ/PrePair_Sound/forest_sound_dataset/natural sound/if_necessary/19_11905.wav,natural sound/if_necessary/19_11905.wav,train
natural sound,/Users/guidegiegg/งาน/โปรเจคเล็กๆ/PrePair_Sound/forest_sound_dataset/natural sound/2_10243.wav,natural sound/2_10243.wav,train
natural sound,/Users/guidegiegg/งาน/โปรเจคเล็กๆ/PrePair_Sound/forest_sound_dataset/natural sound/22_12234.wav,natural sound/22_12234.wav,train
fire,/Users/guidegiegg/งาน/โปรเจคเล็กๆ/PrePair_Sound/forest_sound_dataset/fire/4-164661-A-12.wav,fire/4-164661-A-12.wav,train
natural sound,/Users/guidegiegg/งาน/โปรเจคเล็กๆ/PrePair_Sound/forest_sound_dataset/natural sound/if_necessary/19_11922.wav,natural sound/if_necessary/19_11922.wav,train
logging,/Users/guidegiegg/งาน/โปรเจคเล็กๆ/PrePair_Sound/forest_sound_dataset/logging/7_10716.wav,logging/7_10716.wav,train
natural sound,/Users/guidegiegg/งาน/โปรเจคเล็กๆ/PrePair_Sound/forest_sound_dataset/natural sound/23_12328.wav,natural sound/23_12328.wav,train
poaching,/Users/guidegiegg/งาน/โปรเจคเล็กๆ/PrePair_Sound/forest_sound_dataset/poaching/14_11444.wav,poaching/14_11444.wav,train
poaching,/Users/guidegiegg/งาน/โปรเจคเล็กๆ/PrePair_Sound/forest_sound_dataset/poaching/5C6461FD_853997c65e-78d9-4040-8c92-d782709cfc11ee985fa6-76b4-43e8-81d7-f8547e180b9882e05b85-94d9-4b4a-8bc9-f8db2fe03a4d.WAV,poaching/5C6461FD_853997c65e-78d9-4040-8c92-d782709cfc11ee985fa6-76b4-43e8-81d7-f8547e180b9882e05b85-94d9-4b4a-8bc9-f8db2fe03a4d.WAV,train
natural sound,/Users/guidegiegg/งาน/โปรเจคเล็กๆ/PrePair_Sound/forest_sound_dataset/natural sound/6_10602.wav,natural sound/6_10602.wav,train
natural sound,/Users/guidegiegg/งาน/โปรเจคเล็กๆ/PrePair_Sound/forest_sound_dataset/natural sound/3_10315.wav,natural sound/3_10315.wav,train
logging,/Users/guidegiegg/งาน/โปรเจคเล็กๆ/PrePair_Sound/forest_sound_dataset/logging/5-250258-A-49.wav,logging/5-250258-A-49.wav,train
logging,/Users/guidegiegg/งาน/โปรเจคเล็กๆ/PrePair_Sound/forest_sound_dataset/logging/11_11164.wav,logging/11_11164.wav,train
poaching,/Users/guidegiegg/งาน/โปรเจคเล็กๆ/PrePair_Sound/forest_sound_dataset/poaching/5B579A5B_29d5ebbddb-8775-42aa-a444-1ccf2028fe93a4f38a55-9911-466e-b369-eaff88db6d2379e3dc56-5777-4e2e-96c5-ebc899e3ae1e.WAV,poaching/5B579A5B_29d5ebbddb-8775-42aa-a444-1ccf2028fe93a4f38a55-9911-466e-b369-eaff88db6d2379e3dc56-5777-4e2e-96c5-ebc899e3ae1e.WAV,train
poaching,/Users/guidegiegg/งาน/โปรเจคเล็กๆ/PrePair_Sound/forest_sound_dataset/poaching/15_11543.wav,poaching/15_11543.wav,train
fire,/Users/guidegiegg/งาน/โปรเจคเล็กๆ/PrePair_Sound/forest_sound_dataset/fire/1_10102.wav,fire/1_10102.wav,train
natural sound,/Users/guidegiegg/งาน/โปรเจคเล็กๆ/PrePair_Sound/forest_sound_dataset/natural sound/3_10358.wav,natural sound/3_10358.wav,train
logging,/Users/guidegiegg/งาน/โปรเจคเล็กๆ/PrePair_Sound/forest_sound_dataset/logging/16_11636.wav,logging/16_11636.wav,train
fire,/Users/guidegiegg/งาน/โปรเจคเล็กๆ/PrePair_Sound/forest_sound_dataset/fire/y2mate.com - DD Ambience  Building on Fire  Blaze Inferno Wood Cracking Collapsing Loud Stressing_1_52.wav,fire/y2mate.com - DD Ambience  Building on Fire  Blaze Inferno Wood Cracking Collapsing Loud Stressing_1_52.wav,train
fire,/Users/guidegiegg/งาน/โปรเจคเล็กๆ/PrePair_Sound/forest_sound_dataset/fire/1-17808-A-12.wav,fire/1-17808-A-12.wav,train
natural sound,/Users/guidegiegg/งาน/โปรเจคเล็กๆ/PrePair_Sound/forest_sound_dataset/natural sound/27_12765.wav,natural sound/27_12765.wav,train
natural sound,/Users/guidegiegg/งาน/โปรเจคเล็กๆ/PrePair_Sound/forest_sound_dataset/natural sound/25_12528.wav,natural sound/25_12528.wav,train
natural sound,/Users/guidegiegg/งาน/โปรเจคเล็กๆ/PrePair_Sound/forest_sound_dataset/natural sound/if_necessary/20_12074.wav,natural sound/if_necessary/20_12074.wav,train
natural sound,/Users/guidegiegg/งาน/โปรเจคเล็กๆ/PrePair_Sound/forest_sound_dataset/natural sound/if_necessary/17_11762.wav,natural sound/if_necessary/17_11762.wav,train
natural sound,/Users/guidegiegg/งาน/โปรเจคเล็กๆ/PrePair_Sound/forest_sound_dataset/natural sound/23_12307.wav,natural sound/23_12307.wav,train
poaching,/Users/guidegiegg/งาน/โปรเจคเล็กๆ/PrePair_Sound/forest_sound_dataset/poaching/15_11564.wav,poaching/15_11564.wav,train
natural sound,/Users/guidegiegg/งาน/โปรเจคเล็กๆ/PrePair_Sound/forest_sound_dataset/natural sound/3_10337.wav,natural sound/3_10337.wav,train
fire,/Users/guidegiegg/งาน/โปรเจคเล็กๆ/PrePair_Sound/forest_sound_dataset/fire/videoplayback_09.wav,fire/videoplayback_09.wav,train
fire,/Users/guidegiegg/งาน/โปรเจคเล็กๆ/PrePair_Sound/forest_sound_dataset/fire/4-170247-B-12.wav,fire/4-170247-B-12.wav,train
natural sound,/Users/guidegiegg/งาน/โปรเจคเล็กๆ/PrePair_Sound/forest_sound_dataset/natural sound/6_10651.wav,natural sound/6_10651.wav,train
natural sound,/Users/guidegiegg/งาน/โปรเจคเล็กๆ/PrePair_Sound/forest_sound_dataset/natural sound/25_12560.wav,natural sound/25_12560.wav,train
logging,/Users/guidegiegg/งาน/โปรเจคเล็กๆ/PrePair_Sound/forest_sound_dataset/logging/7_10775.wav,logging/7_10775.wav,train
fire,/Users/guidegiegg/งาน/โปรเจคเล็กๆ/PrePair_Sound/forest_sound_dataset/fire/1-17742-A-12.wav,fire/1-17742-A-12.wav,train
logging,/Users/guidegiegg/งาน/โปรเจคเล็กๆ/PrePair_Sound/forest_sound_dataset/logging/16_11627.wav,logging/16_11627.wav,train
poaching,/Users/guidegiegg/งาน/โปรเจคเล็กๆ/PrePair_Sound/forest_sound_dataset/poaching/5AF8B8E8_71a13ebb5-9e00-410f-ad09-272c42fc9daf2d4af09a-afa9-49cf-bb24-ef5448e9b0a409fd2ea0-5782-442a-970d-754a55254510.WAV,poaching/5AF8B8E8_71a13ebb5-9e00-410f-ad09-272c42fc9daf2d4af09a-afa9-49cf-bb24-ef5448e9b0a409fd2ea0-5782-442a-970d-754a55254510.WAV,train
fire,/Users/guidegiegg/งาน/โปรเจคเล็กๆ/PrePair_Sound/forest_sound_dataset/fire/1_10168.wav,fire/1_10168.wav,train
poaching,/Users/guidegiegg/งาน/โปรเจคเล็กๆ/PrePair_Sound/forest_sound_dataset/poaching/15_11501.wav,poaching/15_11501.wav,train
natural sound,/Users/guidegiegg/งาน/โปรเจคเล็กๆ/PrePair_Sound/forest_sound_dataset/natural sound/4_10453.wav,natural sound/4_10453.wav,train
natural sound,/Users/guidegiegg/งาน/โปรเจคเล็กๆ/PrePair_Sound/forest_sound_dataset/natural sound/22_12210.wav,natural sound/22_12210.wav,train
natural sound,/Users/guidegiegg/งาน/โปรเจคเล็กๆ/PrePair_Sound/forest_sound_dataset/natural sound/23_12334.wav,natural sound/23_12334.wav,train
poaching,/Users/guidegiegg/งาน/โปรเจคเล็กๆ/PrePair_Sound/forest_sound_dataset/poaching/New folder/sig-p225_023_SA_210B_S01.wav,poaching/New folder/sig-p225_023_SA_210B_S01.wav,train
natural sound,/Users/guidegiegg/งาน/โปรเจคเล็กๆ/PrePair_Sound/forest_sound_dataset/natural sound/4_10428.wav,natural sound/4_10428.wav,train
natural sound,/Users/guidegiegg/งาน/โปรเจคเล็กๆ/PrePair_Sound/forest_sound_dataset/natural sound/26_12601.wav,natural sound/26_12601.wav,train
natural sound,/Users/guidegiegg/งาน/โปรเจคเล็กๆ/PrePair_Sound/forest_sound_dataset/natural sound/3_10305.wav,natural sound/3_10305.wav,train
poaching,/Users/guidegiegg/งาน/โปรเจคเล็กๆ/PrePair_Sound/forest_sound_dataset/poaching/58FBD3DA11fa4796-b2f8-4574-ab58-976e65ec2ef2.WAV,poaching/58FBD3DA11fa4796-b2f8-4574-ab58-976e65ec2ef2.WAV,train
natural sound,/Users/guidegiegg/งาน/โปรเจคเล็กๆ/PrePair_Sound/forest_sound_dataset/natural sound/22_12247.wav,natural sound/22_12247.wav,train
fire,/Users/guidegiegg/งาน/โปรเจคเล็กๆ/PrePair_Sound/forest_sound_dataset/fire/videoplayback_40.wav,fire/videoplayback_40.wav,train
fire,/Users/guidegiegg/งาน/โปรเจคเล็กๆ/PrePair_Sound/forest_sound_dataset/fire/y2mate.com - DD Ambience  Building on Fire  Blaze Inferno Wood Cracking Collapsing Loud Stressing_54.wav,fire/y2mate.com - DD Ambience  Building on Fire  Blaze Inferno Wood Cracking Collapsing Loud Stressing_54.wav,train
natural sound,/Users/guidegiegg/งาน/โปรเจคเล็กๆ/PrePair_Sound/forest_sound_dataset/natural sound/27_12704.wav,natural sound/27_12704.wav,train
natural sound,/Users/guidegiegg/งาน/โปรเจคเล็กๆ/PrePair_Sound/forest_sound_dataset/natural sound/26_12642.wav,natural sound/26_12642.wav,train
natural sound,/Users/guidegiegg/งาน/โปรเจคเล็กๆ/PrePair_Sound/forest_sound_dataset/natural sound/24_12468.wav,natural sound/24_12468.wav,train
logging,/Users/guidegiegg/งาน/โปรเจคเล็กๆ/PrePair_Sound/forest_sound_dataset/logging/2-68391-B-41.wav,logging/2-68391-B-41.wav,train
natural sound,/Users/guidegiegg/งาน/โปรเจคเล็กๆ/PrePair_Sound/forest_sound_dataset/natural sound/9_10968.wav,natural sound/9_10968.wav,train
logging,/Users/guidegiegg/งาน/โปรเจคเล็กๆ/PrePair_Sound/forest_sound_dataset/logging/10_11067.wav,logging/10_11067.wav,train
natural sound,/Users/guidegiegg/งาน/โปรเจคเล็กๆ/PrePair_Sound/forest_sound_dataset/natural sound/if_necessary/18_11816.wav,natural sound/if_necessary/18_11816.wav,train
poaching,/Users/guidegiegg/งาน/โปรเจคเล็กๆ/PrePair_Sound/forest_sound_dataset/poaching/5C29704E_26bc5dfd5c-980e-4202-ac0b-c8ec6083e7e4f939e9a4-6874-4001-b251-d4a57154b358b5578d09-4c61-43ec-9b93-f57fd6550ad6.WAV,poaching/5C29704E_26bc5dfd5c-980e-4202-ac0b-c8ec6083e7e4f939e9a4-6874-4001-b251-d4a57154b358b5578d09-4c61-43ec-9b93-f57fd6550ad6.WAV,train
logging,/Users/guidegiegg/งาน/โปรเจคเล็กๆ/PrePair_Sound/forest_sound_dataset/logging/10_11065.wav,logging/10_11065.wav,train
natural sound,/Users/guidegiegg/งาน/โปรเจคเล็กๆ/PrePair_Sound/forest_sound_dataset/natural sound/if_necessary/18_11814.wav,natural sound/if_necessary/18_11814.wav,train
natural sound,/Users/guidegiegg/งาน/โปรเจคเล็กๆ/PrePair_Sound/forest_sound_dataset/natural sound/4_10430.wav,natural sound/4_10430.wav,train
logging,/Users/guidegiegg/งาน/โปรเจคเล็กๆ/PrePair_Sound/forest_sound_dataset/logging/7_10773.wav,logging/7_10773.wav,train
natural sound,/Users/guidegiegg/งาน/โปรเจคเล็กๆ/PrePair_Sound/forest_sound_dataset/natural sound/9_10914.wav,natural sound/9_10914.wav,train
natural sound,/Users/guidegiegg/งาน/โปรเจคเล็กๆ/PrePair_Sound/forest_sound_dataset/natural sound/8_10860.wav,natural sound/8_10860.wav,train
natural sound,/Users/guidegiegg/งาน/โปรเจคเล็กๆ/PrePair_Sound/forest_sound_dataset/natural sound/6_10669.wav,natural sound/6_10669.wav,train
natural sound,/Users/guidegiegg/งาน/โปรเจคเล็กๆ/PrePair_Sound/forest_sound_dataset/natural sound/25_12575.wav,natural sound/25_12575.wav,train
logging,/Users/guidegiegg/งาน/โปรเจคเล็กๆ/PrePair_Sound/forest_sound_dataset/logging/10_11039.wav,logging/10_11039.wav,train
poaching,/Users/guidegiegg/งาน/โปรเจคเล็กๆ/PrePair_Sound/forest_sound_dataset/poaching/5C3961E0_2050672368-118f-4675-bee2-5a032beb503491f52a26-90fe-40b0-8b45-ac90899e946f93b40444-2d07-4da8-9e00-8cae1f2c5ef0.WAV,poaching/5C3961E0_2050672368-118f-4675-bee2-5a032beb503491f52a26-90fe-40b0-8b45-ac90899e946f93b40444-2d07-4da8-9e00-8cae1f2c5ef0.WAV,train
natural sound,/Users/guidegiegg/งาน/โปรเจคเล็กๆ/PrePair_Sound/forest_sound_dataset/natural sound/3_10368.wav,natural sound/3_10368.wav,train
natural sound,/Users/guidegiegg/งาน/โปรเจคเล็กๆ/PrePair_Sound/forest_sound_dataset/natural sound/25_12540.wav,natural sound/25_12540.wav,train
natural sound,/Users/guidegiegg/งาน/โปรเจคเล็กๆ/PrePair_Sound/forest_sound_dataset/natural sound/if_necessary/17_11731.wav,natural sound/if_necessary/17_11731.wav,train
natural sound,/Users/guidegiegg/งาน/โปรเจคเล็กๆ/PrePair_Sound/forest_sound_dataset/natural sound/if_necessary/17_11747.wav,natural sound/if_necessary/17_11747.wav,train
natural sound,/Users/guidegiegg/งาน/โปรเจคเล็กๆ/PrePair_Sound/forest_sound_dataset/natural sound/if_necessary/18_11861.wav,natural sound/if_necessary/18_11861.wav,train
natural sound,/Users/guidegiegg/งาน/โปรเจคเล็กๆ/PrePair_Sound/forest_sound_dataset/natural sound/if_necessary/18_11864.wav,natural sound/if_necessary/18_11864.wav,train
poaching,/Users/guidegiegg/งาน/โปรเจคเล็กๆ/PrePair_Sound/forest_sound_dataset/poaching/5C4DB33D_831ca91df4-f8dd-4068-ae7b-100bb4315a2f00dc260a-8913-4eab-9cb6-13f7363140d66750dbc1-6e07-4442-8d7e-7e8659c120ab.WAV,poaching/5C4DB33D_831ca91df4-f8dd-4068-ae7b-100bb4315a2f00dc260a-8913-4eab-9cb6-13f7363140d66750dbc1-6e07-4442-8d7e-7e8659c120ab.WAV,train
natural sound,/Users/guidegiegg/งาน/โปรเจคเล็กๆ/PrePair_Sound/forest_sound_dataset/natural sound/24_12457.wav,natural sound/24_12457.wav,train
poaching,/Users/guidegiegg/งาน/โปรเจคเล็กๆ/PrePair_Sound/forest_sound_dataset/poaching/5BF004EC_2219f86276-afd8-475d-9e20-c670aca99d79647dbabd-920c-4f80-a1b7-032a1e3e8dfca1ce9375-7d1a-47a0-ac7d-3c2e8ad32c0d.WAV,poaching/5BF004EC_2219f86276-afd8-475d-9e20-c670aca99d79647dbabd-920c-4f80-a1b7-032a1e3e8dfca1ce9375-7d1a-47a0-ac7d-3c2e8ad32c0d.WAV,train
poaching,/Users/guidegiegg/งาน/โปรเจคเล็กๆ/PrePair_Sound/forest_sound_dataset/poaching/5B61075F_805cf6a58-afe1-4ac5-89e0-5e645f7f43c59d00edac-031c-4230-93a0-3b7f1eec37c01502be92-de6b-4866-87c1-b363fc8620a0.WAV,poaching/5B61075F_805cf6a58-afe1-4ac5-89e0-5e645f7f43c59d00edac-031c-4230-93a0-3b7f1eec37c01502be92-de6b-4866-87c1-b363fc8620a0.WAV,train
poaching,/Users/guidegiegg/งาน/โปรเจคเล็กๆ/PrePair_Sound/forest_sound_dataset/poaching/5B870D17_15bc4e89a1-db81-4e25-a1bf-30f7d4b879301080a77f-942f-4de4-9357-51be486d2a0cda9f683a-a79c-4c1d-b73d-c1a4636e9e21.WAV,poaching/5B870D17_15bc4e89a1-db81-4e25-a1bf-30f7d4b879301080a77f-942f-4de4-9357-51be486d2a0cda9f683a-a79c-4c1d-b73d-c1a4636e9e21.WAV,train
natural sound,/Users/guidegiegg/งาน/โปรเจคเล็กๆ/PrePair_Sound/forest_sound_dataset/natural sound/24_12402.wav,natural sound/24_12402.wav,train
natural sound,/Users/guidegiegg/งาน/โปรเจคเล็กๆ/PrePair_Sound/forest_sound_dataset/natural sound/27_12703.wav,natural sound/27_12703.wav,train
natural sound,/Users/guidegiegg/งาน/โปรเจคเล็กๆ/PrePair_Sound/forest_sound_dataset/natural sound/if_necessary/18_11805.wav,natural sound/if_necessary/18_11805.wav,train
natural sound,/Users/guidegiegg/งาน/โปรเจคเล็กๆ/PrePair_Sound/forest_sound_dataset/natural sound/24_12467.wav,natural sound/24_12467.wav,train
poaching,/Users/guidegiegg/งาน/โปรเจคเล็กๆ/PrePair_Sound/forest_sound_dataset/poaching/5BF33B4C_58a337f04c-1122-4cb6-86c6-70523d83d43df56da72d-c0b5-4472-b35a-3c01e524d5972bcb0387-5ce2-4c50-9fd8-b7de2baa5836.WAV,poaching/5BF33B4C_58a337f04c-1122-4cb6-86c6-70523d83d43df56da72d-c0b5-4472-b35a-3c01e524d5972bcb0387-5ce2-4c50-9fd8-b7de2baa5836.WAV,train
natural sound,/Users/guidegiegg/งาน/โปรเจคเล็กๆ/PrePair_Sound/forest_sound_dataset/natural sound/5_10557.wav,natural sound/5_10557.wav,train
natural sound,/Users/guidegiegg/งาน/โปรเจคเล็กๆ/PrePair_Sound/forest_sound_dataset/natural sound/if_necessary/18_11808.wav,natural sound/if_necessary/18_11808.wav,train
logging,/Users/guidegiegg/งาน/โปรเจคเล็กๆ/PrePair_Sound/forest_sound_dataset/logging/7_10717.wav,logging/7_10717.wav,train
natural sound,/Users/guidegiegg/งาน/โปรเจคเล็กๆ/PrePair_Sound/forest_sound_dataset/natural sound/21_12133.wav,natural sound/21_12133.wav,train
natural sound,/Users/guidegiegg/งาน/โปรเจคเล็กๆ/PrePair_Sound/forest_sound_dataset/natural sound/24_12463.wav,natural sound/24_12463.wav,train
natural sound,/Users/guidegiegg/งาน/โปรเจคเล็กๆ/PrePair_Sound/forest_sound_dataset/natural sound/24_12474.wav,natural sound/24_12474.wav,train
poaching,/Users/guidegiegg/งาน/โปรเจคเล็กๆ/PrePair_Sound/forest_sound_dataset/poaching/5BCB9137_5d291acf3-3392-447b-905a-0c4ea026ec06bf208ecc-028f-4930-95b8-23913ff1ae0ff9d3aec4-b7ff-4f30-abb9-fc68b74efe1b.WAV,poaching/5BCB9137_5d291acf3-3392-447b-905a-0c4ea026ec06bf208ecc-028f-4930-95b8-23913ff1ae0ff9d3aec4-b7ff-4f30-abb9-fc68b74efe1b.WAV,train
fire,/Users/guidegiegg/งาน/โปรเจคเล็กๆ/PrePair_Sound/forest_sound_dataset/fire/videoplayback_03.wav,fire/videoplayback_03.wav,train
natural sound,/Users/guidegiegg/งาน/โปรเจคเล็กๆ/PrePair_Sound/forest_sound_dataset/natural sound/4_10463.wav,natural sound/4_10463.wav,train
poaching,/Users/guidegiegg/งาน/โปรเจคเล็กๆ/PrePair_Sound/forest_sound_dataset/poaching/5B88992C_108d782f2e-2b04-4576-980a-8506d1fd6db05816589c-bb78-41c9-a5d7-0ae253cb89f8dd483360-a3a5-4cd7-8f7c-8ea42a2db3b9.WAV,poaching/5B88992C_108d782f2e-2b04-4576-980a-8506d1fd6db05816589c-bb78-41c9-a5d7-0ae253cb89f8dd483360-a3a5-4cd7-8f7c-8ea42a2db3b9.WAV,train
natural sound,/Users/guidegiegg/งาน/โปรเจคเล็กๆ/PrePair_Sound/forest_sound_dataset/natural sound/if_necessary/20_12037.wav,natural sound/if_necessary/20_12037.wav,train
poaching,/Users/guidegiegg/งาน/โปรเจคเล็กๆ/PrePair_Sound/forest_sound_dataset/poaching/New folder/m16_012_SA_097B_S04.wav,poaching/New folder/m16_012_SA_097B_S04.wav,train
fire,/Users/guidegiegg/งาน/โปรเจคเล็กๆ/PrePair_Sound/forest_sound_dataset/fire/videoplayback_24.wav,fire/videoplayback_24.wav,train
logging,/Users/guidegiegg/งาน/โปรเจคเล็กๆ/PrePair_Sound/forest_sound_dataset/logging/3-118657-A-41.wav,logging/3-118657-A-41.wav,train
logging,/Users/guidegiegg/งาน/โปรเจคเล็กๆ/PrePair_Sound/forest_sound_dataset/logging/10_11040.wav,logging/10_11040.wav,train
natural sound,/Users/guidegiegg/งาน/โปรเจคเล็กๆ/PrePair_Sound/forest_sound_dataset/natural sound/27_12773.wav,natural sound/27_12773.wav,train
natural sound,/Users/guidegiegg/งาน/โปรเจคเล็กๆ/PrePair_Sound/forest_sound_dataset/natural sound/23_12369.wav,natural sound/23_12369.wav,train
poaching,/Users/guidegiegg/งาน/โปรเจคเล็กๆ/PrePair_Sound/forest_sound_dataset/poaching/5C297052_273e4a861e-a6e7-4120-a1c7-38ef54c6faf1de33942f-726b-4623-956c-2e2b4b3e6295a5682c0b-58f2-40db-939b-4f0a7380c741.WAV,poaching/5C297052_273e4a861e-a6e7-4120-a1c7-38ef54c6faf1de33942f-726b-4623-956c-2e2b4b3e6295a5682c0b-58f2-40db-939b-4f0a7380c741.WAV,train
poaching,/Users/guidegiegg/งาน/โปรเจคเล็กๆ/PrePair_Sound/forest_sound_dataset/poaching/14_11414.wav,poaching/14_11414.wav,train
natural sound,/Users/guidegiegg/งาน/โปรเจคเล็กๆ/PrePair_Sound/forest_sound_dataset/natural sound/4_10455.wav,natural sound/4_10455.wav,train
natural sound,/Users/guidegiegg/งาน/โปรเจคเล็กๆ/PrePair_Sound/forest_sound_dataset/natural sound/21_12131.wav,natural sound/21_12131.wav,train
natural sound,/Users/guidegiegg/งาน/โปรเจคเล็กๆ/PrePair_Sound/forest_sound_dataset/natural sound/2_10272.wav,natural sound/2_10272.wav,train
natural sound,/Users/guidegiegg/งาน/โปรเจคเล็กๆ/PrePair_Sound/forest_sound_dataset/natural sound/24_12429.wav,natural sound/24_12429.wav,train
poaching,/Users/guidegiegg/งาน/โปรเจคเล็กๆ/PrePair_Sound/forest_sound_dataset/poaching/New folder/sig-p225_019_SA_190D_S04.wav,poaching/New folder/sig-p225_019_SA_190D_S04.wav,train
logging,/Users/guidegiegg/งาน/โปรเจคเล็กๆ/PrePair_Sound/forest_sound_dataset/logging/4-149294-B-41.wav,logging/4-149294-B-41.wav,train
fire,/Users/guidegiegg/งาน/โปรเจคเล็กๆ/PrePair_Sound/forest_sound_dataset/fire/1_10130.wav,fire/1_10130.wav,train
natural sound,/Users/guidegiegg/งาน/โปรเจคเล็กๆ/PrePair_Sound/forest_sound_dataset/natural sound/9_10947.wav,natural sound/9_10947.wav,train
poaching,/Users/guidegiegg/งาน/โปรเจคเล็กๆ/PrePair_Sound/forest_sound_dataset/poaching/14_11445.wav,poaching/14_11445.wav,train
natural sound,/Users/guidegiegg/งาน/โปรเจคเล็กๆ/PrePair_Sound/forest_sound_dataset/natural sound/23_12317.wav,natural sound/23_12317.wav,train
natural sound,/Users/guidegiegg/งาน/โปรเจคเล็กๆ/PrePair_Sound/forest_sound_dataset/natural sound/21_12153.wav,natural sound/21_12153.wav,train
natural sound,/Users/guidegiegg/งาน/โปรเจคเล็กๆ/PrePair_Sound/forest_sound_dataset/natural sound/if_necessary/19_11973.wav,natural sound/if_necessary/19_11973.wav,train
natural sound,/Users/guidegiegg/งาน/โปรเจคเล็กๆ/PrePair_Sound/forest_sound_dataset/natural sound/if_necessary/18_11813.wav,natural sound/if_necessary/18_11813.wav,train
logging,/Users/guidegiegg/งาน/โปรเจคเล็กๆ/PrePair_Sound/forest_sound_dataset/logging/4-198360-B-49.wav,logging/4-198360-B-49.wav,train
natural sound,/Users/guidegiegg/งาน/โปรเจคเล็กๆ/PrePair_Sound/forest_sound_dataset/natural sound/4_10452.wav,natural sound/4_10452.wav,train
natural sound,/Users/guidegiegg/งาน/โปรเจคเล็กๆ/PrePair_Sound/forest_sound_dataset/natural sound/if_necessary/17_11759.wav,natural sound/if_necessary/17_11759.wav,train
fire,/Users/guidegiegg/งาน/โปรเจคเล็กๆ/PrePair_Sound/forest_sound_dataset/fire/y2mate.com - DD Ambience  Building on Fire  Blaze Inferno Wood Cracking Collapsing Loud Stressing_15.wav,fire/y2mate.com - DD Ambience  Building on Fire  Blaze Inferno Wood Cracking Collapsing Loud Stressing_15.wav,train
logging,/Users/guidegiegg/งาน/โปรเจคเล็กๆ/PrePair_Sound/forest_sound_dataset/logging/13_11332.wav,logging/13_11332.wav,train
natural sound,/Users/guidegiegg/งาน/โปรเจคเล็กๆ/PrePair_Sound/forest_sound_dataset/natural sound/if_necessary/18_11820.wav,natural sound/if_necessary/18_11820.wav,train
natural sound,/Users/guidegiegg/งาน/โปรเจคเล็กๆ/PrePair_Sound/forest_sound_dataset/natural sound/2_10239.wav,natural sound/2_10239.wav,train
natural sound,/Users/guidegiegg/งาน/โปรเจคเล็กๆ/PrePair_Sound/forest_sound_dataset/natural sound/6_10622.wav,natural sound/6_10622.wav,train
natural sound,/Users/guidegiegg/งาน/โปรเจคเล็กๆ/PrePair_Sound/forest_sound_dataset/natural sound/if_necessary/20_12042.wav,natural sound/if_necessary/20_12042.wav,train
natural sound,/Users/guidegiegg/งาน/โปรเจคเล็กๆ/PrePair_Sound/forest_sound_dataset/natural sound/if_necessary/19_11911.wav,natural sound/if_necessary/19_11911.wav,train
logging,/Users/guidegiegg/งาน/โปรเจคเล็กๆ/PrePair_Sound/forest_sound_dataset/logging/2-77945-A-41.wav,logging/2-77945-A-41.wav,train
natural sound,/Users/guidegiegg/งาน/โปรเจคเล็กๆ/PrePair_Sound/forest_sound_dataset/natural sound/26_12667.wav,natural sound/26_12667.wav,train
natural sound,/Users/guidegiegg/งาน/โปรเจคเล็กๆ/PrePair_Sound/forest_sound_dataset/natural sound/if_necessary/19_11959.wav,natural sound/if_necessary/19_11959.wav,train
natural sound,/Users/guidegiegg/งาน/โปรเจคเล็กๆ/PrePair_Sound/forest_sound_dataset/natural sound/9_10904.wav,natural sound/9_10904.wav,train
natural sound,/Users/guidegiegg/งาน/โปรเจคเล็กๆ/PrePair_Sound/forest_sound_dataset/natural sound/2_10265.wav,natural sound/2_10265.wav,train
poaching,/Users/guidegiegg/งาน/โปรเจคเล็กๆ/PrePair_Sound/forest_sound_dataset/poaching/14_11411.wav,poaching/14_11411.wav,train
natural sound,/Users/guidegiegg/งาน/โปรเจคเล็กๆ/PrePair_Sound/forest_sound_dataset/natural sound/8_10843.wav,natural sound/8_10843.wav,train
natural sound,/Users/guidegiegg/งาน/โปรเจคเล็กๆ/PrePair_Sound/forest_sound_dataset/natural sound/21_12160.wav,natural sound/21_12160.wav,train
natural sound,/Users/guidegiegg/งาน/โปรเจคเล็กๆ/PrePair_Sound/forest_sound_dataset/natural sound/if_necessary/20_12053.wav,natural sound/if_necessary/20_12053.wav,train
natural sound,/Users/guidegiegg/งาน/โปรเจคเล็กๆ/PrePair_Sound/forest_sound_dataset/natural sound/if_necessary/20_12073.wav,natural sound/if_necessary/20_12073.wav,train
logging,/Users/guidegiegg/งาน/โปรเจคเล็กๆ/PrePair_Sound/forest_sound_dataset/logging/7_10727.wav,logging/7_10727.wav,train
fire,/Users/guidegiegg/งาน/โปรเจคเล็กๆ/PrePair_Sound/forest_sound_dataset/fire/2-65747-A-12.wav,fire/2-65747-A-12.wav,train
poaching,/Users/guidegiegg/งาน/โปรเจคเล็กๆ/PrePair_Sound/forest_sound_dataset/poaching/New folder/sig-p225_014_SA_050B_S06.wav,poaching/New folder/sig-p225_014_SA_050B_S06.wav,train
poaching,/Users/guidegiegg/งาน/โปรเจคเล็กๆ/PrePair_Sound/forest_sound_dataset/poaching/5B8B3B32_2837d1b381-e7c7-41af-b7cc-d30f3345ccff261bdcb2-66e5-4dd4-8f95-e619714d85c60eedacee-a613-4dd1-a9fc-9b23f880b24e.WAV,poaching/5B8B3B32_2837d1b381-e7c7-41af-b7cc-d30f3345ccff261bdcb2-66e5-4dd4-8f95-e619714d85c60eedacee-a613-4dd1-a9fc-9b23f880b24e.WAV,train
natural sound,/Users/guidegiegg/งาน/โปรเจคเล็กๆ/PrePair_Sound/forest_sound_dataset/natural sound/8_10849.wav,natural sound/8_10849.wav,train
fire,/Users/guidegiegg/งาน/โปรเจคเล็กๆ/PrePair_Sound/forest_sound_dataset/fire/y2mate.com - DD Ambience  Building on Fire  Blaze Inferno Wood Cracking Collapsing Loud Stressing_14.wav,fire/y2mate.com - DD Ambience  Building on Fire  Blaze Inferno Wood Cracking Collapsing Loud Stressing_14.wav,train
natural sound,/Users/guidegiegg/งาน/โปรเจคเล็กๆ/PrePair_Sound/forest_sound_dataset/natural sound/9_10974.wav,natural sound/9_10974.wav,train
natural sound,/Users/guidegiegg/งาน/โปรเจคเล็กๆ/PrePair_Sound/forest_sound_dataset/natural sound/6_10601.wav,natural sound/6_10601.wav,train
natural sound,/Users/guidegiegg/งาน/โปรเจคเล็กๆ/PrePair_Sound/forest_sound_dataset/natural sound/if_necessary/20_12068.wav,natural sound/if_necessary/20_12068.wav,train
poaching,/Users/guidegiegg/งาน/โปรเจคเล็กๆ/PrePair_Sound/forest_sound_dataset/poaching/58FBBD00ade05534-429f-4709-8b7a-7206fdc72309.WAV,poaching/58FBBD00ade05534-429f-4709-8b7a-7206fdc72309.WAV,train
natural sound,/Users/guidegiegg/งาน/โปรเจคเล็กๆ/PrePair_Sound/forest_sound_dataset/natural sound/4_10420.wav,natural sound/4_10420.wav,train
natural sound,/Users/guidegiegg/งาน/โปรเจคเล็กๆ/PrePair_Sound/forest_sound_dataset/natural sound/8_10855.wav,natural sound/8_10855.wav,train
natural sound,/Users/guidegiegg/งาน/โปรเจคเล็กๆ/PrePair_Sound/forest_sound_dataset/natural sound/if_necessary/18_11843.wav,natural sound/if_necessary/18_11843.wav,train
fire,/Users/guidegiegg/งาน/โปรเจคเล็กๆ/PrePair_Sound/forest_sound_dataset/fire/3-120644-A-12.wav,fire/3-120644-A-12.wav,train
natural sound,/Users/guidegiegg/งาน/โปรเจคเล็กๆ/PrePair_Sound/forest_sound_dataset/natural sound/21_12106.wav,natural sound/21_12106.wav,train
natural sound,/Users/guidegiegg/งาน/โปรเจคเล็กๆ/PrePair_Sound/forest_sound_dataset/natural sound/22_12275.wav,natural sound/22_12275.wav,train
natural sound,/Users/guidegiegg/งาน/โปรเจคเล็กๆ/PrePair_Sound/forest_sound_dataset/natural sound/9_10963.wav,natural sound/9_10963.wav,train
logging,/Users/guidegiegg/งาน/โปรเจคเล็กๆ/PrePair_Sound/forest_sound_dataset/logging/3-102583-B-49.wav,logging/3-102583-B-49.wav,train
natural sound,/Users/guidegiegg/งาน/โปรเจคเล็กๆ/PrePair_Sound/forest_sound_dataset/natural sound/if_necessary/17_11744.wav,natural sound/if_necessary/17_11744.wav,train
logging,/Users/guidegiegg/งาน/โปรเจคเล็กๆ/PrePair_Sound/forest_sound_dataset/logging/2-84693-A-49.wav,logging/2-84693-A-49.wav,train
natural sound,/Users/guidegiegg/งาน/โปรเจคเล็กๆ/PrePair_Sound/forest_sound_dataset/natural sound/25_12538.wav,natural sound/25_12538.wav,train
natural sound,/Users/guidegiegg/งาน/โปรเจคเล็กๆ/PrePair_Sound/forest_sound_dataset/natural sound/12_11270.wav,natural sound/12_11270.wav,train
natural sound,/Users/guidegiegg/งาน/โปรเจคเล็กๆ/PrePair_Sound/forest_sound_dataset/natural sound/27_12732.wav,natural sound/27_12732.wav,train
natural sound,/Users/guidegiegg/งาน/โปรเจคเล็กๆ/PrePair_Sound/forest_sound_dataset/natural sound/25_12567.wav,natural sound/25_12567.wav,train
natural sound,/Users/guidegiegg/งาน/โปรเจคเล็กๆ/PrePair_Sound/forest_sound_dataset/natural sound/23_12350.wav,natural sound/23_12350.wav,train
logging,/Users/guidegiegg/งาน/โปรเจคเล็กๆ/PrePair_Sound/forest_sound_dataset/logging/11_11144.wav,logging/11_11144.wav,train
poaching,/Users/guidegiegg/งาน/โปรเจคเล็กๆ/PrePair_Sound/forest_sound_dataset/poaching/15_11573.wav,poaching/15_11573.wav,train
fire,/Users/guidegiegg/งาน/โปรเจคเล็กๆ/PrePair_Sound/forest_sound_dataset/fire/1_10174.wav,fire/1_10174.wav,train
fire,/Users/guidegiegg/งาน/โปรเจคเล็กๆ/PrePair_Sound/forest_sound_dataset/fire/y2mate.com - DD Ambience  Building on Fire  Blaze Inferno Wood Cracking Collapsing Loud Stressing_04.wav,fire/y2mate.com - DD Ambience  Building on Fire  Blaze Inferno Wood Cracking Collapsing Loud Stressing_04.wav,train
natural sound,/Users/guidegiegg/งาน/โปรเจคเล็กๆ/PrePair_Sound/forest_sound_dataset/natural sound/25_12553.wav,natural sound/25_12553.wav,train
natural sound,/Users/guidegiegg/งาน/โปรเจคเล็กๆ/PrePair_Sound/forest_sound_dataset/natural sound/9_10958.wav,natural sound/9_10958.wav,train
logging,/Users/guidegiegg/งาน/โปรเจคเล็กๆ/PrePair_Sound/forest_sound_dataset/logging/13_11375.wav,logging/13_11375.wav,train
fire,/Users/guidegiegg/งาน/โปรเจคเล็กๆ/PrePair_Sound/forest_sound_dataset/fire/819492__soundreality__fire-forest-2.wav,fire/819492__soundreality__fire-forest-2.wav,train
natural sound,/Users/guidegiegg/งาน/โปรเจคเล็กๆ/PrePair_Sound/forest_sound_dataset/natural sound/26_12662.wav,natural sound/26_12662.wav,train
natural sound,/Users/guidegiegg/งาน/โปรเจคเล็กๆ/PrePair_Sound/forest_sound_dataset/natural sound/2_10238.wav,natural sound/2_10238.wav,train
poaching,/Users/guidegiegg/งาน/โปรเจคเล็กๆ/PrePair_Sound/forest_sound_dataset/poaching/5C2D7B2D_10268716d8-a1f1-4c23-a750-53260de81f649850380d-7504-41db-9946-5574425eb7f699e34653-7de1-4947-96c5-23d3116c89da.WAV,poaching/5C2D7B2D_10268716d8-a1f1-4c23-a750-53260de81f649850380d-7504-41db-9946-5574425eb7f699e34653-7de1-4947-96c5-23d3116c89da.WAV,train
logging,/Users/guidegiegg/งาน/โปรเจคเล็กๆ/PrePair_Sound/forest_sound_dataset/logging/16_11643.wav,logging/16_11643.wav,train
natural sound,/Users/guidegiegg/งาน/โปรเจคเล็กๆ/PrePair_Sound/forest_sound_dataset/natural sound/27_12762.wav,natural sound/27_12762.wav,train
poaching,/Users/guidegiegg/งาน/โปรเจคเล็กๆ/PrePair_Sound/forest_sound_dataset/poaching/5C9E70C9_4099744557-65df-4b6e-a9d1-b37805ecde1c3dad5cae-4542-4724-98eb-3ee0b5934f243f1a52bc-eba8-4a52-96ec-a472ff01ef29.WAV,poaching/5C9E70C9_4099744557-65df-4b6e-a9d1-b37805ecde1c3dad5cae-4542-4724-98eb-3ee0b5934f243f1a52bc-eba8-4a52-96ec-a472ff01ef29.WAV,train
fire,/Users/guidegiegg/งาน/โปรเจคเล็กๆ/PrePair_Sound/forest_sound_dataset/fire/y2mate.com - DD Ambience  Building on Fire  Blaze Inferno Wood Cracking Collapsing Loud Stressing_69.wav,fire/y2mate.com - DD Ambience  Building on Fire  Blaze Inferno Wood Cracking Collapsing Loud Stressing_69.wav,train
poaching,/Users/guidegiegg/งาน/โปรเจคเล็กๆ/PrePair_Sound/forest_sound_dataset/poaching/New folder/sig-p225_017_SA_070B_S06.wav,poaching/New folder/sig-p225_017_SA_070B_S06.wav,train
natural sound,/Users/guidegiegg/งาน/โปรเจคเล็กๆ/PrePair_Sound/forest_sound_dataset/natural sound/if_necessary/17_11749.wav,natural sound/if_necessary/17_11749.wav,train
natural sound,/Users/guidegiegg/งาน/โปรเจคเล็กๆ/PrePair_Sound/forest_sound_dataset/natural sound/5_10540.wav,natural sound/5_10540.wav,train
logging,/Users/guidegiegg/งาน/โปรเจคเล็กๆ/PrePair_Sound/forest_sound_dataset/logging/13_11360.wav,logging/13_11360.wav,train
natural sound,/Users/guidegiegg/งาน/โปรเจคเล็กๆ/PrePair_Sound/forest_sound_dataset/natural sound/23_12308.wav,natural sound/23_12308.wav,train
natural sound,/Users/guidegiegg/งาน/โปรเจคเล็กๆ/PrePair_Sound/forest_sound_dataset/natural sound/23_12322.wav,natural sound/23_12322.wav,train
poaching,/Users/guidegiegg/งาน/โปรเจคเล็กๆ/PrePair_Sound/forest_sound_dataset/poaching/5BE2194E_199bd7fc1d-0820-44dc-a807-0b214befe092abca2632-ed2d-4bc0-bbd8-fe4538c93cdbbc15bf37-9357-4235-b91b-c9c61fe20bbf.WAV,poaching/5BE2194E_199bd7fc1d-0820-44dc-a807-0b214befe092abca2632-ed2d-4bc0-bbd8-fe4538c93cdbbc15bf37-9357-4235-b91b-c9c61fe20bbf.WAV,train
natural sound,/Users/guidegiegg/งาน/โปรเจคเล็กๆ/PrePair_Sound/forest_sound_dataset/natural sound/4_10464.wav,natural sound/4_10464.wav,train
natural sound,/Users/guidegiegg/งาน/โปรเจคเล็กๆ/PrePair_Sound/forest_sound_dataset/natural sound/2_10235.wav,natural sound/2_10235.wav,train
logging,/Users/guidegiegg/งาน/โปรเจคเล็กๆ/PrePair_Sound/forest_sound_dataset/logging/11_11161.wav,logging/11_11161.wav,train
logging,/Users/guidegiegg/งาน/โปรเจคเล็กๆ/PrePair_Sound/forest_sound_dataset/logging/11_11166.wav,logging/11_11166.wav,train
natural sound,/Users/guidegiegg/งาน/โปรเจคเล็กๆ/PrePair_Sound/forest_sound_dataset/natural sound/if_necessary/20_12017.wav,natural sound/if_necessary/20_12017.wav,train
natural sound,/Users/guidegiegg/งาน/โปรเจคเล็กๆ/PrePair_Sound/forest_sound_dataset/natural sound/25_12522.wav,natural sound/25_12522.wav,train
natural sound,/Users/guidegiegg/งาน/โปรเจคเล็กๆ/PrePair_Sound/forest_sound_dataset/natural sound/24_12420.wav,natural sound/24_12420.wav,train
fire,/Users/guidegiegg/งาน/โปรเจคเล็กๆ/PrePair_Sound/forest_sound_dataset/fire/y2mate.com - DD Ambience  Building on Fire  Blaze Inferno Wood Cracking Collapsing Loud Stressing_1_26.wav,fire/y2mate.com - DD Ambience  Building on Fire  Blaze Inferno Wood Cracking Collapsing Loud Stressing_1_26.wav,train
natural sound,/Users/guidegiegg/งาน/โปรเจคเล็กๆ/PrePair_Sound/forest_sound_dataset/natural sound/9_10934.wav,natural sound/9_10934.wav,train
fire,/Users/guidegiegg/งาน/โปรเจคเล็กๆ/PrePair_Sound/forest_sound_dataset/fire/videoplayback_28.wav,fire/videoplayback_28.wav,train
natural sound,/Users/guidegiegg/งาน/โปรเจคเล็กๆ/PrePair_Sound/forest_sound_dataset/natural sound/27_12775.wav,natural sound/27_12775.wav,train
natural sound,/Users/guidegiegg/งาน/โปรเจคเล็กๆ/PrePair_Sound/forest_sound_dataset/natural sound/21_12129.wav,natural sound/21_12129.wav,train
fire,/Users/guidegiegg/งาน/โปรเจคเล็กๆ/PrePair_Sound/forest_sound_dataset/fire/1-4211-A-12.wav,fire/1-4211-A-12.wav,train
poaching,/Users/guidegiegg/งาน/โปรเจคเล็กๆ/PrePair_Sound/forest_sound_dataset/poaching/5C286156_1037ca0a56-7193-4325-9edb-7ebc63b50b425ce71a59-6060-43cd-9f20-71a9de2dcc9a30625aa5-3402-47d2-89fb-1899e59e8b16.WAV,poaching/5C286156_1037ca0a56-7193-4325-9edb-7ebc63b50b425ce71a59-6060-43cd-9f20-71a9de2dcc9a30625aa5-3402-47d2-89fb-1899e59e8b16.WAV,train
poaching,/Users/guidegiegg/งาน/โปรเจคเล็กๆ/PrePair_Sound/forest_sound_dataset/poaching/5C93BA9A_8880bd552f-edb7-4c45-b87f-1b9c33a497b95c1e5ef3-f50f-47d2-a350-ec0ee27c8ce3458f6716-5f9c-47c9-8114-aa83c49da02f.WAV,poaching/5C93BA9A_8880bd552f-edb7-4c45-b87f-1b9c33a497b95c1e5ef3-f50f-47d2-a350-ec0ee27c8ce3458f6716-5f9c-47c9-8114-aa83c49da02f.WAV,train
natural sound,/Users/guidegiegg/งาน/โปรเจคเล็กๆ/PrePair_Sound/forest_sound_dataset/natural sound/26_12622.wav,natural sound/26_12622.wav,train
natural sound,/Users/guidegiegg/งาน/โปรเจคเล็กๆ/PrePair_Sound/forest_sound_dataset/natural sound/8_10873.wav,natural sound/8_10873.wav,train
fire,/Users/guidegiegg/งาน/โปรเจคเล็กๆ/PrePair_Sound/forest_sound_dataset/fire/1_10132.wav,fire/1_10132.wav,train
natural sound,/Users/guidegiegg/งาน/โปรเจคเล็กๆ/PrePair_Sound/forest_sound_dataset/natural sound/6_10603.wav,natural sound/6_10603.wav,train
logging,/Users/guidegiegg/งาน/โปรเจคเล็กๆ/PrePair_Sound/forest_sound_dataset/logging/3-102583-A-49.wav,logging/3-102583-A-49.wav,train
natural sound,/Users/guidegiegg/งาน/โปรเจคเล็กๆ/PrePair_Sound/forest_sound_dataset/natural sound/21_12128.wav,natural sound/21_12128.wav,train
natural sound,/Users/guidegiegg/งาน/โปรเจคเล็กๆ/PrePair_Sound/forest_sound_dataset/natural sound/5_10501.wav,natural sound/5_10501.wav,train
fire,/Users/guidegiegg/งาน/โปรเจคเล็กๆ/PrePair_Sound/forest_sound_dataset/fire/1_10175.wav,fire/1_10175.wav,train
natural sound,/Users/guidegiegg/งาน/โปรเจคเล็กๆ/PrePair_Sound/forest_sound_dataset/natural sound/27_12724.wav,natural sound/27_12724.wav,train
poaching,/Users/guidegiegg/งาน/โปรเจคเล็กๆ/PrePair_Sound/forest_sound_dataset/poaching/601B14D3.WAV,poaching/601B14D3.WAV,train
natural sound,/Users/guidegiegg/งาน/โปรเจคเล็กๆ/PrePair_Sound/forest_sound_dataset/natural sound/5_10513.wav,natural sound/5_10513.wav,train
natural sound,/Users/guidegiegg/งาน/โปรเจคเล็กๆ/PrePair_Sound/forest_sound_dataset/natural sound/if_necessary/20_12029.wav,natural sound/if_necessary/20_12029.wav,train
natural sound,/Users/guidegiegg/งาน/โปรเจคเล็กๆ/PrePair_Sound/forest_sound_dataset/natural sound/27_12734.wav,natural sound/27_12734.wav,train
poaching,/Users/guidegiegg/งาน/โปรเจคเล็กๆ/PrePair_Sound/forest_sound_dataset/poaching/5B0AFA4D_3469ea810-1ff7-4e52-9234-622cb952b026a2d8aadf-961d-4954-b29f-b09b2ca5ff8161423544-5107-43e2-aa29-cb9a12c7c2ed.WAV,poaching/5B0AFA4D_3469ea810-1ff7-4e52-9234-622cb952b026a2d8aadf-961d-4954-b29f-b09b2ca5ff8161423544-5107-43e2-aa29-cb9a12c7c2ed.WAV,train
natural sound,/Users/guidegiegg/งาน/โปรเจคเล็กๆ/PrePair_Sound/forest_sound_dataset/natural sound/26_12639.wav,natural sound/26_12639.wav,train
natural sound,/Users/guidegiegg/งาน/โปรเจคเล็กๆ/PrePair_Sound/forest_sound_dataset/natural sound/27_12720.wav,natural sound/27_12720.wav,train
poaching,/Users/guidegiegg/งาน/โปรเจคเล็กๆ/PrePair_Sound/forest_sound_dataset/poaching/15_11563.wav,poaching/15_11563.wav,train
poaching,/Users/guidegiegg/งาน/โปรเจคเล็กๆ/PrePair_Sound/forest_sound_dataset/poaching/5BA0B181_121665aa8f-0865-4d0a-94d9-a8222623cfe9e8973299-9a8c-4af7-b689-fae70e82cf9f9c9fd6d8-e00f-4a2e-b322-802eb17cc7f2.WAV,poaching/5BA0B181_121665aa8f-0865-4d0a-94d9-a8222623cfe9e8973299-9a8c-4af7-b689-fae70e82cf9f9c9fd6d8-e00f-4a2e-b322-802eb17cc7f2.WAV,train
natural sound,/Users/guidegiegg/งาน/โปรเจคเล็กๆ/PrePair_Sound/forest_sound_dataset/natural sound/if_necessary/19_11928.wav,natural sound/if_necessary/19_11928.wav,train
natural sound,/Users/guidegiegg/งาน/โปรเจคเล็กๆ/PrePair_Sound/forest_sound_dataset/natural sound/2_10202.wav,natural sound/2_10202.wav,train
logging,/Users/guidegiegg/งาน/โปรเจคเล็กๆ/PrePair_Sound/forest_sound_dataset/logging/1-9887-A-49.wav,logging/1-9887-A-49.wav,train
poaching,/Users/guidegiegg/งาน/โปรเจคเล็กๆ/PrePair_Sound/forest_sound_dataset/poaching/5C3961E3_214c1b2cd0-e321-45b0-8730-179e68cdb1e4e2dbfcf3-a89c-42b4-ae1b-d8e9649f292837f446e2-b03f-4a3b-bd2b-6242a95da8dc.WAV,poaching/5C3961E3_214c1b2cd0-e321-45b0-8730-179e68cdb1e4e2dbfcf3-a89c-42b4-ae1b-d8e9649f292837f446e2-b03f-4a3b-bd2b-6242a95da8dc.WAV,train
natural sound,/Users/guidegiegg/งาน/โปรเจคเล็กๆ/PrePair_Sound/forest_sound_dataset/natural sound/3_10366.wav,natural sound/3_10366.wav,train
natural sound,/Users/guidegiegg/งาน/โปรเจคเล็กๆ/PrePair_Sound/forest_sound_dataset/natural sound/9_10929.wav,natural sound/9_10929.wav,train
poaching,/Users/guidegiegg/งาน/โปรเจคเล็กๆ/PrePair_Sound/forest_sound_dataset/poaching/58FBDB8065c6fa8a-9bdf-47e6-9c2a-069a1d492ecc.WAV,poaching/58FBDB8065c6fa8a-9bdf-47e6-9c2a-069a1d492ecc.WAV,train
natural sound,/Users/guidegiegg/งาน/โปรเจคเล็กๆ/PrePair_Sound/forest_sound_dataset/natural sound/12_11264.wav,natural sound/12_11264.wav,train
poaching,/Users/guidegiegg/งาน/โปรเจคเล็กๆ/PrePair_Sound/forest_sound_dataset/poaching/New folder/sig-p225_005_SA_070A_S04.wav,poaching/New folder/sig-p225_005_SA_070A_S04.wav,train
natural sound,/Users/guidegiegg/งาน/โปรเจคเล็กๆ/PrePair_Sound/forest_sound_dataset/natural sound/if_necessary/19_11945.wav,natural sound/if_necessary/19_11945.wav,train
natural sound,/Users/guidegiegg/งาน/โปรเจคเล็กๆ/PrePair_Sound/forest_sound_dataset/natural sound/if_necessary/18_11873.wav,natural sound/if_necessary/18_11873.wav,train
logging,/Users/guidegiegg/งาน/โปรเจคเล็กๆ/PrePair_Sound/forest_sound_dataset/logging/10_11043.wav,logging/10_11043.wav,train
natural sound,/Users/guidegiegg/งาน/โปรเจคเล็กๆ/PrePair_Sound/forest_sound_dataset/natural sound/5_10563.wav,natural sound/5_10563.wav,train
fire,/Users/guidegiegg/งาน/โปรเจคเล็กๆ/PrePair_Sound/forest_sound_dataset/fire/y2mate.com - DD Ambience  Building on Fire  Blaze Inferno Wood Cracking Collapsing Loud Stressing_1_54.wav,fire/y2mate.com - DD Ambience  Building on Fire  Blaze Inferno Wood Cracking Collapsing Loud Stressing_1_54.wav,train
logging,/Users/guidegiegg/งาน/โปรเจคเล็กๆ/PrePair_Sound/forest_sound_dataset/logging/7_10752.wav,logging/7_10752.wav,train
natural sound,/Users/guidegiegg/งาน/โปรเจคเล็กๆ/PrePair_Sound/forest_sound_dataset/natural sound/21_12147.wav,natural sound/21_12147.wav,train
fire,/Users/guidegiegg/งาน/โปรเจคเล็กๆ/PrePair_Sound/forest_sound_dataset/fire/y2mate.com - DD Ambience  Building on Fire  Blaze Inferno Wood Cracking Collapsing Loud Stressing_48.wav,fire/y2mate.com - DD Ambience  Building on Fire  Blaze Inferno Wood Cracking Collapsing Loud Stressing_48.wav,train
natural sound,/Users/guidegiegg/งาน/โปรเจคเล็กๆ/PrePair_Sound/forest_sound_dataset/natural sound/24_12435.wav,natural sound/24_12435.wav,train
natural sound,/Users/guidegiegg/งาน/โปรเจคเล็กๆ/PrePair_Sound/forest_sound_dataset/natural sound/if_necessary/19_11901.wav,natural sound/if_necessary/19_11901.wav,train
poaching,/Users/guidegiegg/งาน/โปรเจคเล็กๆ/PrePair_Sound/forest_sound_dataset/poaching/5CA3E2E5_314694bae3-2e7b-48ba-8f14-30be9b6c403a9f3e07aa-f2e2-4066-a3b2-b6cc84424db5e0ed0e69-84d6-455c-9cf8-7382389115d4.WAV,poaching/5CA3E2E5_314694bae3-2e7b-48ba-8f14-30be9b6c403a9f3e07aa-f2e2-4066-a3b2-b6cc84424db5e0ed0e69-84d6-455c-9cf8-7382389115d4.WAV,train
poaching,/Users/guidegiegg/งาน/โปรเจคเล็กๆ/PrePair_Sound/forest_sound_dataset/poaching/15_11545.wav,poaching/15_11545.wav,train
fire,/Users/guidegiegg/งาน/โปรเจคเล็กๆ/PrePair_Sound/forest_sound_dataset/fire/videoplayback_01.wav,fire/videoplayback_01.wav,train
natural sound,/Users/guidegiegg/งาน/โปรเจคเล็กๆ/PrePair_Sound/forest_sound_dataset/natural sound/27_12736.wav,natural sound/27_12736.wav,train
logging,/Users/guidegiegg/งาน/โปรเจคเล็กๆ/PrePair_Sound/forest_sound_dataset/logging/7_10726.wav,logging/7_10726.wav,train
natural sound,/Users/guidegiegg/งาน/โปรเจคเล็กๆ/PrePair_Sound/forest_sound_dataset/natural sound/22_12248.wav,natural sound/22_12248.wav,train
poaching,/Users/guidegiegg/งาน/โปรเจคเล็กๆ/PrePair_Sound/forest_sound_dataset/poaching/5C5CF04C_265b162cce-f2b2-4a8b-a044-2a64d4bb36631e7036cd-6135-414c-aa14-5cb45870e978c1499d81-1360-4cad-8e30-0e12d7d0d6e3.WAV,poaching/5C5CF04C_265b162cce-f2b2-4a8b-a044-2a64d4bb36631e7036cd-6135-414c-aa14-5cb45870e978c1499d81-1360-4cad-8e30-0e12d7d0d6e3.WAV,train
natural sound,/Users/guidegiegg/งาน/โปรเจคเล็กๆ/PrePair_Sound/forest_sound_dataset/natural sound/5_10529.wav,natural sound/5_10529.wav,train
logging,/Users/guidegiegg/งาน/โปรเจคเล็กๆ/PrePair_Sound/forest_sound_dataset/logging/7_10770.wav,logging/7_10770.wav,train
poaching,/Users/guidegiegg/งาน/โปรเจคเล็กๆ/PrePair_Sound/forest_sound_dataset/poaching/14_11404.wav,poaching/14_11404.wav,train
natural sound,/Users/guidegiegg/งาน/โปรเจคเล็กๆ/PrePair_Sound/forest_sound_dataset/natural sound/8_10864.wav,natural sound/8_10864.wav,train
poaching,/Users/guidegiegg/งาน/โปรเจคเล็กๆ/PrePair_Sound/forest_sound_dataset/poaching/14_11418.wav,poaching/14_11418.wav,train
natural sound,/Users/guidegiegg/งาน/โปรเจคเล็กๆ/PrePair_Sound/forest_sound_dataset/natural sound/5_10545.wav,natural sound/5_10545.wav,train
poaching,/Users/guidegiegg/งาน/โปรเจคเล็กๆ/PrePair_Sound/forest_sound_dataset/poaching/14_11435.wav,poaching/14_11435.wav,train
natural sound,/Users/guidegiegg/งาน/โปรเจคเล็กๆ/PrePair_Sound/forest_sound_dataset/natural sound/8_10828.wav,natural sound/8_10828.wav,train
natural sound,/Users/guidegiegg/งาน/โปรเจคเล็กๆ/PrePair_Sound/forest_sound_dataset/natural sound/6_10608.wav,natural sound/6_10608.wav,train
natural sound,/Users/guidegiegg/งาน/โปรเจคเล็กๆ/PrePair_Sound/forest_sound_dataset/natural sound/26_12650.wav,natural sound/26_12650.wav,train
poaching,/Users/guidegiegg/งาน/โปรเจคเล็กๆ/PrePair_Sound/forest_sound_dataset/poaching/58FBD3C0364e7ecc-9553-48c3-913b-ff8969f8e2ef.WAV,poaching/58FBD3C0364e7ecc-9553-48c3-913b-ff8969f8e2ef.WAV,train
poaching,/Users/guidegiegg/งาน/โปรเจคเล็กๆ/PrePair_Sound/forest_sound_dataset/poaching/58FBD380b312365f-b0c6-4149-a40c-2a597339b0b2.WAV,poaching/58FBD380b312365f-b0c6-4149-a40c-2a597339b0b2.WAV,train
natural sound,/Users/guidegiegg/งาน/โปรเจคเล็กๆ/PrePair_Sound/forest_sound_dataset/natural sound/24_12409.wav,natural sound/24_12409.wav,train
fire,/Users/guidegiegg/งาน/โปรเจคเล็กๆ/PrePair_Sound/forest_sound_dataset/fire/y2mate.com - DD Ambience  Building on Fire  Blaze Inferno Wood Cracking Collapsing Loud Stressing_23.wav,fire/y2mate.com - DD Ambience  Building on Fire  Blaze Inferno Wood Cracking Collapsing Loud Stressing_23.wav,train
natural sound,/Users/guidegiegg/งาน/โปรเจคเล็กๆ/PrePair_Sound/forest_sound_dataset/natural sound/24_12408.wav,natural sound/24_12408.wav,train
natural sound,/Users/guidegiegg/งาน/โปรเจคเล็กๆ/PrePair_Sound/forest_sound_dataset/natural sound/23_12316.wav,natural sound/23_12316.wav,train
poaching,/Users/guidegiegg/งาน/โปรเจคเล็กๆ/PrePair_Sound/forest_sound_dataset/poaching/14_11471.wav,poaching/14_11471.wav,train
natural sound,/Users/guidegiegg/งาน/โปรเจคเล็กๆ/PrePair_Sound/forest_sound_dataset/natural sound/9_10906.wav,natural sound/9_10906.wav,train
natural sound,/Users/guidegiegg/งาน/โปรเจคเล็กๆ/PrePair_Sound/forest_sound_dataset/natural sound/26_12675.wav,natural sound/26_12675.wav,train
poaching,/Users/guidegiegg/งาน/โปรเจคเล็กๆ/PrePair_Sound/forest_sound_dataset/poaching/58FBC502779b688d-767f-4429-bbbf-268a52c276a3.WAV,poaching/58FBC502779b688d-767f-4429-bbbf-268a52c276a3.WAV,train
poaching,/Users/guidegiegg/งาน/โปรเจคเล็กๆ/PrePair_Sound/forest_sound_dataset/poaching/5C034C0C_382df715c-8a86-4389-8c47-51932e2613ca97c85d3d-695c-44cc-9938-77dbf52859a9b0a24694-bd18-4297-9a76-2bf19312424b.WAV,poaching/5C034C0C_382df715c-8a86-4389-8c47-51932e2613ca97c85d3d-695c-44cc-9938-77dbf52859a9b0a24694-bd18-4297-9a76-2bf19312424b.WAV,train
natural sound,/Users/guidegiegg/งาน/โปรเจคเล็กๆ/PrePair_Sound/forest_sound_dataset/natural sound/9_10911.wav,natural sound/9_10911.wav,train
logging,/Users/guidegiegg/งาน/โปรเจคเล็กๆ/PrePair_Sound/forest_sound_dataset/logging/16_11624.wav,logging/16_11624.wav,train
natural sound,/Users/guidegiegg/งาน/โปรเจคเล็กๆ/PrePair_Sound/forest_sound_dataset/natural sound/9_10927.wav,natural sound/9_10927.wav,train
logging,/Users/guidegiegg/งาน/โปรเจคเล็กๆ/PrePair_Sound/forest_sound_dataset/logging/16_11640.wav,logging/16_11640.wav,train
natural sound,/Users/guidegiegg/งาน/โปรเจคเล็กๆ/PrePair_Sound/forest_sound_dataset/natural sound/if_necessary/19_11902.wav,natural sound/if_necessary/19_11902.wav,train
natural sound,/Users/guidegiegg/งาน/โปรเจคเล็กๆ/PrePair_Sound/forest_sound_dataset/natural sound/23_12347.wav,natural sound/23_12347.wav,train
fire,/Users/guidegiegg/งาน/โปรเจคเล็กๆ/PrePair_Sound/forest_sound_dataset/fire/y2mate.com - DD Ambience  Building on Fire  Blaze Inferno Wood Cracking Collapsing Loud Stressing_33.wav,fire/y2mate.com - DD Ambience  Building on Fire  Blaze Inferno Wood Cracking Collapsing Loud Stressing_33.wav,train
poaching,/Users/guidegiegg/งาน/โปรเจคเล็กๆ/PrePair_Sound/forest_sound_dataset/poaching/5C018720_59e308728a-7605-4400-ac91-f4bf40ec5f11eef567b8-90fb-4293-94b5-4f3c69936f44d56ab490-25ed-4986-a75f-099776e2061d.WAV,poaching/5C018720_59e308728a-7605-4400-ac91-f4bf40ec5f11eef567b8-90fb-4293-94b5-4f3c69936f44d56ab490-25ed-4986-a75f-099776e2061d.WAV,train
poaching,/Users/guidegiegg/งาน/โปรเจคเล็กๆ/PrePair_Sound/forest_sound_dataset/poaching/5AF0E398_4f39478dc-1107-458f-8a9c-66a406a5ad16bbf2551d-88a7-436f-8de7-04c1b6346d84a7ec7e10-fe1d-4e26-9565-ca4bb59fe166.WAV,poaching/5AF0E398_4f39478dc-1107-458f-8a9c-66a406a5ad16bbf2551d-88a7-436f-8de7-04c1b6346d84a7ec7e10-fe1d-4e26-9565-ca4bb59fe166.WAV,train
natural sound,/Users/guidegiegg/งาน/โปรเจคเล็กๆ/PrePair_Sound/forest_sound_dataset/natural sound/25_12541.wav,natural sound/25_12541.wav,train
logging,/Users/guidegiegg/งาน/โปรเจคเล็กๆ/PrePair_Sound/forest_sound_dataset/logging/11_11173.wav,logging/11_11173.wav,train
poaching,/Users/guidegiegg/งาน/โปรเจคเล็กๆ/PrePair_Sound/forest_sound_dataset/poaching/5C243263_25aa20877d-76f5-41b5-89aa-370434ed50f5e2ddc562-8f8e-411b-87d2-460d55f1b07c5dc6ef96-5689-4f18-9636-6f772bf065ea.WAV,poaching/5C243263_25aa20877d-76f5-41b5-89aa-370434ed50f5e2ddc562-8f8e-411b-87d2-460d55f1b07c5dc6ef96-5689-4f18-9636-6f772bf065ea.WAV,train
natural sound,/Users/guidegiegg/งาน/โปรเจคเล็กๆ/PrePair_Sound/forest_sound_dataset/natural sound/12_11263.wav,natural sound/12_11263.wav,train
fire,/Users/guidegiegg/งาน/โปรเจคเล็กๆ/PrePair_Sound/forest_sound_dataset/fire/y2mate.com - DD Ambience  Building on Fire  Blaze Inferno Wood Cracking Collapsing Loud Stressing_42.wav,fire/y2mate.com - DD Ambience  Building on Fire  Blaze Inferno Wood Cracking Collapsing Loud Stressing_42.wav,train
poaching,/Users/guidegiegg/งาน/โปรเจคเล็กๆ/PrePair_Sound/forest_sound_dataset/poaching/58FBBDC0b93e56f7-3277-4757-bb19-6d692827c632.WAV,poaching/58FBBDC0b93e56f7-3277-4757-bb19-6d692827c632.WAV,train
poaching,/Users/guidegiegg/งาน/โปรเจคเล็กๆ/PrePair_Sound/forest_sound_dataset/poaching/5ADA897F_159f1b711-e7a5-4cad-bb9a-4bd3e9d18a3340233630-4f27-4316-9f32-747def137d6e15dde231-8a33-4211-9cd1-8dbc18d818b6.WAV,poaching/5ADA897F_159f1b711-e7a5-4cad-bb9a-4bd3e9d18a3340233630-4f27-4316-9f32-747def137d6e15dde231-8a33-4211-9cd1-8dbc18d818b6.WAV,train
natural sound,/Users/guidegiegg/งาน/โปรเจคเล็กๆ/PrePair_Sound/forest_sound_dataset/natural sound/if_necessary/18_11819.wav,natural sound/if_necessary/18_11819.wav,train
fire,/Users/guidegiegg/งาน/โปรเจคเล็กๆ/PrePair_Sound/forest_sound_dataset/fire/y2mate.com - DD Ambience  Building on Fire  Blaze Inferno Wood Cracking Collapsing Loud Stressing_24.wav,fire/y2mate.com - DD Ambience  Building on Fire  Blaze Inferno Wood Cracking Collapsing Loud Stressing_24.wav,train
natural sound,/Users/guidegiegg/งาน/โปรเจคเล็กๆ/PrePair_Sound/forest_sound_dataset/natural sound/9_10973.wav,natural sound/9_10973.wav,train
poaching,/Users/guidegiegg/งาน/โปรเจคเล็กๆ/PrePair_Sound/forest_sound_dataset/poaching/5B88994A_220b568d35-ed49-416a-b7b3-c73fc8b33f21939c6de2-a66a-479a-8254-217956c6ad18c25df37d-1df3-42fb-99f5-e89f2098361f.WAV,poaching/5B88994A_220b568d35-ed49-416a-b7b3-c73fc8b33f21939c6de2-a66a-479a-8254-217956c6ad18c25df37d-1df3-42fb-99f5-e89f2098361f.WAV,train
logging,/Users/guidegiegg/งาน/โปรเจคเล็กๆ/PrePair_Sound/forest_sound_dataset/logging/11_11160.wav,logging/11_11160.wav,train
poaching,/Users/guidegiegg/งาน/โปรเจคเล็กๆ/PrePair_Sound/forest_sound_dataset/poaching/5B47DB0D_246802e4c5-8278-412c-a4a2-9579e86d66cbb10d110b-4981-43de-91fa-bb781b5fe7b79560d083-5283-48fd-bd7e-e87925bc05e8.WAV,poaching/5B47DB0D_246802e4c5-8278-412c-a4a2-9579e86d66cbb10d110b-4981-43de-91fa-bb781b5fe7b79560d083-5283-48fd-bd7e-e87925bc05e8.WAV,train
natural sound,/Users/guidegiegg/งาน/โปรเจคเล็กๆ/PrePair_Sound/forest_sound_dataset/natural sound/2_10244.wav,natural sound/2_10244.wav,train
natural sound,/Users/guidegiegg/งาน/โปรเจคเล็กๆ/PrePair_Sound/forest_sound_dataset/natural sound/27_12764.wav,natural sound/27_12764.wav,train
natural sound,/Users/guidegiegg/งาน/โปรเจคเล็กๆ/PrePair_Sound/forest_sound_dataset/natural sound/9_10913.wav,natural sound/9_10913.wav,train
natural sound,/Users/guidegiegg/งาน/โปรเจคเล็กๆ/PrePair_Sound/forest_sound_dataset/natural sound/6_10675.wav,natural sound/6_10675.wav,train
natural sound,/Users/guidegiegg/งาน/โปรเจคเล็กๆ/PrePair_Sound/forest_sound_dataset/natural sound/23_12344.wav,natural sound/23_12344.wav,train
poaching,/Users/guidegiegg/งาน/โปรเจคเล็กๆ/PrePair_Sound/forest_sound_dataset/poaching/6019BE30.WAV,poaching/6019BE30.WAV,train
natural sound,/Users/guidegiegg/งาน/โปรเจคเล็กๆ/PrePair_Sound/forest_sound_dataset/natural sound/if_necessary/20_12060.wav,natural sound/if_necessary/20_12060.wav,train
natural sound,/Users/guidegiegg/งาน/โปรเจคเล็กๆ/PrePair_Sound/forest_sound_dataset/natural sound/24_12446.wav,natural sound/24_12446.wav,train
logging,/Users/guidegiegg/งาน/โปรเจคเล็กๆ/PrePair_Sound/forest_sound_dataset/logging/16_11650.wav,logging/16_11650.wav,train
fire,/Users/guidegiegg/งาน/โปรเจคเล็กๆ/PrePair_Sound/forest_sound_dataset/fire/1_10160.wav,fire/1_10160.wav,train
logging,/Users/guidegiegg/งาน/โปรเจคเล็กๆ/PrePair_Sound/forest_sound_dataset/logging/10_11034.wav,logging/10_11034.wav,train
natural sound,/Users/guidegiegg/งาน/โปรเจคเล็กๆ/PrePair_Sound/forest_sound_dataset/natural sound/if_necessary/17_11738.wav,natural sound/if_necessary/17_11738.wav,train
poaching,/Users/guidegiegg/งาน/โปรเจคเล็กๆ/PrePair_Sound/forest_sound_dataset/poaching/5AF8B8E6_6a65248dc-5cdb-4b98-a8f8-7ad0d3e262c409c235d7-084e-4b6e-9f98-57aa8119faa497360bd8-224e-4afa-81c1-145841b9b1e6.WAV,poaching/5AF8B8E6_6a65248dc-5cdb-4b98-a8f8-7ad0d3e262c409c235d7-084e-4b6e-9f98-57aa8119faa497360bd8-224e-4afa-81c1-145841b9b1e6.WAV,train
natural sound,/Users/guidegiegg/งาน/โปรเจคเล็กๆ/PrePair_Sound/forest_sound_dataset/natural sound/21_12101.wav,natural sound/21_12101.wav,train
poaching,/Users/guidegiegg/งาน/โปรเจคเล็กๆ/PrePair_Sound/forest_sound_dataset/poaching/58FBC500dab6cdf8-c563-47f9-82f2-6221aff868f4.WAV,poaching/58FBC500dab6cdf8-c563-47f9-82f2-6221aff868f4.WAV,train
natural sound,/Users/guidegiegg/งาน/โปรเจคเล็กๆ/PrePair_Sound/forest_sound_dataset/natural sound/21_12113.wav,natural sound/21_12113.wav,train
natural sound,/Users/guidegiegg/งาน/โปรเจคเล็กๆ/PrePair_Sound/forest_sound_dataset/natural sound/22_12265.wav,natural sound/22_12265.wav,train
poaching,/Users/guidegiegg/งาน/โปรเจคเล็กๆ/PrePair_Sound/forest_sound_dataset/poaching/5C295B2E_5896f05dc3-c37d-4bed-98d8-8729154bad320d8f43c9-44a6-4622-a0ad-0ff03b4623b5bf2fc992-96c2-4ec9-9759-5ac4b424af63.WAV,poaching/5C295B2E_5896f05dc3-c37d-4bed-98d8-8729154bad320d8f43c9-44a6-4622-a0ad-0ff03b4623b5bf2fc992-96c2-4ec9-9759-5ac4b424af63.WAV,train
poaching,/Users/guidegiegg/งาน/โปรเจคเล็กๆ/PrePair_Sound/forest_sound_dataset/poaching/5C4B5870_7471ba4cbd-f787-45a9-95e5-d8f3930386c7176084eb-3ce9-484a-9456-d55a1dc3ccb4d3604caf-0326-4048-b928-e31188ba5ef6.WAV,poaching/5C4B5870_7471ba4cbd-f787-45a9-95e5-d8f3930386c7176084eb-3ce9-484a-9456-d55a1dc3ccb4d3604caf-0326-4048-b928-e31188ba5ef6.WAV,train
poaching,/Users/guidegiegg/งาน/โปรเจคเล็กๆ/PrePair_Sound/forest_sound_dataset/poaching/New folder/winchester-m14_017_SA_099B_S05.wav,poaching/New folder/winchester-m14_017_SA_099B_S05.wav,train
poaching,/Users/guidegiegg/งาน/โปรเจคเล็กๆ/PrePair_Sound/forest_sound_dataset/poaching/58FBD3C1e316e9a4-2ed9-4275-b121-8f9762f08beb.WAV,poaching/58FBD3C1e316e9a4-2ed9-4275-b121-8f9762f08beb.WAV,train
logging,/Users/guidegiegg/งาน/โปรเจคเล็กๆ/PrePair_Sound/forest_sound_dataset/logging/10_11025.wav,logging/10_11025.wav,train
natural sound,/Users/guidegiegg/งาน/โปรเจคเล็กๆ/PrePair_Sound/forest_sound_dataset/natural sound/27_12723.wav,natural sound/27_12723.wav,train
logging,/Users/guidegiegg/งาน/โปรเจคเล็กๆ/PrePair_Sound/forest_sound_dataset/logging/16_11629.wav,logging/16_11629.wav,train
natural sound,/Users/guidegiegg/งาน/โปรเจคเล็กๆ/PrePair_Sound/forest_sound_dataset/natural sound/23_12361.wav,natural sound/23_12361.wav,train
natural sound,/Users/guidegiegg/งาน/โปรเจคเล็กๆ/PrePair_Sound/forest_sound_dataset/natural sound/if_necessary/18_11828.wav,natural sound/if_necessary/18_11828.wav,train
poaching,/Users/guidegiegg/งาน/โปรเจคเล็กๆ/PrePair_Sound/forest_sound_dataset/poaching/5B3C436A_1dda82f9e-07b4-4df3-b597-2c465c8d6060f3e5e0ba-8795-40d8-b0fd-3702a09f04bb07350997-e3b6-4959-9d64-8b2d52350500.WAV,poaching/5B3C436A_1dda82f9e-07b4-4df3-b597-2c465c8d6060f3e5e0ba-8795-40d8-b0fd-3702a09f04bb07350997-e3b6-4959-9d64-8b2d52350500.WAV,train
natural sound,/Users/guidegiegg/งาน/โปรเจคเล็กๆ/PrePair_Sound/forest_sound_dataset/natural sound/24_12413.wav,natural sound/24_12413.wav,train
natural sound,/Users/guidegiegg/งาน/โปรเจคเล็กๆ/PrePair_Sound/forest_sound_dataset/natural sound/if_necessary/18_11863.wav,natural sound/if_necessary/18_11863.wav,train
fire,/Users/guidegiegg/งาน/โปรเจคเล็กๆ/PrePair_Sound/forest_sound_dataset/fire/y2mate.com - DD Ambience  Building on Fire  Blaze Inferno Wood Cracking Collapsing Loud Stressing_1_12.wav,fire/y2mate.com - DD Ambience  Building on Fire  Blaze Inferno Wood Cracking Collapsing Loud Stressing_1_12.wav,train
natural sound,/Users/guidegiegg/งาน/โปรเจคเล็กๆ/PrePair_Sound/forest_sound_dataset/natural sound/21_12158.wav,natural sound/21_12158.wav,train
poaching,/Users/guidegiegg/งาน/โปรเจคเล็กๆ/PrePair_Sound/forest_sound_dataset/poaching/14_11457.wav,poaching/14_11457.wav,train
fire,/Users/guidegiegg/งาน/โปรเจคเล็กๆ/PrePair_Sound/forest_sound_dataset/fire/1-7057-A-12.wav,fire/1-7057-A-12.wav,train
fire,/Users/guidegiegg/งาน/โปรเจคเล็กๆ/PrePair_Sound/forest_sound_dataset/fire/y2mate.com - DD Ambience  Building on Fire  Blaze Inferno Wood Cracking Collapsing Loud Stressing_1_67.wav,fire/y2mate.com - DD Ambience  Building on Fire  Blaze Inferno Wood Cracking Collapsing Loud Stressing_1_67.wav,train
natural sound,/Users/guidegiegg/งาน/โปรเจคเล็กๆ/PrePair_Sound/forest_sound_dataset/natural sound/24_12461.wav,natural sound/24_12461.wav,train
logging,/Users/guidegiegg/งาน/โปรเจคเล็กๆ/PrePair_Sound/forest_sound_dataset/logging/5-253094-B-49.wav,logging/5-253094-B-49.wav,train
poaching,/Users/guidegiegg/งาน/โปรเจคเล็กๆ/PrePair_Sound/forest_sound_dataset/poaching/14_11430.wav,poaching/14_11430.wav,train
natural sound,/Users/guidegiegg/งาน/โปรเจคเล็กๆ/PrePair_Sound/forest_sound_dataset/natural sound/24_12456.wav,natural sound/24_12456.wav,train
poaching,/Users/guidegiegg/งาน/โปรเจคเล็กๆ/PrePair_Sound/forest_sound_dataset/poaching/5C4DB340_840004ebca-6888-4314-aad4-c34429b98d2d8a28619c-6b33-4244-ac56-aec118818b6bf5d0c94d-8c09-4860-858f-05953d8cdd87.WAV,poaching/5C4DB340_840004ebca-6888-4314-aad4-c34429b98d2d8a28619c-6b33-4244-ac56-aec118818b6bf5d0c94d-8c09-4860-858f-05953d8cdd87.WAV,train
poaching,/Users/guidegiegg/งาน/โปรเจคเล็กๆ/PrePair_Sound/forest_sound_dataset/poaching/5BCB23EA_4684d0cf15-bd72-4796-9333-c4cd3d6fd9c0e28e3e5d-4a73-4ee9-96db-294486ad637f4ccb54df-b273-4e8a-9eca-203b4682c055.WAV,poaching/5BCB23EA_4684d0cf15-bd72-4796-9333-c4cd3d6fd9c0e28e3e5d-4a73-4ee9-96db-294486ad637f4ccb54df-b273-4e8a-9eca-203b4682c055.WAV,train
poaching,/Users/guidegiegg/งาน/โปรเจคเล็กๆ/PrePair_Sound/forest_sound_dataset/poaching/14_11441.wav,poaching/14_11441.wav,train
poaching,/Users/guidegiegg/งาน/โปรเจคเล็กๆ/PrePair_Sound/forest_sound_dataset/poaching/5BA23203_14999e365d-b888-41c5-9e23-f71d7905bb51cff118ed-ace7-4b64-ab75-8c72b317f42f9bd36da5-1e91-4b0f-ae73-ee9bfe9de878.WAV,poaching/5BA23203_14999e365d-b888-41c5-9e23-f71d7905bb51cff118ed-ace7-4b64-ab75-8c72b317f42f9bd36da5-1e91-4b0f-ae73-ee9bfe9de878.WAV,train
fire,/Users/guidegiegg/งาน/โปรเจคเล็กๆ/PrePair_Sound/forest_sound_dataset/fire/y2mate.com - DD Ambience  Building on Fire  Blaze Inferno Wood Cracking Collapsing Loud Stressing_1_58.wav,fire/y2mate.com - DD Ambience  Building on Fire  Blaze Inferno Wood Cracking Collapsing Loud Stressing_1_58.wav,train
natural sound,/Users/guidegiegg/งาน/โปรเจคเล็กๆ/PrePair_Sound/forest_sound_dataset/natural sound/27_12726.wav,natural sound/27_12726.wav,train
fire,/Users/guidegiegg/งาน/โปรเจคเล็กๆ/PrePair_Sound/forest_sound_dataset/fire/y2mate.com - DD Ambience  Building on Fire  Blaze Inferno Wood Cracking Collapsing Loud Stressing_1_03.wav,fire/y2mate.com - DD Ambience  Building on Fire  Blaze Inferno Wood Cracking Collapsing Loud Stressing_1_03.wav,train
natural sound,/Users/guidegiegg/งาน/โปรเจคเล็กๆ/PrePair_Sound/forest_sound_dataset/natural sound/if_necessary/20_12072.wav,natural sound/if_necessary/20_12072.wav,train
logging,/Users/guidegiegg/งาน/โปรเจคเล็กๆ/PrePair_Sound/forest_sound_dataset/logging/7_10724.wav,logging/7_10724.wav,train
logging,/Users/guidegiegg/งาน/โปรเจคเล็กๆ/PrePair_Sound/forest_sound_dataset/logging/13_11337.wav,logging/13_11337.wav,train
natural sound,/Users/guidegiegg/งาน/โปรเจคเล็กๆ/PrePair_Sound/forest_sound_dataset/natural sound/21_12122.wav,natural sound/21_12122.wav,train
fire,/Users/guidegiegg/งาน/โปรเจคเล็กๆ/PrePair_Sound/forest_sound_dataset/fire/y2mate.com - DD Ambience  Building on Fire  Blaze Inferno Wood Cracking Collapsing Loud Stressing_1_42.wav,fire/y2mate.com - DD Ambience  Building on Fire  Blaze Inferno Wood Cracking Collapsing Loud Stressing_1_42.wav,train
poaching,/Users/guidegiegg/งาน/โปรเจคเล็กๆ/PrePair_Sound/forest_sound_dataset/poaching/5C9F0BF1_54fe44181e-1e29-44aa-93c2-e4b69d74626ad42a5f38-9f37-4b29-813f-9044cfce3be7427855c9-8472-4ae6-8e33-9247bec435ab.WAV,poaching/5C9F0BF1_54fe44181e-1e29-44aa-93c2-e4b69d74626ad42a5f38-9f37-4b29-813f-9044cfce3be7427855c9-8472-4ae6-8e33-9247bec435ab.WAV,train
natural sound,/Users/guidegiegg/งาน/โปรเจคเล็กๆ/PrePair_Sound/forest_sound_dataset/natural sound/if_necessary/19_11931.wav,natural sound/if_necessary/19_11931.wav,train
logging,/Users/guidegiegg/งาน/โปรเจคเล็กๆ/PrePair_Sound/forest_sound_dataset/logging/7_10730.wav,logging/7_10730.wav,train
logging,/Users/guidegiegg/งาน/โปรเจคเล็กๆ/PrePair_Sound/forest_sound_dataset/logging/16_11656.wav,logging/16_11656.wav,train
natural sound,/Users/guidegiegg/งาน/โปรเจคเล็กๆ/PrePair_Sound/forest_sound_dataset/natural sound/3_10362.wav,natural sound/3_10362.wav,train
natural sound,/Users/guidegiegg/งาน/โปรเจคเล็กๆ/PrePair_Sound/forest_sound_dataset/natural sound/3_10374.wav,natural sound/3_10374.wav,train
fire,/Users/guidegiegg/งาน/โปรเจคเล็กๆ/PrePair_Sound/forest_sound_dataset/fire/y2mate.com - DD Ambience  Building on Fire  Blaze Inferno Wood Cracking Collapsing Loud Stressing_1_19.wav,fire/y2mate.com - DD Ambience  Building on Fire  Blaze Inferno Wood Cracking Collapsing Loud Stressing_1_19.wav,train
logging,/Users/guidegiegg/งาน/โปรเจคเล็กๆ/PrePair_Sound/forest_sound_dataset/logging/5-253094-A-49.wav,logging/5-253094-A-49.wav,train
poaching,/Users/guidegiegg/งาน/โปรเจคเล็กๆ/PrePair_Sound/forest_sound_dataset/poaching/5C2D6319_1132a61158-7ac1-4f5a-8602-528c210a530496385ca0-d2d6-430e-94b9-7a90e82fd43c76587e72-c8d9-4bd5-b986-881884c75014.WAV,poaching/5C2D6319_1132a61158-7ac1-4f5a-8602-528c210a530496385ca0-d2d6-430e-94b9-7a90e82fd43c76587e72-c8d9-4bd5-b986-881884c75014.WAV,train
natural sound,/Users/guidegiegg/งาน/โปรเจคเล็กๆ/PrePair_Sound/forest_sound_dataset/natural sound/5_10507.wav,natural sound/5_10507.wav,train
poaching,/Users/guidegiegg/งาน/โปรเจคเล็กๆ/PrePair_Sound/forest_sound_dataset/poaching/5C2D63A2_954d9849e-f441-4346-aa99-6a47a201ab6007d0880c-c6e6-49ef-90d1-8278d7ab2d4376fb503b-5946-4e3c-a5b0-068cf4d67853.WAV,poaching/5C2D63A2_954d9849e-f441-4346-aa99-6a47a201ab6007d0880c-c6e6-49ef-90d1-8278d7ab2d4376fb503b-5946-4e3c-a5b0-068cf4d67853.WAV,train
natural sound,/Users/guidegiegg/งาน/โปรเจคเล็กๆ/PrePair_Sound/forest_sound_dataset/natural sound/9_10907.wav,natural sound/9_10907.wav,train
natural sound,/Users/guidegiegg/งาน/โปรเจคเล็กๆ/PrePair_Sound/forest_sound_dataset/natural sound/23_12372.wav,natural sound/23_12372.wav,train
natural sound,/Users/guidegiegg/งาน/โปรเจคเล็กๆ/PrePair_Sound/forest_sound_dataset/natural sound/if_necessary/18_11842.wav,natural sound/if_necessary/18_11842.wav,train
poaching,/Users/guidegiegg/งาน/โปรเจคเล็กๆ/PrePair_Sound/forest_sound_dataset/poaching/New folder/m16_009_5 (87).wav,poaching/New folder/m16_009_5 (87).wav,train
logging,/Users/guidegiegg/งาน/โปรเจคเล็กๆ/PrePair_Sound/forest_sound_dataset/logging/7_10705.wav,logging/7_10705.wav,train
natural sound,/Users/guidegiegg/งาน/โปรเจคเล็กๆ/PrePair_Sound/forest_sound_dataset/natural sound/24_12466.wav,natural sound/24_12466.wav,train
poaching,/Users/guidegiegg/งาน/โปรเจคเล็กๆ/PrePair_Sound/forest_sound_dataset/poaching/New folder/m16_005_5 (42).wav,poaching/New folder/m16_005_5 (42).wav,train
poaching,/Users/guidegiegg/งาน/โปรเจคเล็กๆ/PrePair_Sound/forest_sound_dataset/poaching/5C0358C8_53ce66378-a341-492a-9772-763b98febb65f168bcb8-9beb-474d-998c-e60570ccca72efcd78f0-d7c3-4fd8-93b3-2d31b6adcade.WAV,poaching/5C0358C8_53ce66378-a341-492a-9772-763b98febb65f168bcb8-9beb-474d-998c-e60570ccca72efcd78f0-d7c3-4fd8-93b3-2d31b6adcade.WAV,train
logging,/Users/guidegiegg/งาน/โปรเจคเล็กๆ/PrePair_Sound/forest_sound_dataset/logging/7_10733.wav,logging/7_10733.wav,train
fire,/Users/guidegiegg/งาน/โปรเจคเล็กๆ/PrePair_Sound/forest_sound_dataset/fire/videoplayback_35.wav,fire/videoplayback_35.wav,train
natural sound,/Users/guidegiegg/งาน/โปรเจคเล็กๆ/PrePair_Sound/forest_sound_dataset/natural sound/6_10642.wav,natural sound/6_10642.wav,train
natural sound,/Users/guidegiegg/งาน/โปรเจคเล็กๆ/PrePair_Sound/forest_sound_dataset/natural sound/5_10509.wav,natural sound/5_10509.wav,train
natural sound,/Users/guidegiegg/งาน/โปรเจคเล็กๆ/PrePair_Sound/forest_sound_dataset/natural sound/4_10440.wav,natural sound/4_10440.wav,train
natural sound,/Users/guidegiegg/งาน/โปรเจคเล็กๆ/PrePair_Sound/forest_sound_dataset/natural sound/3_10308.wav,natural sound/3_10308.wav,train
poaching,/Users/guidegiegg/งาน/โปรเจคเล็กๆ/PrePair_Sound/forest_sound_dataset/poaching/5C38EBFB_78747b6ff3-9d60-4904-a05f-57c4348c6fc218b1968f-3992-4c7b-8819-821b8b3e455881a6667e-7489-40eb-a0e7-71f8be7d1306.WAV,poaching/5C38EBFB_78747b6ff3-9d60-4904-a05f-57c4348c6fc218b1968f-3992-4c7b-8819-821b8b3e455881a6667e-7489-40eb-a0e7-71f8be7d1306.WAV,train
natural sound,/Users/guidegiegg/งาน/โปรเจคเล็กๆ/PrePair_Sound/forest_sound_dataset/natural sound/3_10304.wav,natural sound/3_10304.wav,train
natural sound,/Users/guidegiegg/งาน/โปรเจคเล็กๆ/PrePair_Sound/forest_sound_dataset/natural sound/23_12312.wav,natural sound/23_12312.wav,train
logging,/Users/guidegiegg/งาน/โปรเจคเล็กๆ/PrePair_Sound/forest_sound_dataset/logging/13_11366.wav,logging/13_11366.wav,train
natural sound,/Users/guidegiegg/งาน/โปรเจคเล็กๆ/PrePair_Sound/forest_sound_dataset/natural sound/25_12544.wav,natural sound/25_12544.wav,train
fire,/Users/guidegiegg/งาน/โปรเจคเล็กๆ/PrePair_Sound/forest_sound_dataset/fire/videoplayback_65.wav,fire/videoplayback_65.wav,train
natural sound,/Users/guidegiegg/งาน/โปรเจคเล็กๆ/PrePair_Sound/forest_sound_dataset/natural sound/if_necessary/19_11937.wav,natural sound/if_necessary/19_11937.wav,train
logging,/Users/guidegiegg/งาน/โปรเจคเล็กๆ/PrePair_Sound/forest_sound_dataset/logging/10_11013.wav,logging/10_11013.wav,train
natural sound,/Users/guidegiegg/งาน/โปรเจคเล็กๆ/PrePair_Sound/forest_sound_dataset/natural sound/4_10434.wav,natural sound/4_10434.wav,train
poaching,/Users/guidegiegg/งาน/โปรเจคเล็กๆ/PrePair_Sound/forest_sound_dataset/poaching/5C2D63A0_8dd5c9801-5bd6-4a17-a557-c593d5610ac80e0c4a12-ddbd-44e1-b3ee-732135f0692c8a327729-9e8b-4b17-91a5-e38dae871f25.WAV,poaching/5C2D63A0_8dd5c9801-5bd6-4a17-a557-c593d5610ac80e0c4a12-ddbd-44e1-b3ee-732135f0692c8a327729-9e8b-4b17-91a5-e38dae871f25.WAV,train
natural sound,/Users/guidegiegg/งาน/โปรเจคเล็กๆ/PrePair_Sound/forest_sound_dataset/natural sound/27_12749.wav,natural sound/27_12749.wav,train
natural sound,/Users/guidegiegg/งาน/โปรเจคเล็กๆ/PrePair_Sound/forest_sound_dataset/natural sound/21_12123.wav,natural sound/21_12123.wav,train
natural sound,/Users/guidegiegg/งาน/โปรเจคเล็กๆ/PrePair_Sound/forest_sound_dataset/natural sound/3_10356.wav,natural sound/3_10356.wav,train
poaching,/Users/guidegiegg/งาน/โปรเจคเล็กๆ/PrePair_Sound/forest_sound_dataset/poaching/15_11531.wav,poaching/15_11531.wav,train
logging,/Users/guidegiegg/งาน/โปรเจคเล็กๆ/PrePair_Sound/forest_sound_dataset/logging/10_11066.wav,logging/10_11066.wav,train
fire,/Users/guidegiegg/งาน/โปรเจคเล็กๆ/PrePair_Sound/forest_sound_dataset/fire/videoplayback_26.wav,fire/videoplayback_26.wav,train
poaching,/Users/guidegiegg/งาน/โปรเจคเล็กๆ/PrePair_Sound/forest_sound_dataset/poaching/14_11447.wav,poaching/14_11447.wav,train
natural sound,/Users/guidegiegg/งาน/โปรเจคเล็กๆ/PrePair_Sound/forest_sound_dataset/natural sound/8_10874.wav,natural sound/8_10874.wav,train
natural sound,/Users/guidegiegg/งาน/โปรเจคเล็กๆ/PrePair_Sound/forest_sound_dataset/natural sound/if_necessary/17_11704.wav,natural sound/if_necessary/17_11704.wav,train
natural sound,/Users/guidegiegg/งาน/โปรเจคเล็กๆ/PrePair_Sound/forest_sound_dataset/natural sound/26_12666.wav,natural sound/26_12666.wav,train
natural sound,/Users/guidegiegg/งาน/โปรเจคเล็กๆ/PrePair_Sound/forest_sound_dataset/natural sound/24_12424.wav,natural sound/24_12424.wav,train
fire,/Users/guidegiegg/งาน/โปรเจคเล็กๆ/PrePair_Sound/forest_sound_dataset/fire/1_10163.wav,fire/1_10163.wav,train
poaching,/Users/guidegiegg/งาน/โปรเจคเล็กๆ/PrePair_Sound/forest_sound_dataset/poaching/15_11513.wav,poaching/15_11513.wav,train
natural sound,/Users/guidegiegg/งาน/โปรเจคเล็กๆ/PrePair_Sound/forest_sound_dataset/natural sound/23_12332.wav,natural sound/23_12332.wav,train
natural sound,/Users/guidegiegg/งาน/โปรเจคเล็กๆ/PrePair_Sound/forest_sound_dataset/natural sound/if_necessary/18_11872.wav,natural sound/if_necessary/18_11872.wav,train
fire,/Users/guidegiegg/งาน/โปรเจคเล็กๆ/PrePair_Sound/forest_sound_dataset/fire/1_10117.wav,fire/1_10117.wav,train
logging,/Users/guidegiegg/งาน/โปรเจคเล็กๆ/PrePair_Sound/forest_sound_dataset/logging/7_10714.wav,logging/7_10714.wav,train
poaching,/Users/guidegiegg/งาน/โปรเจคเล็กๆ/PrePair_Sound/forest_sound_dataset/poaching/5C3962DD_227291dc27-efe5-4883-8437-7ff3011a6dadc6bfe8b5-1d7f-4b4c-9e28-282fdd1fe817e7fb6202-2b9b-4c61-a783-cc21a1297766.WAV,poaching/5C3962DD_227291dc27-efe5-4883-8437-7ff3011a6dadc6bfe8b5-1d7f-4b4c-9e28-282fdd1fe817e7fb6202-2b9b-4c61-a783-cc21a1297766.WAV,train
poaching,/Users/guidegiegg/งาน/โปรเจคเล็กๆ/PrePair_Sound/forest_sound_dataset/poaching/15_11516.wav,poaching/15_11516.wav,train
natural sound,/Users/guidegiegg/งาน/โปรเจคเล็กๆ/PrePair_Sound/forest_sound_dataset/natural sound/2_10234.wav,natural sound/2_10234.wav,train
poaching,/Users/guidegiegg/งาน/โปรเจคเล็กๆ/PrePair_Sound/forest_sound_dataset/poaching/15_11537.wav,poaching/15_11537.wav,train
poaching,/Users/guidegiegg/งาน/โปรเจคเล็กๆ/PrePair_Sound/forest_sound_dataset/poaching/5C9E70D1_29120b5b40-f260-43bf-bb79-9e3198a01f09478884a2-eaa7-47ee-9216-020e64ece101ba385b9b-bd16-470e-b46b-11064ae58e95.WAV,poaching/5C9E70D1_29120b5b40-f260-43bf-bb79-9e3198a01f09478884a2-eaa7-47ee-9216-020e64ece101ba385b9b-bd16-470e-b46b-11064ae58e95.WAV,train
natural sound,/Users/guidegiegg/งาน/โปรเจคเล็กๆ/PrePair_Sound/forest_sound_dataset/natural sound/26_12626.wav,natural sound/26_12626.wav,train
natural sound,/Users/guidegiegg/งาน/โปรเจคเล็กๆ/PrePair_Sound/forest_sound_dataset/natural sound/23_12348.wav,natural sound/23_12348.wav,train
fire,/Users/guidegiegg/งาน/โปรเจคเล็กๆ/PrePair_Sound/forest_sound_dataset/fire/y2mate.com - DD Ambience  Building on Fire  Blaze Inferno Wood Cracking Collapsing Loud Stressing_26.wav,fire/y2mate.com - DD Ambience  Building on Fire  Blaze Inferno Wood Cracking Collapsing Loud Stressing_26.wav,train
poaching,/Users/guidegiegg/งาน/โปรเจคเล็กๆ/PrePair_Sound/forest_sound_dataset/poaching/5BCE4CE9_3925477721-2676-448b-aea0-0bceb1147e16f5d731f4-37d5-4a64-b5b7-59c077b25c729e8138f2-9074-4012-95a3-3fc2043e0b38.WAV,poaching/5BCE4CE9_3925477721-2676-448b-aea0-0bceb1147e16f5d731f4-37d5-4a64-b5b7-59c077b25c729e8138f2-9074-4012-95a3-3fc2043e0b38.WAV,train
poaching,/Users/guidegiegg/งาน/โปรเจคเล็กๆ/PrePair_Sound/forest_sound_dataset/poaching/58FBC5C146048b98-c5da-4731-8a5c-c3387ea78eff.WAV,poaching/58FBC5C146048b98-c5da-4731-8a5c-c3387ea78eff.WAV,train
natural sound,/Users/guidegiegg/งาน/โปรเจคเล็กๆ/PrePair_Sound/forest_sound_dataset/natural sound/if_necessary/19_11926.wav,natural sound/if_necessary/19_11926.wav,train
natural sound,/Users/guidegiegg/งาน/โปรเจคเล็กๆ/PrePair_Sound/forest_sound_dataset/natural sound/21_12141.wav,natural sound/21_12141.wav,train
natural sound,/Users/guidegiegg/งาน/โปรเจคเล็กๆ/PrePair_Sound/forest_sound_dataset/natural sound/9_10930.wav,natural sound/9_10930.wav,train
poaching,/Users/guidegiegg/งาน/โปรเจคเล็กๆ/PrePair_Sound/forest_sound_dataset/poaching/58FBC5C2ef8084ce-47ec-4aa7-bb77-2e2554d85b7e.WAV,poaching/58FBC5C2ef8084ce-47ec-4aa7-bb77-2e2554d85b7e.WAV,train
natural sound,/Users/guidegiegg/งาน/โปรเจคเล็กๆ/PrePair_Sound/forest_sound_dataset/natural sound/if_necessary/18_11852.wav,natural sound/if_necessary/18_11852.wav,train
logging,/Users/guidegiegg/งาน/โปรเจคเล็กๆ/PrePair_Sound/forest_sound_dataset/logging/16_11657.wav,logging/16_11657.wav,train
logging,/Users/guidegiegg/งาน/โปรเจคเล็กๆ/PrePair_Sound/forest_sound_dataset/logging/16_11651.wav,logging/16_11651.wav,train
poaching,/Users/guidegiegg/งาน/โปรเจคเล็กๆ/PrePair_Sound/forest_sound_dataset/poaching/58FBD380722c2dbc-8269-44d2-a4d3-2bd3c96e1ea3.WAV,poaching/58FBD380722c2dbc-8269-44d2-a4d3-2bd3c96e1ea3.WAV,train
natural sound,/Users/guidegiegg/งาน/โปรเจคเล็กๆ/PrePair_Sound/forest_sound_dataset/natural sound/21_12166.wav,natural sound/21_12166.wav,train
logging,/Users/guidegiegg/งาน/โปรเจคเล็กๆ/PrePair_Sound/forest_sound_dataset/logging/4-149294-A-41.wav,logging/4-149294-A-41.wav,train
logging,/Users/guidegiegg/งาน/โปรเจคเล็กๆ/PrePair_Sound/forest_sound_dataset/logging/11_11171.wav,logging/11_11171.wav,train
natural sound,/Users/guidegiegg/งาน/โปรเจคเล็กๆ/PrePair_Sound/forest_sound_dataset/natural sound/25_12526.wav,natural sound/25_12526.wav,train
poaching,/Users/guidegiegg/งาน/โปรเจคเล็กๆ/PrePair_Sound/forest_sound_dataset/poaching/15_11503.wav,poaching/15_11503.wav,train
natural sound,/Users/guidegiegg/งาน/โปรเจคเล็กๆ/PrePair_Sound/forest_sound_dataset/natural sound/22_12203.wav,natural sound/22_12203.wav,train
natural sound,/Users/guidegiegg/งาน/โปรเจคเล็กๆ/PrePair_Sound/forest_sound_dataset/natural sound/23_12304.wav,natural sound/23_12304.wav,train
poaching,/Users/guidegiegg/งาน/โปรเจคเล็กๆ/PrePair_Sound/forest_sound_dataset/poaching/5B5B9CCE_31cd0a2e6e-ecc5-4e6e-b990-dd04e039fd80db785011-5b5d-46a6-b125-34600929b7655de69c75-a24f-40fc-9382-86308260945b.WAV,poaching/5B5B9CCE_31cd0a2e6e-ecc5-4e6e-b990-dd04e039fd80db785011-5b5d-46a6-b125-34600929b7655de69c75-a24f-40fc-9382-86308260945b.WAV,train
poaching,/Users/guidegiegg/งาน/โปรเจคเล็กๆ/PrePair_Sound/forest_sound_dataset/poaching/5C4DB3BE_31058933b8-bfbe-4e20-91e8-9d6a62bf683923e6f613-65ec-479e-93c0-e39c3310a0195501cffd-674d-4862-a08d-7a4638d4e81d.WAV,poaching/5C4DB3BE_31058933b8-bfbe-4e20-91e8-9d6a62bf683923e6f613-65ec-479e-93c0-e39c3310a0195501cffd-674d-4862-a08d-7a4638d4e81d.WAV,train
natural sound,/Users/guidegiegg/งาน/โปรเจคเล็กๆ/PrePair_Sound/forest_sound_dataset/natural sound/23_12330.wav,natural sound/23_12330.wav,train
poaching,/Users/guidegiegg/งาน/โปรเจคเล็กๆ/PrePair_Sound/forest_sound_dataset/poaching/14_11450.wav,poaching/14_11450.wav,train
natural sound,/Users/guidegiegg/งาน/โปรเจคเล็กๆ/PrePair_Sound/forest_sound_dataset/natural sound/if_necessary/20_12041.wav,natural sound/if_necessary/20_12041.wav,train
natural sound,/Users/guidegiegg/งาน/โปรเจคเล็กๆ/PrePair_Sound/forest_sound_dataset/natural sound/25_12547.wav,natural sound/25_12547.wav,train
natural sound,/Users/guidegiegg/งาน/โปรเจคเล็กๆ/PrePair_Sound/forest_sound_dataset/natural sound/27_12742.wav,natural sound/27_12742.wav,train
poaching,/Users/guidegiegg/งาน/โปรเจคเล็กๆ/PrePair_Sound/forest_sound_dataset/poaching/14_11437.wav,poaching/14_11437.wav,train
natural sound,/Users/guidegiegg/งาน/โปรเจคเล็กๆ/PrePair_Sound/forest_sound_dataset/natural sound/if_necessary/20_12075.wav,natural sound/if_necessary/20_12075.wav,train
natural sound,/Users/guidegiegg/งาน/โปรเจคเล็กๆ/PrePair_Sound/forest_sound_dataset/natural sound/24_12434.wav,natural sound/24_12434.wav,train
logging,/Users/guidegiegg/งาน/โปรเจคเล็กๆ/PrePair_Sound/forest_sound_dataset/logging/13_11308.wav,logging/13_11308.wav,train
fire,/Users/guidegiegg/งาน/โปรเจคเล็กๆ/PrePair_Sound/forest_sound_dataset/fire/y2mate.com - DD Ambience  Building on Fire  Blaze Inferno Wood Cracking Collapsing Loud Stressing_50.wav,fire/y2mate.com - DD Ambience  Building on Fire  Blaze Inferno Wood Cracking Collapsing Loud Stressing_50.wav,train
fire,/Users/guidegiegg/งาน/โปรเจคเล็กๆ/PrePair_Sound/forest_sound_dataset/fire/y2mate.com - DD Ambience  Building on Fire  Blaze Inferno Wood Cracking Collapsing Loud Stressing_34.wav,fire/y2mate.com - DD Ambience  Building on Fire  Blaze Inferno Wood Cracking Collapsing Loud Stressing_34.wav,train
natural sound,/Users/guidegiegg/งาน/โปรเจคเล็กๆ/PrePair_Sound/forest_sound_dataset/natural sound/26_12621.wav,natural sound/26_12621.wav,train
poaching,/Users/guidegiegg/งาน/โปรเจคเล็กๆ/PrePair_Sound/forest_sound_dataset/poaching/5C5A3E52_7932882e1f-796e-4e43-8388-134e2d3c555556c8d780-f96e-4412-a87f-c35f69329b3ede52541b-9afd-440e-8ad7-155a57018241.WAV,poaching/5C5A3E52_7932882e1f-796e-4e43-8388-134e2d3c555556c8d780-f96e-4412-a87f-c35f69329b3ede52541b-9afd-440e-8ad7-155a57018241.WAV,train
natural sound,/Users/guidegiegg/งาน/โปรเจคเล็กๆ/PrePair_Sound/forest_sound_dataset/natural sound/if_necessary/19_11920.wav,natural sound/if_necessary/19_11920.wav,train
natural sound,/Users/guidegiegg/งาน/โปรเจคเล็กๆ/PrePair_Sound/forest_sound_dataset/natural sound/if_necessary/18_11850.wav,natural sound/if_necessary/18_11850.wav,train
poaching,/Users/guidegiegg/งาน/โปรเจคเล็กๆ/PrePair_Sound/forest_sound_dataset/poaching/New folder/glock_017_d5a15ea9-1077-4e5f-80a1-c4e856231489_chan0_v0.wav,poaching/New folder/glock_017_d5a15ea9-1077-4e5f-80a1-c4e856231489_chan0_v0.wav,train
natural sound,/Users/guidegiegg/งาน/โปรเจคเล็กๆ/PrePair_Sound/forest_sound_dataset/natural sound/6_10631.wav,natural sound/6_10631.wav,train
natural sound,/Users/guidegiegg/งาน/โปรเจคเล็กๆ/PrePair_Sound/forest_sound_dataset/natural sound/2_10274.wav,natural sound/2_10274.wav,train
poaching,/Users/guidegiegg/งาน/โปรเจคเล็กๆ/PrePair_Sound/forest_sound_dataset/poaching/5C5CF0C4_2283a7429e-8009-41ae-9be6-17f9a45a3835f3f35078-7ae3-43b4-bfcf-2e1c5e84b3278aba771d-4e0b-427c-9e97-2761fbac6535.WAV,poaching/5C5CF0C4_2283a7429e-8009-41ae-9be6-17f9a45a3835f3f35078-7ae3-43b4-bfcf-2e1c5e84b3278aba771d-4e0b-427c-9e97-2761fbac6535.WAV,train
logging,/Users/guidegiegg/งาน/โปรเจคเล็กๆ/PrePair_Sound/forest_sound_dataset/logging/5-185579-A-41.wav,logging/5-185579-A-41.wav,train
poaching,/Users/guidegiegg/งาน/โปรเจคเล็กๆ/PrePair_Sound/forest_sound_dataset/poaching/5AF8B8D6_27fdc9c12-42b6-4df3-8bbf-812db9449e5ff2f05df7-07a6-4127-ae9a-57e3d58115936b7f4285-f829-4149-b4b2-79518d04ccd6.WAV,poaching/5AF8B8D6_27fdc9c12-42b6-4df3-8bbf-812db9449e5ff2f05df7-07a6-4127-ae9a-57e3d58115936b7f4285-f829-4149-b4b2-79518d04ccd6.WAV,train
natural sound,/Users/guidegiegg/งาน/โปรเจคเล็กๆ/PrePair_Sound/forest_sound_dataset/natural sound/if_necessary/19_11915.wav,natural sound/if_necessary/19_11915.wav,train
logging,/Users/guidegiegg/งาน/โปรเจคเล็กๆ/PrePair_Sound/forest_sound_dataset/logging/10_11075.wav,logging/10_11075.wav,train
natural sound,/Users/guidegiegg/งาน/โปรเจคเล็กๆ/PrePair_Sound/forest_sound_dataset/natural sound/if_necessary/20_12019.wav,natural sound/if_necessary/20_12019.wav,train
poaching,/Users/guidegiegg/งาน/โปรเจคเล็กๆ/PrePair_Sound/forest_sound_dataset/poaching/New folder/sig-p225_018_SA_050B_S04.wav,poaching/New folder/sig-p225_018_SA_050B_S04.wav,train
poaching,/Users/guidegiegg/งาน/โปรเจคเล็กๆ/PrePair_Sound/forest_sound_dataset/poaching/New folder/double-barrel-shotgun_005_dbs_0m_center_1754.wav,poaching/New folder/double-barrel-shotgun_005_dbs_0m_center_1754.wav,train
natural sound,/Users/guidegiegg/งาน/โปรเจคเล็กๆ/PrePair_Sound/forest_sound_dataset/natural sound/if_necessary/19_11910.wav,natural sound/if_necessary/19_11910.wav,train
natural sound,/Users/guidegiegg/งาน/โปรเจคเล็กๆ/PrePair_Sound/forest_sound_dataset/natural sound/25_12530.wav,natural sound/25_12530.wav,train
logging,/Users/guidegiegg/งาน/โปรเจคเล็กๆ/PrePair_Sound/forest_sound_dataset/logging/10_11055.wav,logging/10_11055.wav,train
natural sound,/Users/guidegiegg/งาน/โปรเจคเล็กๆ/PrePair_Sound/forest_sound_dataset/natural sound/if_necessary/20_12024.wav,natural sound/if_necessary/20_12024.wav,train
natural sound,/Users/guidegiegg/งาน/โปรเจคเล็กๆ/PrePair_Sound/forest_sound_dataset/natural sound/if_necessary/17_11719.wav,natural sound/if_necessary/17_11719.wav,train
poaching,/Users/guidegiegg/งาน/โปรเจคเล็กๆ/PrePair_Sound/forest_sound_dataset/poaching/5C9E70C6_39ffea74c0-4795-408c-b319-3b37f5286c9d7338828b-06ae-4690-b49e-e31934530a0d2ab1c07c-f889-4fd0-b9b1-1018a787f426.WAV,poaching/5C9E70C6_39ffea74c0-4795-408c-b319-3b37f5286c9d7338828b-06ae-4690-b49e-e31934530a0d2ab1c07c-f889-4fd0-b9b1-1018a787f426.WAV,train
natural sound,/Users/guidegiegg/งาน/โปรเจคเล็กๆ/PrePair_Sound/forest_sound_dataset/natural sound/26_12669.wav,natural sound/26_12669.wav,train
natural sound,/Users/guidegiegg/งาน/โปรเจคเล็กๆ/PrePair_Sound/forest_sound_dataset/natural sound/25_12523.wav,natural sound/25_12523.wav,train
logging,/Users/guidegiegg/งาน/โปรเจคเล็กๆ/PrePair_Sound/forest_sound_dataset/logging/13_11351.wav,logging/13_11351.wav,train
natural sound,/Users/guidegiegg/งาน/โปรเจคเล็กๆ/PrePair_Sound/forest_sound_dataset/natural sound/8_10867.wav,natural sound/8_10867.wav,train
poaching,/Users/guidegiegg/งาน/โปรเจคเล็กๆ/PrePair_Sound/forest_sound_dataset/poaching/15_11506.wav,poaching/15_11506.wav,train
fire,/Users/guidegiegg/งาน/โปรเจคเล็กๆ/PrePair_Sound/forest_sound_dataset/fire/1_10115.wav,fire/1_10115.wav,train
poaching,/Users/guidegiegg/งาน/โปรเจคเล็กๆ/PrePair_Sound/forest_sound_dataset/poaching/15_11527.wav,poaching/15_11527.wav,train
poaching,/Users/guidegiegg/งาน/โปรเจคเล็กๆ/PrePair_Sound/forest_sound_dataset/poaching/New folder/desert-eagle_014_deagle_0m_center_1782.wav,poaching/New folder/desert-eagle_014_deagle_0m_center_1782.wav,train
natural sound,/Users/guidegiegg/งาน/โปรเจคเล็กๆ/PrePair_Sound/forest_sound_dataset/natural sound/if_necessary/18_11859.wav,natural sound/if_necessary/18_11859.wav,train
logging,/Users/guidegiegg/งาน/โปรเจคเล็กๆ/PrePair_Sound/forest_sound_dataset/logging/16_11671.wav,logging/16_11671.wav,train
poaching,/Users/guidegiegg/งาน/โปรเจคเล็กๆ/PrePair_Sound/forest_sound_dataset/poaching/15_11561.wav,poaching/15_11561.wav,train
poaching,/Users/guidegiegg/งาน/โปรเจคเล็กๆ/PrePair_Sound/forest_sound_dataset/poaching/5C097B3A_65355cf0e7-1ec4-4a86-adf9-7109720e8dcc20a5bebf-0d8f-4588-a8fc-be367ce9e53f75aea315-884c-4bc4-bf7a-8091b3fd6dc2.WAV,poaching/5C097B3A_65355cf0e7-1ec4-4a86-adf9-7109720e8dcc20a5bebf-0d8f-4588-a8fc-be367ce9e53f75aea315-884c-4bc4-bf7a-8091b3fd6dc2.WAV,train
natural sound,/Users/guidegiegg/งาน/โปรเจคเล็กๆ/PrePair_Sound/forest_sound_dataset/natural sound/3_10334.wav,natural sound/3_10334.wav,train
logging,/Users/guidegiegg/งาน/โปรเจคเล็กๆ/PrePair_Sound/forest_sound_dataset/logging/16_11618.wav,logging/16_11618.wav,train
natural sound,/Users/guidegiegg/งาน/โปรเจคเล็กๆ/PrePair_Sound/forest_sound_dataset/natural sound/if_necessary/18_11867.wav,natural sound/if_necessary/18_11867.wav,train
natural sound,/Users/guidegiegg/งาน/โปรเจคเล็กๆ/PrePair_Sound/forest_sound_dataset/natural sound/24_12450.wav,natural sound/24_12450.wav,train
fire,/Users/guidegiegg/งาน/โปรเจคเล็กๆ/PrePair_Sound/forest_sound_dataset/fire/1_10170.wav,fire/1_10170.wav,train
natural sound,/Users/guidegiegg/งาน/โปรเจคเล็กๆ/PrePair_Sound/forest_sound_dataset/natural sound/if_necessary/18_11847.wav,natural sound/if_necessary/18_11847.wav,train
poaching,/Users/guidegiegg/งาน/โปรเจคเล็กๆ/PrePair_Sound/forest_sound_dataset/poaching/15_11515.wav,poaching/15_11515.wav,train
fire,/Users/guidegiegg/งาน/โปรเจคเล็กๆ/PrePair_Sound/forest_sound_dataset/fire/1_10112.wav,fire/1_10112.wav,train
natural sound,/Users/guidegiegg/งาน/โปรเจคเล็กๆ/PrePair_Sound/forest_sound_dataset/natural sound/if_necessary/18_11810.wav,natural sound/if_necessary/18_11810.wav,train
natural sound,/Users/guidegiegg/งาน/โปรเจคเล็กๆ/PrePair_Sound/forest_sound_dataset/natural sound/3_10346.wav,natural sound/3_10346.wav,train
poaching,/Users/guidegiegg/งาน/โปรเจคเล็กๆ/PrePair_Sound/forest_sound_dataset/poaching/5C15285A_74ba5296bd-445b-406d-9e36-5cd885785d5ffc7c6c62-c4b7-4b3b-8983-1c85fb4cdf6fead8078d-83cf-4f57-8fdd-274ce9df4441.WAV,poaching/5C15285A_74ba5296bd-445b-406d-9e36-5cd885785d5ffc7c6c62-c4b7-4b3b-8983-1c85fb4cdf6fead8078d-83cf-4f57-8fdd-274ce9df4441.WAV,train
logging,/Users/guidegiegg/งาน/โปรเจคเล็กๆ/PrePair_Sound/forest_sound_dataset/logging/13_11345.wav,logging/13_11345.wav,train
natural sound,/Users/guidegiegg/งาน/โปรเจคเล็กๆ/PrePair_Sound/forest_sound_dataset/natural sound/8_10816.wav,natural sound/8_10816.wav,train
fire,/Users/guidegiegg/งาน/โปรเจคเล็กๆ/PrePair_Sound/forest_sound_dataset/fire/4-182369-A-12.wav,fire/4-182369-A-12.wav,train
natural sound,/Users/guidegiegg/งาน/โปรเจคเล็กๆ/PrePair_Sound/forest_sound_dataset/natural sound/if_necessary/18_11836.wav,natural sound/if_necessary/18_11836.wav,train
poaching,/Users/guidegiegg/งาน/โปรเจคเล็กๆ/PrePair_Sound/forest_sound_dataset/poaching/15_11544.wav,poaching/15_11544.wav,train
natural sound,/Users/guidegiegg/งาน/โปรเจคเล็กๆ/PrePair_Sound/forest_sound_dataset/natural sound/4_10441.wav,natural sound/4_10441.wav,train
natural sound,/Users/guidegiegg/งาน/โปรเจคเล็กๆ/PrePair_Sound/forest_sound_dataset/natural sound/2_10267.wav,natural sound/2_10267.wav,train
natural sound,/Users/guidegiegg/งาน/โปรเจคเล็กๆ/PrePair_Sound/forest_sound_dataset/natural sound/25_12561.wav,natural sound/25_12561.wav,train
fire,/Users/guidegiegg/งาน/โปรเจคเล็กๆ/PrePair_Sound/forest_sound_dataset/fire/1_10129.wav,fire/1_10129.wav,train
logging,/Users/guidegiegg/งาน/โปรเจคเล็กๆ/PrePair_Sound/forest_sound_dataset/logging/13_11306.wav,logging/13_11306.wav,train
natural sound,/Users/guidegiegg/งาน/โปรเจคเล็กๆ/PrePair_Sound/forest_sound_dataset/natural sound/if_necessary/20_12040.wav,natural sound/if_necessary/20_12040.wav,train
natural sound,/Users/guidegiegg/งาน/โปรเจคเล็กๆ/PrePair_Sound/forest_sound_dataset/natural sound/25_12555.wav,natural sound/25_12555.wav,train
logging,/Users/guidegiegg/งาน/โปรเจคเล็กๆ/PrePair_Sound/forest_sound_dataset/logging/13_11365.wav,logging/13_11365.wav,train
natural sound,/Users/guidegiegg/งาน/โปรเจคเล็กๆ/PrePair_Sound/forest_sound_dataset/natural sound/if_necessary/17_11729.wav,natural sound/if_necessary/17_11729.wav,train
logging,/Users/guidegiegg/งาน/โปรเจคเล็กๆ/PrePair_Sound/forest_sound_dataset/logging/7_10764.wav,logging/7_10764.wav,train
natural sound,/Users/guidegiegg/งาน/โปรเจคเล็กๆ/PrePair_Sound/forest_sound_dataset/natural sound/8_10818.wav,natural sound/8_10818.wav,train
natural sound,/Users/guidegiegg/งาน/โปรเจคเล็กๆ/PrePair_Sound/forest_sound_dataset/natural sound/if_necessary/18_11812.wav,natural sound/if_necessary/18_11812.wav,train
natural sound,/Users/guidegiegg/งาน/โปรเจคเล็กๆ/PrePair_Sound/forest_sound_dataset/natural sound/5_10534.wav,natural sound/5_10534.wav,train
logging,/Users/guidegiegg/งาน/โปรเจคเล็กๆ/PrePair_Sound/forest_sound_dataset/logging/5-253094-D-49.wav,logging/5-253094-D-49.wav,train
natural sound,/Users/guidegiegg/งาน/โปรเจคเล็กๆ/PrePair_Sound/forest_sound_dataset/natural sound/22_12246.wav,natural sound/22_12246.wav,train
natural sound,/Users/guidegiegg/งาน/โปรเจคเล็กๆ/PrePair_Sound/forest_sound_dataset/natural sound/27_12772.wav,natural sound/27_12772.wav,train
natural sound,/Users/guidegiegg/งาน/โปรเจคเล็กๆ/PrePair_Sound/forest_sound_dataset/natural sound/2_10203.wav,natural sound/2_10203.wav,train
poaching,/Users/guidegiegg/งาน/โปรเจคเล็กๆ/PrePair_Sound/forest_sound_dataset/poaching/New folder/m16_025_m16_0m_center_0558.wav,poaching/New folder/m16_025_m16_0m_center_0558.wav,train
poaching,/Users/guidegiegg/งาน/โปรเจคเล็กๆ/PrePair_Sound/forest_sound_dataset/poaching/5B4283C0_2343fb233f-d51b-4feb-8268-3ffd93da44b654c5e695-ac91-4fc9-a299-59d7f4fa972617013ce6-d92d-4e49-8c0e-5bdc8b50a8bd.WAV,poaching/5B4283C0_2343fb233f-d51b-4feb-8268-3ffd93da44b654c5e695-ac91-4fc9-a299-59d7f4fa972617013ce6-d92d-4e49-8c0e-5bdc8b50a8bd.WAV,train
fire,/Users/guidegiegg/งาน/โปรเจคเล็กๆ/PrePair_Sound/forest_sound_dataset/fire/1_10138.wav,fire/1_10138.wav,train
natural sound,/Users/guidegiegg/งาน/โปรเจคเล็กๆ/PrePair_Sound/forest_sound_dataset/natural sound/if_necessary/19_11924.wav,natural sound/if_necessary/19_11924.wav,train
poaching,/Users/guidegiegg/งาน/โปรเจคเล็กๆ/PrePair_Sound/forest_sound_dataset/poaching/5C5C80F5_2426c23f11-5720-44ea-bbe0-895b1719e0eb44d515ee-2e85-4006-a3a7-6839060846b1b0150f53-97f8-40e8-ae16-0632321918a2.WAV,poaching/5C5C80F5_2426c23f11-5720-44ea-bbe0-895b1719e0eb44d515ee-2e85-4006-a3a7-6839060846b1b0150f53-97f8-40e8-ae16-0632321918a2.WAV,train
natural sound,/Users/guidegiegg/งาน/โปรเจคเล็กๆ/PrePair_Sound/forest_sound_dataset/natural sound/4_10457.wav,natural sound/4_10457.wav,train
natural sound,/Users/guidegiegg/งาน/โปรเจคเล็กๆ/PrePair_Sound/forest_sound_dataset/natural sound/if_necessary/20_12035.wav,natural sound/if_necessary/20_12035.wav,train
natural sound,/Users/guidegiegg/งาน/โปรเจคเล็กๆ/PrePair_Sound/forest_sound_dataset/natural sound/if_necessary/20_12054.wav,natural sound/if_necessary/20_12054.wav,train
natural sound,/Users/guidegiegg/งาน/โปรเจคเล็กๆ/PrePair_Sound/forest_sound_dataset/natural sound/26_12609.wav,natural sound/26_12609.wav,train
poaching,/Users/guidegiegg/งาน/โปรเจคเล็กๆ/PrePair_Sound/forest_sound_dataset/poaching/58FBDB81156299b5-e622-402d-b3a7-6d359708e78d.WAV,poaching/58FBDB81156299b5-e622-402d-b3a7-6d359708e78d.WAV,train
poaching,/Users/guidegiegg/งาน/โปรเจคเล็กๆ/PrePair_Sound/forest_sound_dataset/poaching/15_11518.wav,poaching/15_11518.wav,train
natural sound,/Users/guidegiegg/งาน/โปรเจคเล็กๆ/PrePair_Sound/forest_sound_dataset/natural sound/26_12659.wav,natural sound/26_12659.wav,train
natural sound,/Users/guidegiegg/งาน/โปรเจคเล็กๆ/PrePair_Sound/forest_sound_dataset/natural sound/if_necessary/18_11833.wav,natural sound/if_necessary/18_11833.wav,train
fire,/Users/guidegiegg/งาน/โปรเจคเล็กๆ/PrePair_Sound/forest_sound_dataset/fire/5-186924-A-12.wav,fire/5-186924-A-12.wav,train
logging,/Users/guidegiegg/งาน/โปรเจคเล็กๆ/PrePair_Sound/forest_sound_dataset/logging/7_10719.wav,logging/7_10719.wav,train
natural sound,/Users/guidegiegg/งาน/โปรเจคเล็กๆ/PrePair_Sound/forest_sound_dataset/natural sound/24_12449.wav,natural sound/24_12449.wav,train
logging,/Users/guidegiegg/งาน/โปรเจคเล็กๆ/PrePair_Sound/forest_sound_dataset/logging/7_10735.wav,logging/7_10735.wav,train
natural sound,/Users/guidegiegg/งาน/โปรเจคเล็กๆ/PrePair_Sound/forest_sound_dataset/natural sound/23_12354.wav,natural sound/23_12354.wav,train
natural sound,/Users/guidegiegg/งาน/โปรเจคเล็กๆ/PrePair_Sound/forest_sound_dataset/natural sound/if_necessary/17_11711.wav,natural sound/if_necessary/17_11711.wav,train
poaching,/Users/guidegiegg/งาน/โปรเจคเล็กๆ/PrePair_Sound/forest_sound_dataset/poaching/58FBDBEF51b743b3-298b-43eb-a18e-56279d7fab64.WAV,poaching/58FBDBEF51b743b3-298b-43eb-a18e-56279d7fab64.WAV,train
natural sound,/Users/guidegiegg/งาน/โปรเจคเล็กๆ/PrePair_Sound/forest_sound_dataset/natural sound/if_necessary/19_11963.wav,natural sound/if_necessary/19_11963.wav,train
logging,/Users/guidegiegg/งาน/โปรเจคเล็กๆ/PrePair_Sound/forest_sound_dataset/logging/13_11342.wav,logging/13_11342.wav,train
natural sound,/Users/guidegiegg/งาน/โปรเจคเล็กๆ/PrePair_Sound/forest_sound_dataset/natural sound/22_12241.wav,natural sound/22_12241.wav,train
poaching,/Users/guidegiegg/งาน/โปรเจคเล็กๆ/PrePair_Sound/forest_sound_dataset/poaching/14_11463.wav,poaching/14_11463.wav,train
poaching,/Users/guidegiegg/งาน/โปรเจคเล็กๆ/PrePair_Sound/forest_sound_dataset/poaching/5C7C8813_50bfc0b59e-45e8-4212-9071-396865d6002c2d3fd29b-fcdf-4599-b8d3-8483444e28d1fa4572c3-9fec-4d2e-a63b-fd7441193e08.WAV,poaching/5C7C8813_50bfc0b59e-45e8-4212-9071-396865d6002c2d3fd29b-fcdf-4599-b8d3-8483444e28d1fa4572c3-9fec-4d2e-a63b-fd7441193e08.WAV,train
natural sound,/Users/guidegiegg/งาน/โปรเจคเล็กๆ/PrePair_Sound/forest_sound_dataset/natural sound/24_12428.wav,natural sound/24_12428.wav,train
natural sound,/Users/guidegiegg/งาน/โปรเจคเล็กๆ/PrePair_Sound/forest_sound_dataset/natural sound/6_10646.wav,natural sound/6_10646.wav,train
natural sound,/Users/guidegiegg/งาน/โปรเจคเล็กๆ/PrePair_Sound/forest_sound_dataset/natural sound/5_10554.wav,natural sound/5_10554.wav,train
natural sound,/Users/guidegiegg/งาน/โปรเจคเล็กๆ/PrePair_Sound/forest_sound_dataset/natural sound/26_12635.wav,natural sound/26_12635.wav,train
logging,/Users/guidegiegg/งาน/โปรเจคเล็กๆ/PrePair_Sound/forest_sound_dataset/logging/13_11334.wav,logging/13_11334.wav,train
poaching,/Users/guidegiegg/งาน/โปรเจคเล็กๆ/PrePair_Sound/forest_sound_dataset/poaching/14_11439.wav,poaching/14_11439.wav,train
fire,/Users/guidegiegg/งาน/โปรเจคเล็กๆ/PrePair_Sound/forest_sound_dataset/fire/videoplayback_69.wav,fire/videoplayback_69.wav,train
poaching,/Users/guidegiegg/งาน/โปรเจคเล็กๆ/PrePair_Sound/forest_sound_dataset/poaching/5BF33B49_57f5fa0901-ea2f-48d0-b07f-675d6f9042d7bcfa8e2b-fe00-4d74-8d33-9d95bb2455e92b346e3d-6ec7-4db8-b0c2-437d3fe3ced4.WAV,poaching/5BF33B49_57f5fa0901-ea2f-48d0-b07f-675d6f9042d7bcfa8e2b-fe00-4d74-8d33-9d95bb2455e92b346e3d-6ec7-4db8-b0c2-437d3fe3ced4.WAV,train
natural sound,/Users/guidegiegg/งาน/โปรเจคเล็กๆ/PrePair_Sound/forest_sound_dataset/natural sound/if_necessary/19_11956.wav,natural sound/if_necessary/19_11956.wav,train
natural sound,/Users/guidegiegg/งาน/โปรเจคเล็กๆ/PrePair_Sound/forest_sound_dataset/natural sound/3_10320.wav,natural sound/3_10320.wav,train
fire,/Users/guidegiegg/งาน/โปรเจคเล็กๆ/PrePair_Sound/forest_sound_dataset/fire/y2mate.com - DD Ambience  Building on Fire  Blaze Inferno Wood Cracking Collapsing Loud Stressing_1_32.wav,fire/y2mate.com - DD Ambience  Building on Fire  Blaze Inferno Wood Cracking Collapsing Loud Stressing_1_32.wav,train
natural sound,/Users/guidegiegg/งาน/โปรเจคเล็กๆ/PrePair_Sound/forest_sound_dataset/natural sound/8_10841.wav,natural sound/8_10841.wav,train
natural sound,/Users/guidegiegg/งาน/โปรเจคเล็กๆ/PrePair_Sound/forest_sound_dataset/natural sound/8_10820.wav,natural sound/8_10820.wav,train
logging,/Users/guidegiegg/งาน/โปรเจคเล็กๆ/PrePair_Sound/forest_sound_dataset/logging/10_11049.wav,logging/10_11049.wav,train
logging,/Users/guidegiegg/งาน/โปรเจคเล็กๆ/PrePair_Sound/forest_sound_dataset/logging/16_11669.wav,logging/16_11669.wav,train
natural sound,/Users/guidegiegg/งาน/โปรเจคเล็กๆ/PrePair_Sound/forest_sound_dataset/natural sound/2_10261.wav,natural sound/2_10261.wav,train
fire,/Users/guidegiegg/งาน/โปรเจคเล็กๆ/PrePair_Sound/forest_sound_dataset/fire/3-147965-A-12.wav,fire/3-147965-A-12.wav,train
fire,/Users/guidegiegg/งาน/โปรเจคเล็กๆ/PrePair_Sound/forest_sound_dataset/fire/1_10167.wav,fire/1_10167.wav,train
logging,/Users/guidegiegg/งาน/โปรเจคเล็กๆ/PrePair_Sound/forest_sound_dataset/logging/16_11666.wav,logging/16_11666.wav,train
poaching,/Users/guidegiegg/งาน/โปรเจคเล็กๆ/PrePair_Sound/forest_sound_dataset/poaching/5B88A62D_240525b2b7-0792-4cc7-8910-bf6498a524fbb4d0d430-2ce8-493e-8579-499af1c896b942062b7d-78ed-4296-a1ac-1d352c05bca0.WAV,poaching/5B88A62D_240525b2b7-0792-4cc7-8910-bf6498a524fbb4d0d430-2ce8-493e-8579-499af1c896b942062b7d-78ed-4296-a1ac-1d352c05bca0.WAV,train
fire,/Users/guidegiegg/งาน/โปรเจคเล็กๆ/PrePair_Sound/forest_sound_dataset/fire/3-158476-A-12.wav,fire/3-158476-A-12.wav,train
logging,/Users/guidegiegg/งาน/โปรเจคเล็กๆ/PrePair_Sound/forest_sound_dataset/logging/5-170338-B-41.wav,logging/5-170338-B-41.wav,train
natural sound,/Users/guidegiegg/งาน/โปรเจคเล็กๆ/PrePair_Sound/forest_sound_dataset/natural sound/22_12250.wav,natural sound/22_12250.wav,train
poaching,/Users/guidegiegg/งาน/โปรเจคเล็กๆ/PrePair_Sound/forest_sound_dataset/poaching/14_11416.wav,poaching/14_11416.wav,train
fire,/Users/guidegiegg/งาน/โปรเจคเล็กๆ/PrePair_Sound/forest_sound_dataset/fire/videoplayback_30.wav,fire/videoplayback_30.wav,train
natural sound,/Users/guidegiegg/งาน/โปรเจคเล็กๆ/PrePair_Sound/forest_sound_dataset/natural sound/3_10373.wav,natural sound/3_10373.wav,train
logging,/Users/guidegiegg/งาน/โปรเจคเล็กๆ/PrePair_Sound/forest_sound_dataset/logging/11_11102.wav,logging/11_11102.wav,train
poaching,/Users/guidegiegg/งาน/โปรเจคเล็กๆ/PrePair_Sound/forest_sound_dataset/poaching/5B6E6CD9_17d8b6c431-d2fe-47d9-b82e-d81167a2b2c51033102a-4d0d-4a5e-84e0-6aa44f0cadb327bbdffb-5fd5-4821-bd35-bae91c28d71c.WAV,poaching/5B6E6CD9_17d8b6c431-d2fe-47d9-b82e-d81167a2b2c51033102a-4d0d-4a5e-84e0-6aa44f0cadb327bbdffb-5fd5-4821-bd35-bae91c28d71c.WAV,train
fire,/Users/guidegiegg/งาน/โปรเจคเล็กๆ/PrePair_Sound/forest_sound_dataset/fire/y2mate.com - DD Ambience  Building on Fire  Blaze Inferno Wood Cracking Collapsing Loud Stressing_1_38.wav,fire/y2mate.com - DD Ambience  Building on Fire  Blaze Inferno Wood Cracking Collapsing Loud Stressing_1_38.wav,train
logging,/Users/guidegiegg/งาน/โปรเจคเล็กๆ/PrePair_Sound/forest_sound_dataset/logging/11_11175.wav,logging/11_11175.wav,train
logging,/Users/guidegiegg/งาน/โปรเจคเล็กๆ/PrePair_Sound/forest_sound_dataset/logging/11_11107.wav,logging/11_11107.wav,train
natural sound,/Users/guidegiegg/งาน/โปรเจคเล็กๆ/PrePair_Sound/forest_sound_dataset/natural sound/if_necessary/18_11803.wav,natural sound/if_necessary/18_11803.wav,train
natural sound,/Users/guidegiegg/งาน/โปรเจคเล็กๆ/PrePair_Sound/forest_sound_dataset/natural sound/5_10559.wav,natural sound/5_10559.wav,train
logging,/Users/guidegiegg/งาน/โปรเจคเล็กๆ/PrePair_Sound/forest_sound_dataset/logging/1-64398-B-41.wav,logging/1-64398-B-41.wav,train
natural sound,/Users/guidegiegg/งาน/โปรเจคเล็กๆ/PrePair_Sound/forest_sound_dataset/natural sound/8_10851.wav,natural sound/8_10851.wav,train
natural sound,/Users/guidegiegg/งาน/โปรเจคเล็กๆ/PrePair_Sound/forest_sound_dataset/natural sound/25_12525.wav,natural sound/25_12525.wav,train
natural sound,/Users/guidegiegg/งาน/โปรเจคเล็กๆ/PrePair_Sound/forest_sound_dataset/natural sound/2_10228.wav,natural sound/2_10228.wav,train
logging,/Users/guidegiegg/งาน/โปรเจคเล็กๆ/PrePair_Sound/forest_sound_dataset/logging/10_11009.wav,logging/10_11009.wav,train
natural sound,/Users/guidegiegg/งาน/โปรเจคเล็กๆ/PrePair_Sound/forest_sound_dataset/natural sound/if_necessary/18_11856.wav,natural sound/if_necessary/18_11856.wav,train
logging,/Users/guidegiegg/งาน/โปรเจคเล็กๆ/PrePair_Sound/forest_sound_dataset/logging/7_10748.wav,logging/7_10748.wav,train
natural sound,/Users/guidegiegg/งาน/โปรเจคเล็กๆ/PrePair_Sound/forest_sound_dataset/natural sound/25_12504.wav,natural sound/25_12504.wav,train
poaching,/Users/guidegiegg/งาน/โปรเจคเล็กๆ/PrePair_Sound/forest_sound_dataset/poaching/15_11551.wav,poaching/15_11551.wav,train
natural sound,/Users/guidegiegg/งาน/โปรเจคเล็กๆ/PrePair_Sound/forest_sound_dataset/natural sound/if_necessary/18_11834.wav,natural sound/if_necessary/18_11834.wav,train
natural sound,/Users/guidegiegg/งาน/โปรเจคเล็กๆ/PrePair_Sound/forest_sound_dataset/natural sound/8_10832.wav,natural sound/8_10832.wav,train
natural sound,/Users/guidegiegg/งาน/โปรเจคเล็กๆ/PrePair_Sound/forest_sound_dataset/natural sound/22_12272.wav,natural sound/22_12272.wav,train
poaching,/Users/guidegiegg/งาน/โปรเจคเล็กๆ/PrePair_Sound/forest_sound_dataset/poaching/5C8FD25C_468db235c7-a36a-49ac-88dd-56ae43ce5673a24d1335-95ef-46ae-b0c9-7dd0afed6106d83c78c8-274f-4ea3-b97d-c8f98cea46ff.WAV,poaching/5C8FD25C_468db235c7-a36a-49ac-88dd-56ae43ce5673a24d1335-95ef-46ae-b0c9-7dd0afed6106d83c78c8-274f-4ea3-b97d-c8f98cea46ff.WAV,train
natural sound,/Users/guidegiegg/งาน/โปรเจคเล็กๆ/PrePair_Sound/forest_sound_dataset/natural sound/24_12436.wav,natural sound/24_12436.wav,train
natural sound,/Users/guidegiegg/งาน/โปรเจคเล็กๆ/PrePair_Sound/forest_sound_dataset/natural sound/22_12264.wav,natural sound/22_12264.wav,train
natural sound,/Users/guidegiegg/งาน/โปรเจคเล็กๆ/PrePair_Sound/forest_sound_dataset/natural sound/24_12412.wav,natural sound/24_12412.wav,train
natural sound,/Users/guidegiegg/งาน/โปรเจคเล็กๆ/PrePair_Sound/forest_sound_dataset/natural sound/if_necessary/20_12067.wav,natural sound/if_necessary/20_12067.wav,train
natural sound,/Users/guidegiegg/งาน/โปรเจคเล็กๆ/PrePair_Sound/forest_sound_dataset/natural sound/if_necessary/20_12066.wav,natural sound/if_necessary/20_12066.wav,train
poaching,/Users/guidegiegg/งาน/โปรเจคเล็กๆ/PrePair_Sound/forest_sound_dataset/poaching/14_11401.wav,poaching/14_11401.wav,train
logging,/Users/guidegiegg/งาน/โปรเจคเล็กๆ/PrePair_Sound/forest_sound_dataset/logging/13_11367.wav,logging/13_11367.wav,train
poaching,/Users/guidegiegg/งาน/โปรเจคเล็กๆ/PrePair_Sound/forest_sound_dataset/poaching/5C5CAD68_8d8fbcb65-df9d-4663-a077-ef484058d0d3fc94353c-b228-4476-9f1c-5adeb3948cbc548086dc-18b1-40e4-911d-63c237c9a7a8.WAV,poaching/5C5CAD68_8d8fbcb65-df9d-4663-a077-ef484058d0d3fc94353c-b228-4476-9f1c-5adeb3948cbc548086dc-18b1-40e4-911d-63c237c9a7a8.WAV,train
natural sound,/Users/guidegiegg/งาน/โปรเจคเล็กๆ/PrePair_Sound/forest_sound_dataset/natural sound/4_10442.wav,natural sound/4_10442.wav,train
poaching,/Users/guidegiegg/งาน/โปรเจคเล็กๆ/PrePair_Sound/forest_sound_dataset/poaching/58FBBCC092bcdf2a-27fa-4446-9067-0a957ed49380.WAV,poaching/58FBBCC092bcdf2a-27fa-4446-9067-0a957ed49380.WAV,train
logging,/Users/guidegiegg/งาน/โปรเจคเล็กๆ/PrePair_Sound/forest_sound_dataset/logging/3-118657-B-41.wav,logging/3-118657-B-41.wav,train
poaching,/Users/guidegiegg/งาน/โปรเจคเล็กๆ/PrePair_Sound/forest_sound_dataset/poaching/5C64628D_42b4a80390-dd68-489d-9873-36c4730593507da932c4-b679-45c5-8569-b4d986f5f00a4f3f51db-ed4a-45b3-a816-3b113ad06f3b.WAV,poaching/5C64628D_42b4a80390-dd68-489d-9873-36c4730593507da932c4-b679-45c5-8569-b4d986f5f00a4f3f51db-ed4a-45b3-a816-3b113ad06f3b.WAV,train
natural sound,/Users/guidegiegg/งาน/โปรเจคเล็กๆ/PrePair_Sound/forest_sound_dataset/natural sound/9_10910.wav,natural sound/9_10910.wav,train
logging,/Users/guidegiegg/งาน/โปรเจคเล็กๆ/PrePair_Sound/forest_sound_dataset/logging/13_11347.wav,logging/13_11347.wav,train
poaching,/Users/guidegiegg/งาน/โปรเจคเล็กๆ/PrePair_Sound/forest_sound_dataset/poaching/5C2ABC3C_605b4d3b61-719f-40e3-82e2-354c5c8943e312059453-c1ed-46e5-801c-4ba5369931c55e327edf-11ab-4740-aa7f-18bfdd06b441.WAV,poaching/5C2ABC3C_605b4d3b61-719f-40e3-82e2-354c5c8943e312059453-c1ed-46e5-801c-4ba5369931c55e327edf-11ab-4740-aa7f-18bfdd06b441.WAV,train
natural sound,/Users/guidegiegg/งาน/โปรเจคเล็กๆ/PrePair_Sound/forest_sound_dataset/natural sound/26_12605.wav,natural sound/26_12605.wav,train
natural sound,/Users/guidegiegg/งาน/โปรเจคเล็กๆ/PrePair_Sound/forest_sound_dataset/natural sound/9_10969.wav,natural sound/9_10969.wav,train
natural sound,/Users/guidegiegg/งาน/โปรเจคเล็กๆ/PrePair_Sound/forest_sound_dataset/natural sound/2_10251.wav,natural sound/2_10251.wav,train
logging,/Users/guidegiegg/งาน/โปรเจคเล็กๆ/PrePair_Sound/forest_sound_dataset/logging/13_11311.wav,logging/13_11311.wav,train
natural sound,/Users/guidegiegg/งาน/โปรเจคเล็กๆ/PrePair_Sound/forest_sound_dataset/natural sound/if_necessary/19_11930.wav,natural sound/if_necessary/19_11930.wav,train
fire,/Users/guidegiegg/งาน/โปรเจคเล็กๆ/PrePair_Sound/forest_sound_dataset/fire/1_10153.wav,fire/1_10153.wav,train
poaching,/Users/guidegiegg/งาน/โปรเจคเล็กๆ/PrePair_Sound/forest_sound_dataset/poaching/5BE21760_48e4da117c-22da-405f-97a8-13a510a1b4704ccaec6c-b2d1-416b-b6a9-b2ac16e940954a436872-a3bd-4610-90a5-7583b343bceb.WAV,poaching/5BE21760_48e4da117c-22da-405f-97a8-13a510a1b4704ccaec6c-b2d1-416b-b6a9-b2ac16e940954a436872-a3bd-4610-90a5-7583b343bceb.WAV,train
fire,/Users/guidegiegg/งาน/โปรเจคเล็กๆ/PrePair_Sound/forest_sound_dataset/fire/y2mate.com - DD Ambience  Building on Fire  Blaze Inferno Wood Cracking Collapsing Loud Stressing_39.wav,fire/y2mate.com - DD Ambience  Building on Fire  Blaze Inferno Wood Cracking Collapsing Loud Stressing_39.wav,train
logging,/Users/guidegiegg/งาน/โปรเจคเล็กๆ/PrePair_Sound/forest_sound_dataset/logging/10_11061.wav,logging/10_11061.wav,train
poaching,/Users/guidegiegg/งาน/โปรเจคเล็กๆ/PrePair_Sound/forest_sound_dataset/poaching/5C5C8126_40d33e7f8e-dc49-403a-a0df-bd7f0b80312a92ae2ced-f878-4f55-9ba2-f332fc8f4a902e937809-fae8-4300-b0f3-935c6d403571.WAV,poaching/5C5C8126_40d33e7f8e-dc49-403a-a0df-bd7f0b80312a92ae2ced-f878-4f55-9ba2-f332fc8f4a902e937809-fae8-4300-b0f3-935c6d403571.WAV,train
natural sound,/Users/guidegiegg/งาน/โปรเจคเล็กๆ/PrePair_Sound/forest_sound_dataset/natural sound/if_necessary/18_11862.wav,natural sound/if_necessary/18_11862.wav,train
natural sound,/Users/guidegiegg/งาน/โปรเจคเล็กๆ/PrePair_Sound/forest_sound_dataset/natural sound/5_10566.wav,natural sound/5_10566.wav,train
fire,/Users/guidegiegg/งาน/โปรเจคเล็กๆ/PrePair_Sound/forest_sound_dataset/fire/y2mate.com - DD Ambience  Building on Fire  Blaze Inferno Wood Cracking Collapsing Loud Stressing_1_24.wav,fire/y2mate.com - DD Ambience  Building on Fire  Blaze Inferno Wood Cracking Collapsing Loud Stressing_1_24.wav,train
natural sound,/Users/guidegiegg/งาน/โปรเจคเล็กๆ/PrePair_Sound/forest_sound_dataset/natural sound/3_10365.wav,natural sound/3_10365.wav,train
natural sound,/Users/guidegiegg/งาน/โปรเจคเล็กๆ/PrePair_Sound/forest_sound_dataset/natural sound/if_necessary/17_11720.wav,natural sound/if_necessary/17_11720.wav,train
natural sound,/Users/guidegiegg/งาน/โปรเจคเล็กๆ/PrePair_Sound/forest_sound_dataset/natural sound/27_12759.wav,natural sound/27_12759.wav,train
logging,/Users/guidegiegg/งาน/โปรเจคเล็กๆ/PrePair_Sound/forest_sound_dataset/logging/10_11072.wav,logging/10_11072.wav,train
poaching,/Users/guidegiegg/งาน/โปรเจคเล็กๆ/PrePair_Sound/forest_sound_dataset/poaching/58FBD4C16fc52877-b06b-4c47-afdc-8a397f1649bb.WAV,poaching/58FBD4C16fc52877-b06b-4c47-afdc-8a397f1649bb.WAV,train
logging,/Users/guidegiegg/งาน/โปรเจคเล็กๆ/PrePair_Sound/forest_sound_dataset/logging/16_11633.wav,logging/16_11633.wav,train
logging,/Users/guidegiegg/งาน/โปรเจคเล็กๆ/PrePair_Sound/forest_sound_dataset/logging/7_10749.wav,logging/7_10749.wav,train
poaching,/Users/guidegiegg/งาน/โปรเจคเล็กๆ/PrePair_Sound/forest_sound_dataset/poaching/5C339D24_306f9ca33a-e43d-4c88-8874-279cc67acee93298769a-3c9a-4c69-89e1-20cbb671e6bf3593bbef-7a4b-471e-a6c2-d130aa359367.WAV,poaching/5C339D24_306f9ca33a-e43d-4c88-8874-279cc67acee93298769a-3c9a-4c69-89e1-20cbb671e6bf3593bbef-7a4b-471e-a6c2-d130aa359367.WAV,train
natural sound,/Users/guidegiegg/งาน/โปรเจคเล็กๆ/PrePair_Sound/forest_sound_dataset/natural sound/3_10343.wav,natural sound/3_10343.wav,train
natural sound,/Users/guidegiegg/งาน/โปรเจคเล็กๆ/PrePair_Sound/forest_sound_dataset/natural sound/if_necessary/17_11705.wav,natural sound/if_necessary/17_11705.wav,train
natural sound,/Users/guidegiegg/งาน/โปรเจคเล็กๆ/PrePair_Sound/forest_sound_dataset/natural sound/3_10313.wav,natural sound/3_10313.wav,train
natural sound,/Users/guidegiegg/งาน/โปรเจคเล็กๆ/PrePair_Sound/forest_sound_dataset/natural sound/if_necessary/19_11975.wav,natural sound/if_necessary/19_11975.wav,train
logging,/Users/guidegiegg/งาน/โปรเจคเล็กๆ/PrePair_Sound/forest_sound_dataset/logging/11_11143.wav,logging/11_11143.wav,train
poaching,/Users/guidegiegg/งาน/โปรเจคเล็กๆ/PrePair_Sound/forest_sound_dataset/poaching/New folder/sig-p225_015_SA_090A_S03.wav,poaching/New folder/sig-p225_015_SA_090A_S03.wav,train
poaching,/Users/guidegiegg/งาน/โปรเจคเล็กๆ/PrePair_Sound/forest_sound_dataset/poaching/New folder/sig-p225_011_SA_110A_S05.wav,poaching/New folder/sig-p225_011_SA_110A_S05.wav,train
natural sound,/Users/guidegiegg/งาน/โปรเจคเล็กๆ/PrePair_Sound/forest_sound_dataset/natural sound/21_12139.wav,natural sound/21_12139.wav,train
poaching,/Users/guidegiegg/งาน/โปรเจคเล็กๆ/PrePair_Sound/forest_sound_dataset/poaching/15_11552.wav,poaching/15_11552.wav,train
natural sound,/Users/guidegiegg/งาน/โปรเจคเล็กๆ/PrePair_Sound/forest_sound_dataset/natural sound/6_10612.wav,natural sound/6_10612.wav,train
natural sound,/Users/guidegiegg/งาน/โปรเจคเล็กๆ/PrePair_Sound/forest_sound_dataset/natural sound/21_12126.wav,natural sound/21_12126.wav,train
natural sound,/Users/guidegiegg/งาน/โปรเจคเล็กๆ/PrePair_Sound/forest_sound_dataset/natural sound/2_10224.wav,natural sound/2_10224.wav,train
natural sound,/Users/guidegiegg/งาน/โปรเจคเล็กๆ/PrePair_Sound/forest_sound_dataset/natural sound/if_necessary/17_11722.wav,natural sound/if_necessary/17_11722.wav,train
natural sound,/Users/guidegiegg/งาน/โปรเจคเล็กๆ/PrePair_Sound/forest_sound_dataset/natural sound/25_12569.wav,natural sound/25_12569.wav,train
natural sound,/Users/guidegiegg/งาน/โปรเจคเล็กๆ/PrePair_Sound/forest_sound_dataset/natural sound/6_10658.wav,natural sound/6_10658.wav,train
fire,/Users/guidegiegg/งาน/โปรเจคเล็กๆ/PrePair_Sound/forest_sound_dataset/fire/y2mate.com - DD Ambience  Building on Fire  Blaze Inferno Wood Cracking Collapsing Loud Stressing_1_15.wav,fire/y2mate.com - DD Ambience  Building on Fire  Blaze Inferno Wood Cracking Collapsing Loud Stressing_1_15.wav,train
natural sound,/Users/guidegiegg/งาน/โปรเจคเล็กๆ/PrePair_Sound/forest_sound_dataset/natural sound/25_12562.wav,natural sound/25_12562.wav,train
logging,/Users/guidegiegg/งาน/โปรเจคเล็กๆ/PrePair_Sound/forest_sound_dataset/logging/7_10734.wav,logging/7_10734.wav,train
natural sound,/Users/guidegiegg/งาน/โปรเจคเล็กๆ/PrePair_Sound/forest_sound_dataset/natural sound/26_12628.wav,natural sound/26_12628.wav,train
natural sound,/Users/guidegiegg/งาน/โปรเจคเล็กๆ/PrePair_Sound/forest_sound_dataset/natural sound/24_12454.wav,natural sound/24_12454.wav,train
natural sound,/Users/guidegiegg/งาน/โปรเจคเล็กๆ/PrePair_Sound/forest_sound_dataset/natural sound/23_12357.wav,natural sound/23_12357.wav,train
natural sound,/Users/guidegiegg/งาน/โปรเจคเล็กๆ/PrePair_Sound/forest_sound_dataset/natural sound/3_10361.wav,natural sound/3_10361.wav,train
fire,/Users/guidegiegg/งาน/โปรเจคเล็กๆ/PrePair_Sound/forest_sound_dataset/fire/videoplayback_60.wav,fire/videoplayback_60.wav,train
natural sound,/Users/guidegiegg/งาน/โปรเจคเล็กๆ/PrePair_Sound/forest_sound_dataset/natural sound/if_necessary/18_11858.wav,natural sound/if_necessary/18_11858.wav,train
natural sound,/Users/guidegiegg/งาน/โปรเจคเล็กๆ/PrePair_Sound/forest_sound_dataset/natural sound/21_12145.wav,natural sound/21_12145.wav,train
fire,/Users/guidegiegg/งาน/โปรเจคเล็กๆ/PrePair_Sound/forest_sound_dataset/fire/videoplayback_12.wav,fire/videoplayback_12.wav,train
logging,/Users/guidegiegg/งาน/โปรเจคเล็กๆ/PrePair_Sound/forest_sound_dataset/logging/10_11008.wav,logging/10_11008.wav,train
natural sound,/Users/guidegiegg/งาน/โปรเจคเล็กๆ/PrePair_Sound/forest_sound_dataset/natural sound/if_necessary/20_12046.wav,natural sound/if_necessary/20_12046.wav,train
logging,/Users/guidegiegg/งาน/โปรเจคเล็กๆ/PrePair_Sound/forest_sound_dataset/logging/4-165823-A-41.wav,logging/4-165823-A-41.wav,train
logging,/Users/guidegiegg/งาน/โปรเจคเล็กๆ/PrePair_Sound/forest_sound_dataset/logging/13_11331.wav,logging/13_11331.wav,train
natural sound,/Users/guidegiegg/งาน/โปรเจคเล็กๆ/PrePair_Sound/forest_sound_dataset/natural sound/25_12518.wav,natural sound/25_12518.wav,train
poaching,/Users/guidegiegg/งาน/โปรเจคเล็กๆ/PrePair_Sound/forest_sound_dataset/poaching/5C5CF088_48f7c8d303-570f-4245-82f3-be3beb027fe73436fb47-5ee1-470d-89f3-cf1af632562e63c753c0-129d-497c-9548-8c0243ac60f9.WAV,poaching/5C5CF088_48f7c8d303-570f-4245-82f3-be3beb027fe73436fb47-5ee1-470d-89f3-cf1af632562e63c753c0-129d-497c-9548-8c0243ac60f9.WAV,train
poaching,/Users/guidegiegg/งาน/โปรเจคเล็กๆ/PrePair_Sound/forest_sound_dataset/poaching/5BE218E7_5069b3bb81-b2cb-4fce-9b7f-829cb792899f51f39b9d-e283-4aeb-90ec-5bb8bf4b97b1ebc30a57-d352-4898-b30d-7aca8a277326.WAV,poaching/5BE218E7_5069b3bb81-b2cb-4fce-9b7f-829cb792899f51f39b9d-e283-4aeb-90ec-5bb8bf4b97b1ebc30a57-d352-4898-b30d-7aca8a277326.WAV,train
poaching,/Users/guidegiegg/งาน/โปรเจคเล็กๆ/PrePair_Sound/forest_sound_dataset/poaching/6019BE32.WAV,poaching/6019BE32.WAV,train
natural sound,/Users/guidegiegg/งาน/โปรเจคเล็กๆ/PrePair_Sound/forest_sound_dataset/natural sound/22_12222.wav,natural sound/22_12222.wav,train
natural sound,/Users/guidegiegg/งาน/โปรเจคเล็กๆ/PrePair_Sound/forest_sound_dataset/natural sound/26_12625.wav,natural sound/26_12625.wav,train
logging,/Users/guidegiegg/งาน/โปรเจคเล็กๆ/PrePair_Sound/forest_sound_dataset/logging/10_11046.wav,logging/10_11046.wav,train
natural sound,/Users/guidegiegg/งาน/โปรเจคเล็กๆ/PrePair_Sound/forest_sound_dataset/natural sound/6_10662.wav,natural sound/6_10662.wav,train
fire,/Users/guidegiegg/งาน/โปรเจคเล็กๆ/PrePair_Sound/forest_sound_dataset/fire/videoplayback_08.wav,fire/videoplayback_08.wav,train
logging,/Users/guidegiegg/งาน/โปรเจคเล็กๆ/PrePair_Sound/forest_sound_dataset/logging/4-102844-C-49.wav,logging/4-102844-C-49.wav,train
natural sound,/Users/guidegiegg/งาน/โปรเจคเล็กๆ/PrePair_Sound/forest_sound_dataset/natural sound/if_necessary/19_11948.wav,natural sound/if_necessary/19_11948.wav,train
natural sound,/Users/guidegiegg/งาน/โปรเจคเล็กๆ/PrePair_Sound/forest_sound_dataset/natural sound/2_10240.wav,natural sound/2_10240.wav,train
poaching,/Users/guidegiegg/งาน/โปรเจคเล็กๆ/PrePair_Sound/forest_sound_dataset/poaching/New folder/sig-p225_016_SA_050A_S01.wav,poaching/New folder/sig-p225_016_SA_050A_S01.wav,train
poaching,/Users/guidegiegg/งาน/โปรเจคเล็กๆ/PrePair_Sound/forest_sound_dataset/poaching/5BA2315C_1551eb84af-d7fe-418f-ba93-ac9e735a9ef8d9b5b893-5a8f-4487-8032-5fbda087e380042bc357-a365-44e0-9d0b-452b1451a2de.WAV,poaching/5BA2315C_1551eb84af-d7fe-418f-ba93-ac9e735a9ef8d9b5b893-5a8f-4487-8032-5fbda087e380042bc357-a365-44e0-9d0b-452b1451a2de.WAV,train
natural sound,/Users/guidegiegg/งาน/โปรเจคเล็กๆ/PrePair_Sound/forest_sound_dataset/natural sound/4_10461.wav,natural sound/4_10461.wav,train
logging,/Users/guidegiegg/งาน/โปรเจคเล็กๆ/PrePair_Sound/forest_sound_dataset/logging/16_11653.wav,logging/16_11653.wav,train
fire,/Users/guidegiegg/งาน/โปรเจคเล็กๆ/PrePair_Sound/forest_sound_dataset/fire/y2mate.com - DD Ambience  Building on Fire  Blaze Inferno Wood Cracking Collapsing Loud Stressing_1_71.wav,fire/y2mate.com - DD Ambience  Building on Fire  Blaze Inferno Wood Cracking Collapsing Loud Stressing_1_71.wav,train
natural sound,/Users/guidegiegg/งาน/โปรเจคเล็กๆ/PrePair_Sound/forest_sound_dataset/natural sound/if_necessary/18_11809.wav,natural sound/if_necessary/18_11809.wav,train
poaching,/Users/guidegiegg/งาน/โปรเจคเล็กๆ/PrePair_Sound/forest_sound_dataset/poaching/58FBD441725f1d83-8834-496c-80db-fd80e8586f97.WAV,poaching/58FBD441725f1d83-8834-496c-80db-fd80e8586f97.WAV,train
natural sound,/Users/guidegiegg/งาน/โปรเจคเล็กๆ/PrePair_Sound/forest_sound_dataset/natural sound/6_10625.wav,natural sound/6_10625.wav,train
fire,/Users/guidegiegg/งาน/โปรเจคเล็กๆ/PrePair_Sound/forest_sound_dataset/fire/videoplayback_06.wav,fire/videoplayback_06.wav,train
natural sound,/Users/guidegiegg/งาน/โปรเจคเล็กๆ/PrePair_Sound/forest_sound_dataset/natural sound/5_10518.wav,natural sound/5_10518.wav,train
natural sound,/Users/guidegiegg/งาน/โปรเจคเล็กๆ/PrePair_Sound/forest_sound_dataset/natural sound/25_12545.wav,natural sound/25_12545.wav,train
logging,/Users/guidegiegg/งาน/โปรเจคเล็กๆ/PrePair_Sound/forest_sound_dataset/logging/7_10731.wav,logging/7_10731.wav,train
logging,/Users/guidegiegg/งาน/โปรเจคเล็กๆ/PrePair_Sound/forest_sound_dataset/logging/16_11639.wav,logging/16_11639.wav,train
natural sound,/Users/guidegiegg/งาน/โปรเจคเล็กๆ/PrePair_Sound/forest_sound_dataset/natural sound/4_10474.wav,natural sound/4_10474.wav,train
logging,/Users/guidegiegg/งาน/โปรเจคเล็กๆ/PrePair_Sound/forest_sound_dataset/logging/16_11655.wav,logging/16_11655.wav,train
poaching,/Users/guidegiegg/งาน/โปรเจคเล็กๆ/PrePair_Sound/forest_sound_dataset/poaching/58FBC58185413642-6f9f-480f-967a-9f8a204d3e0a.WAV,poaching/58FBC58185413642-6f9f-480f-967a-9f8a204d3e0a.WAV,train
natural sound,/Users/guidegiegg/งาน/โปรเจคเล็กๆ/PrePair_Sound/forest_sound_dataset/natural sound/23_12325.wav,natural sound/23_12325.wav,train
natural sound,/Users/guidegiegg/งาน/โปรเจคเล็กๆ/PrePair_Sound/forest_sound_dataset/natural sound/if_necessary/19_11917.wav,natural sound/if_necessary/19_11917.wav,train
poaching,/Users/guidegiegg/งาน/โปรเจคเล็กๆ/PrePair_Sound/forest_sound_dataset/poaching/15_11572.wav,poaching/15_11572.wav,train
natural sound,/Users/guidegiegg/งาน/โปรเจคเล็กๆ/PrePair_Sound/forest_sound_dataset/natural sound/23_12360.wav,natural sound/23_12360.wav,train
poaching,/Users/guidegiegg/งาน/โปรเจคเล็กๆ/PrePair_Sound/forest_sound_dataset/poaching/14_11422.wav,poaching/14_11422.wav,train
logging,/Users/guidegiegg/งาน/โปรเจคเล็กๆ/PrePair_Sound/forest_sound_dataset/logging/16_11612.wav,logging/16_11612.wav,train
natural sound,/Users/guidegiegg/งาน/โปรเจคเล็กๆ/PrePair_Sound/forest_sound_dataset/natural sound/3_10322.wav,natural sound/3_10322.wav,train
fire,/Users/guidegiegg/งาน/โปรเจคเล็กๆ/PrePair_Sound/forest_sound_dataset/fire/videoplayback_58.wav,fire/videoplayback_58.wav,train
logging,/Users/guidegiegg/งาน/โปรเจคเล็กๆ/PrePair_Sound/forest_sound_dataset/logging/13_11328.wav,logging/13_11328.wav,train
logging,/Users/guidegiegg/งาน/โปรเจคเล็กๆ/PrePair_Sound/forest_sound_dataset/logging/7_10757.wav,logging/7_10757.wav,train
poaching,/Users/guidegiegg/งาน/โปรเจคเล็กๆ/PrePair_Sound/forest_sound_dataset/poaching/5C151B7B_72dc504e9a-041b-493b-b803-c190b164845f43c3bbb5-a125-480e-8ea4-6aad593b957e737358d5-c53e-4ac4-bf2e-c1866349184a.WAV,poaching/5C151B7B_72dc504e9a-041b-493b-b803-c190b164845f43c3bbb5-a125-480e-8ea4-6aad593b957e737358d5-c53e-4ac4-bf2e-c1866349184a.WAV,train
fire,/Users/guidegiegg/งาน/โปรเจคเล็กๆ/PrePair_Sound/forest_sound_dataset/fire/1_10158.wav,fire/1_10158.wav,train
natural sound,/Users/guidegiegg/งาน/โปรเจคเล็กๆ/PrePair_Sound/forest_sound_dataset/natural sound/27_12716.wav,natural sound/27_12716.wav,train
natural sound,/Users/guidegiegg/งาน/โปรเจคเล็กๆ/PrePair_Sound/forest_sound_dataset/natural sound/if_necessary/19_11966.wav,natural sound/if_necessary/19_11966.wav,train
natural sound,/Users/guidegiegg/งาน/โปรเจคเล็กๆ/PrePair_Sound/forest_sound_dataset/natural sound/27_12701.wav,natural sound/27_12701.wav,train
fire,/Users/guidegiegg/งาน/โปรเจคเล็กๆ/PrePair_Sound/forest_sound_dataset/fire/1_10118.wav,fire/1_10118.wav,train
fire,/Users/guidegiegg/งาน/โปรเจคเล็กๆ/PrePair_Sound/forest_sound_dataset/fire/y2mate.com - DD Ambience  Building on Fire  Blaze Inferno Wood Cracking Collapsing Loud Stressing_08.wav,fire/y2mate.com - DD Ambience  Building on Fire  Blaze Inferno Wood Cracking Collapsing Loud Stressing_08.wav,train
poaching,/Users/guidegiegg/งาน/โปรเจคเล็กๆ/PrePair_Sound/forest_sound_dataset/poaching/New folder/winchester-m14_013_SA_079A_S02.wav,poaching/New folder/winchester-m14_013_SA_079A_S02.wav,train
fire,/Users/guidegiegg/งาน/โปรเจคเล็กๆ/PrePair_Sound/forest_sound_dataset/fire/videoplayback_25.wav,fire/videoplayback_25.wav,train
logging,/Users/guidegiegg/งาน/โปรเจคเล็กๆ/PrePair_Sound/forest_sound_dataset/logging/10_11058.wav,logging/10_11058.wav,train
natural sound,/Users/guidegiegg/งาน/โปรเจคเล็กๆ/PrePair_Sound/forest_sound_dataset/natural sound/2_10211.wav,natural sound/2_10211.wav,train
poaching,/Users/guidegiegg/งาน/โปรเจคเล็กๆ/PrePair_Sound/forest_sound_dataset/poaching/5C295B32_597d443396-08f1-4c70-8f0b-369191314f617f9dce53-b17e-42e8-be8d-2d09b254588de6f7fce7-7b65-40d1-81b7-82918f72930e.WAV,poaching/5C295B32_597d443396-08f1-4c70-8f0b-369191314f617f9dce53-b17e-42e8-be8d-2d09b254588de6f7fce7-7b65-40d1-81b7-82918f72930e.WAV,train
logging,/Users/guidegiegg/งาน/โปรเจคเล็กๆ/PrePair_Sound/forest_sound_dataset/logging/10_11051.wav,logging/10_11051.wav,train
natural sound,/Users/guidegiegg/งาน/โปรเจคเล็กๆ/PrePair_Sound/forest_sound_dataset/natural sound/4_10407.wav,natural sound/4_10407.wav,train
logging,/Users/guidegiegg/งาน/โปรเจคเล็กๆ/PrePair_Sound/forest_sound_dataset/logging/3-165856-A-41.wav,logging/3-165856-A-41.wav,train
poaching,/Users/guidegiegg/งาน/โปรเจคเล็กๆ/PrePair_Sound/forest_sound_dataset/poaching/5C29746E_390c164375-6413-4afe-bdfc-117bcca5b1943cd869e8-9771-470e-ab9b-b612ffe094530c9665ae-6b7b-4a1f-a844-a8bc07d07784.WAV,poaching/5C29746E_390c164375-6413-4afe-bdfc-117bcca5b1943cd869e8-9771-470e-ab9b-b612ffe094530c9665ae-6b7b-4a1f-a844-a8bc07d07784.WAV,train
logging,/Users/guidegiegg/งาน/โปรเจคเล็กๆ/PrePair_Sound/forest_sound_dataset/logging/16_11663.wav,logging/16_11663.wav,train
natural sound,/Users/guidegiegg/งาน/โปรเจคเล็กๆ/PrePair_Sound/forest_sound_dataset/natural sound/22_12217.wav,natural sound/22_12217.wav,train
natural sound,/Users/guidegiegg/งาน/โปรเจคเล็กๆ/PrePair_Sound/forest_sound_dataset/natural sound/9_10918.wav,natural sound/9_10918.wav,train
poaching,/Users/guidegiegg/งาน/โปรเจคเล็กๆ/PrePair_Sound/forest_sound_dataset/poaching/5C39616E_14bf9b4766-d3e0-4386-af49-3f2fbad677dc6d8c4745-d028-4b0b-bbaa-0d1e5f7689fd34e9d626-e2db-49e6-bb62-b3267ddf4ef3.WAV,poaching/5C39616E_14bf9b4766-d3e0-4386-af49-3f2fbad677dc6d8c4745-d028-4b0b-bbaa-0d1e5f7689fd34e9d626-e2db-49e6-bb62-b3267ddf4ef3.WAV,train
natural sound,/Users/guidegiegg/งาน/โปรเจคเล็กๆ/PrePair_Sound/forest_sound_dataset/natural sound/if_necessary/18_11855.wav,natural sound/if_necessary/18_11855.wav,train
natural sound,/Users/guidegiegg/งาน/โปรเจคเล็กๆ/PrePair_Sound/forest_sound_dataset/natural sound/23_12368.wav,natural sound/23_12368.wav,train
poaching,/Users/guidegiegg/งาน/โปรเจคเล็กๆ/PrePair_Sound/forest_sound_dataset/poaching/14_11424.wav,poaching/14_11424.wav,train
natural sound,/Users/guidegiegg/งาน/โปรเจคเล็กๆ/PrePair_Sound/forest_sound_dataset/natural sound/3_10331.wav,natural sound/3_10331.wav,train
natural sound,/Users/guidegiegg/งาน/โปรเจคเล็กๆ/PrePair_Sound/forest_sound_dataset/natural sound/27_12725.wav,natural sound/27_12725.wav,train
logging,/Users/guidegiegg/งาน/โปรเจคเล็กๆ/PrePair_Sound/forest_sound_dataset/logging/7_10758.wav,logging/7_10758.wav,train
poaching,/Users/guidegiegg/งาน/โปรเจคเล็กๆ/PrePair_Sound/forest_sound_dataset/poaching/14_11475.wav,poaching/14_11475.wav,train
natural sound,/Users/guidegiegg/งาน/โปรเจคเล็กๆ/PrePair_Sound/forest_sound_dataset/natural sound/21_12137.wav,natural sound/21_12137.wav,train
natural sound,/Users/guidegiegg/งาน/โปรเจคเล็กๆ/PrePair_Sound/forest_sound_dataset/natural sound/9_10949.wav,natural sound/9_10949.wav,train
logging,/Users/guidegiegg/งาน/โปรเจคเล็กๆ/PrePair_Sound/forest_sound_dataset/logging/13_11353.wav,logging/13_11353.wav,train
natural sound,/Users/guidegiegg/งาน/โปรเจคเล็กๆ/PrePair_Sound/forest_sound_dataset/natural sound/3_10344.wav,natural sound/3_10344.wav,train
natural sound,/Users/guidegiegg/งาน/โปรเจคเล็กๆ/PrePair_Sound/forest_sound_dataset/natural sound/5_10502.wav,natural sound/5_10502.wav,train
natural sound,/Users/guidegiegg/งาน/โปรเจคเล็กๆ/PrePair_Sound/forest_sound_dataset/natural sound/2_10256.wav,natural sound/2_10256.wav,train
logging,/Users/guidegiegg/งาน/โปรเจคเล็กๆ/PrePair_Sound/forest_sound_dataset/logging/13_11333.wav,logging/13_11333.wav,train
poaching,/Users/guidegiegg/งาน/โปรเจคเล็กๆ/PrePair_Sound/forest_sound_dataset/poaching/5C50ED2C_69c1a8ca89-e1f1-4c87-a48d-6f06f30d7cedfb9972e0-5e50-4a16-a0da-7ecd4bd3ed269c1ecd30-6735-4e1e-9b0c-098a57429fbd.WAV,poaching/5C50ED2C_69c1a8ca89-e1f1-4c87-a48d-6f06f30d7cedfb9972e0-5e50-4a16-a0da-7ecd4bd3ed269c1ecd30-6735-4e1e-9b0c-098a57429fbd.WAV,train
poaching,/Users/guidegiegg/งาน/โปรเจคเล็กๆ/PrePair_Sound/forest_sound_dataset/poaching/5BE2195D_215b4dd3c3-d722-42f5-b7f5-452d08c529cd6113a682-f767-48fc-a842-9d55db88dda30c4a1b12-be91-4534-a674-1580e16694de.WAV,poaching/5BE2195D_215b4dd3c3-d722-42f5-b7f5-452d08c529cd6113a682-f767-48fc-a842-9d55db88dda30c4a1b12-be91-4534-a674-1580e16694de.WAV,train
fire,/Users/guidegiegg/งาน/โปรเจคเล็กๆ/PrePair_Sound/forest_sound_dataset/fire/1_10126.wav,fire/1_10126.wav,train
logging,/Users/guidegiegg/งาน/โปรเจคเล็กๆ/PrePair_Sound/forest_sound_dataset/logging/13_11312.wav,logging/13_11312.wav,train
poaching,/Users/guidegiegg/งาน/โปรเจคเล็กๆ/PrePair_Sound/forest_sound_dataset/poaching/5C5C80F2_23a2eb16ed-a673-4410-9316-d5a7b717952bfbe3598c-8ca3-49da-993b-38afd07d1d222abe1104-3985-49de-acdf-4f885489ca00.WAV,poaching/5C5C80F2_23a2eb16ed-a673-4410-9316-d5a7b717952bfbe3598c-8ca3-49da-993b-38afd07d1d222abe1104-3985-49de-acdf-4f885489ca00.WAV,train
poaching,/Users/guidegiegg/งาน/โปรเจคเล็กๆ/PrePair_Sound/forest_sound_dataset/poaching/15_11562.wav,poaching/15_11562.wav,train
natural sound,/Users/guidegiegg/งาน/โปรเจคเล็กๆ/PrePair_Sound/forest_sound_dataset/natural sound/22_12218.wav,natural sound/22_12218.wav,train
natural sound,/Users/guidegiegg/งาน/โปรเจคเล็กๆ/PrePair_Sound/forest_sound_dataset/natural sound/3_10363.wav,natural sound/3_10363.wav,train
fire,/Users/guidegiegg/งาน/โปรเจคเล็กๆ/PrePair_Sound/forest_sound_dataset/fire/y2mate.com - DD Ambience  Building on Fire  Blaze Inferno Wood Cracking Collapsing Loud Stressing_59.wav,fire/y2mate.com - DD Ambience  Building on Fire  Blaze Inferno Wood Cracking Collapsing Loud Stressing_59.wav,train
natural sound,/Users/guidegiegg/งาน/โปรเจคเล็กๆ/PrePair_Sound/forest_sound_dataset/natural sound/4_10415.wav,natural sound/4_10415.wav,train
fire,/Users/guidegiegg/งาน/โปรเจคเล็กๆ/PrePair_Sound/forest_sound_dataset/fire/y2mate.com - DD Ambience  Building on Fire  Blaze Inferno Wood Cracking Collapsing Loud Stressing_1_31.wav,fire/y2mate.com - DD Ambience  Building on Fire  Blaze Inferno Wood Cracking Collapsing Loud Stressing_1_31.wav,train
natural sound,/Users/guidegiegg/งาน/โปรเจคเล็กๆ/PrePair_Sound/forest_sound_dataset/natural sound/if_necessary/17_11765.wav,natural sound/if_necessary/17_11765.wav,train
natural sound,/Users/guidegiegg/งาน/โปรเจคเล็กๆ/PrePair_Sound/forest_sound_dataset/natural sound/4_10445.wav,natural sound/4_10445.wav,train
poaching,/Users/guidegiegg/งาน/โปรเจคเล็กๆ/PrePair_Sound/forest_sound_dataset/poaching/5BF33D68_2728c7fe48-a098-417c-a361-4edb2a7a2e36af1de2ab-9f88-4a9f-a9b1-bb1aa9e23fe19263feae-57af-4d9b-a513-b592109445cf.WAV,poaching/5BF33D68_2728c7fe48-a098-417c-a361-4edb2a7a2e36af1de2ab-9f88-4a9f-a9b1-bb1aa9e23fe19263feae-57af-4d9b-a513-b592109445cf.WAV,train
poaching,/Users/guidegiegg/งาน/โปรเจคเล็กๆ/PrePair_Sound/forest_sound_dataset/poaching/New folder/sig-p225_013_SA_130B_S05.wav,poaching/New folder/sig-p225_013_SA_130B_S05.wav,train
natural sound,/Users/guidegiegg/งาน/โปรเจคเล็กๆ/PrePair_Sound/forest_sound_dataset/natural sound/2_10213.wav,natural sound/2_10213.wav,train
natural sound,/Users/guidegiegg/งาน/โปรเจคเล็กๆ/PrePair_Sound/forest_sound_dataset/natural sound/if_necessary/18_11845.wav,natural sound/if_necessary/18_11845.wav,train
natural sound,/Users/guidegiegg/งาน/โปรเจคเล็กๆ/PrePair_Sound/forest_sound_dataset/natural sound/3_10347.wav,natural sound/3_10347.wav,train
natural sound,/Users/guidegiegg/งาน/โปรเจคเล็กๆ/PrePair_Sound/forest_sound_dataset/natural sound/26_12627.wav,natural sound/26_12627.wav,train
logging,/Users/guidegiegg/งาน/โปรเจคเล็กๆ/PrePair_Sound/forest_sound_dataset/logging/11_11155.wav,logging/11_11155.wav,train
natural sound,/Users/guidegiegg/งาน/โปรเจคเล็กๆ/PrePair_Sound/forest_sound_dataset/natural sound/24_12437.wav,natural sound/24_12437.wav,train
natural sound,/Users/guidegiegg/งาน/โปรเจคเล็กๆ/PrePair_Sound/forest_sound_dataset/natural sound/25_12549.wav,natural sound/25_12549.wav,train
natural sound,/Users/guidegiegg/งาน/โปรเจคเล็กๆ/PrePair_Sound/forest_sound_dataset/natural sound/if_necessary/17_11745.wav,natural sound/if_necessary/17_11745.wav,train
natural sound,/Users/guidegiegg/งาน/โปรเจคเล็กๆ/PrePair_Sound/forest_sound_dataset/natural sound/if_necessary/17_11733.wav,natural sound/if_necessary/17_11733.wav,train
natural sound,/Users/guidegiegg/งาน/โปรเจคเล็กๆ/PrePair_Sound/forest_sound_dataset/natural sound/if_necessary/17_11735.wav,natural sound/if_necessary/17_11735.wav,train
poaching,/Users/guidegiegg/งาน/โปรเจคเล็กๆ/PrePair_Sound/forest_sound_dataset/poaching/New folder/m16_014_SA_077B_S05.wav,poaching/New folder/m16_014_SA_077B_S05.wav,train
fire,/Users/guidegiegg/งาน/โปรเจคเล็กๆ/PrePair_Sound/forest_sound_dataset/fire/1_10134.wav,fire/1_10134.wav,train
natural sound,/Users/guidegiegg/งาน/โปรเจคเล็กๆ/PrePair_Sound/forest_sound_dataset/natural sound/2_10232.wav,natural sound/2_10232.wav,train
natural sound,/Users/guidegiegg/งาน/โปรเจคเล็กๆ/PrePair_Sound/forest_sound_dataset/natural sound/2_10220.wav,natural sound/2_10220.wav,train
poaching,/Users/guidegiegg/งาน/โปรเจคเล็กๆ/PrePair_Sound/forest_sound_dataset/poaching/5BCE4D39_251d2fcb87-3d45-416e-b296-7842e9c7687d71af3c8c-a53c-4150-995a-b3e90235947655df9bb6-93ea-481b-8322-b7ef0cd3a149.WAV,poaching/5BCE4D39_251d2fcb87-3d45-416e-b296-7842e9c7687d71af3c8c-a53c-4150-995a-b3e90235947655df9bb6-93ea-481b-8322-b7ef0cd3a149.WAV,train
natural sound,/Users/guidegiegg/งาน/โปรเจคเล็กๆ/PrePair_Sound/forest_sound_dataset/natural sound/27_12735.wav,natural sound/27_12735.wav,train
logging,/Users/guidegiegg/งาน/โปรเจคเล็กๆ/PrePair_Sound/forest_sound_dataset/logging/16_11674.wav,logging/16_11674.wav,train
natural sound,/Users/guidegiegg/งาน/โปรเจคเล็กๆ/PrePair_Sound/forest_sound_dataset/natural sound/if_necessary/17_11713.wav,natural sound/if_necessary/17_11713.wav,train
natural sound,/Users/guidegiegg/งาน/โปรเจคเล็กๆ/PrePair_Sound/forest_sound_dataset/natural sound/26_12654.wav,natural sound/26_12654.wav,train
natural sound,/Users/guidegiegg/งาน/โปรเจคเล็กๆ/PrePair_Sound/forest_sound_dataset/natural sound/21_12161.wav,natural sound/21_12161.wav,train
poaching,/Users/guidegiegg/งาน/โปรเจคเล็กๆ/PrePair_Sound/forest_sound_dataset/poaching/58FBDB80b2631ee8-5eeb-48f7-bf7a-ea41aeb5614b.WAV,poaching/58FBDB80b2631ee8-5eeb-48f7-bf7a-ea41aeb5614b.WAV,train
natural sound,/Users/guidegiegg/งาน/โปรเจคเล็กๆ/PrePair_Sound/forest_sound_dataset/natural sound/9_10912.wav,natural sound/9_10912.wav,train
natural sound,/Users/guidegiegg/งาน/โปรเจคเล็กๆ/PrePair_Sound/forest_sound_dataset/natural sound/if_necessary/19_11965.wav,natural sound/if_necessary/19_11965.wav,train
natural sound,/Users/guidegiegg/งาน/โปรเจคเล็กๆ/PrePair_Sound/forest_sound_dataset/natural sound/8_10819.wav,natural sound/8_10819.wav,train
poaching,/Users/guidegiegg/งาน/โปรเจคเล็กๆ/PrePair_Sound/forest_sound_dataset/poaching/58FBC500515b779c-5984-41c6-af0f-b59baef5ba73.WAV,poaching/58FBC500515b779c-5984-41c6-af0f-b59baef5ba73.WAV,train
natural sound,/Users/guidegiegg/งาน/โปรเจคเล็กๆ/PrePair_Sound/forest_sound_dataset/natural sound/if_necessary/19_11929.wav,natural sound/if_necessary/19_11929.wav,train
fire,/Users/guidegiegg/งาน/โปรเจคเล็กๆ/PrePair_Sound/forest_sound_dataset/fire/videoplayback_42.wav,fire/videoplayback_42.wav,train
logging,/Users/guidegiegg/งาน/โปรเจคเล็กๆ/PrePair_Sound/forest_sound_dataset/logging/13_11369.wav,logging/13_11369.wav,train
fire,/Users/guidegiegg/งาน/โปรเจคเล็กๆ/PrePair_Sound/forest_sound_dataset/fire/y2mate.com - DD Ambience  Building on Fire  Blaze Inferno Wood Cracking Collapsing Loud Stressing_1_01.wav,fire/y2mate.com - DD Ambience  Building on Fire  Blaze Inferno Wood Cracking Collapsing Loud Stressing_1_01.wav,train
poaching,/Users/guidegiegg/งาน/โปรเจคเล็กๆ/PrePair_Sound/forest_sound_dataset/poaching/15_11567.wav,poaching/15_11567.wav,train
poaching,/Users/guidegiegg/งาน/โปรเจคเล็กๆ/PrePair_Sound/forest_sound_dataset/poaching/New folder/m16_016_SA_057A_S01.wav,poaching/New folder/m16_016_SA_057A_S01.wav,train
logging,/Users/guidegiegg/งาน/โปรเจคเล็กๆ/PrePair_Sound/forest_sound_dataset/logging/13_11359.wav,logging/13_11359.wav,train
poaching,/Users/guidegiegg/งาน/โปรเจคเล็กๆ/PrePair_Sound/forest_sound_dataset/poaching/15_11570.wav,poaching/15_11570.wav,train
poaching,/Users/guidegiegg/งาน/โปรเจคเล็กๆ/PrePair_Sound/forest_sound_dataset/poaching/5C339D1E_293081842e-ec22-45be-b179-46e674464de71fbb5599-d7bd-4df2-8e6e-44239a6a1d60a45a3ed3-de4f-47e2-9182-19abe5405741.WAV,poaching/5C339D1E_293081842e-ec22-45be-b179-46e674464de71fbb5599-d7bd-4df2-8e6e-44239a6a1d60a45a3ed3-de4f-47e2-9182-19abe5405741.WAV,train
poaching,/Users/guidegiegg/งาน/โปรเจคเล็กๆ/PrePair_Sound/forest_sound_dataset/poaching/5AF0E370_4a71e87f0-b5b2-4595-8ea2-ce3c26bb1bff9c3481ad-fc85-4cf2-b728-ef168e4c78b0cc500fd3-e836-416c-9016-d711a6c8e245.WAV,poaching/5AF0E370_4a71e87f0-b5b2-4595-8ea2-ce3c26bb1bff9c3481ad-fc85-4cf2-b728-ef168e4c78b0cc500fd3-e836-416c-9016-d711a6c8e245.WAV,train
natural sound,/Users/guidegiegg/งาน/โปรเจคเล็กๆ/PrePair_Sound/forest_sound_dataset/natural sound/if_necessary/18_11821.wav,natural sound/if_necessary/18_11821.wav,train
natural sound,/Users/guidegiegg/งาน/โปรเจคเล็กๆ/PrePair_Sound/forest_sound_dataset/natural sound/24_12469.wav,natural sound/24_12469.wav,train
natural sound,/Users/guidegiegg/งาน/โปรเจคเล็กๆ/PrePair_Sound/forest_sound_dataset/natural sound/25_12527.wav,natural sound/25_12527.wav,train
natural sound,/Users/guidegiegg/งาน/โปรเจคเล็กๆ/PrePair_Sound/forest_sound_dataset/natural sound/8_10850.wav,natural sound/8_10850.wav,train
logging,/Users/guidegiegg/งาน/โปรเจคเล็กๆ/PrePair_Sound/forest_sound_dataset/logging/10_11024.wav,logging/10_11024.wav,train
natural sound,/Users/guidegiegg/งาน/โปรเจคเล็กๆ/PrePair_Sound/forest_sound_dataset/natural sound/if_necessary/17_11751.wav,natural sound/if_necessary/17_11751.wav,train
poaching,/Users/guidegiegg/งาน/โปรเจคเล็กๆ/PrePair_Sound/forest_sound_dataset/poaching/5BE215D9_42be040947-03a9-4706-b5bc-9ba88b8f8d5a8c2c0f16-d77b-4a36-98e4-597d96fe0ac01de38751-82bc-454f-8230-4300ba79f511.WAV,poaching/5BE215D9_42be040947-03a9-4706-b5bc-9ba88b8f8d5a8c2c0f16-d77b-4a36-98e4-597d96fe0ac01de38751-82bc-454f-8230-4300ba79f511.WAV,train
natural sound,/Users/guidegiegg/งาน/โปรเจคเล็กๆ/PrePair_Sound/forest_sound_dataset/natural sound/9_10931.wav,natural sound/9_10931.wav,train
natural sound,/Users/guidegiegg/งาน/โปรเจคเล็กๆ/PrePair_Sound/forest_sound_dataset/natural sound/2_10258.wav,natural sound/2_10258.wav,train
natural sound,/Users/guidegiegg/งาน/โปรเจคเล็กๆ/PrePair_Sound/forest_sound_dataset/natural sound/if_necessary/18_11817.wav,natural sound/if_necessary/18_11817.wav,train
poaching,/Users/guidegiegg/งาน/โปรเจคเล็กๆ/PrePair_Sound/forest_sound_dataset/poaching/New folder/double-barrel-shotgun_016_dbs_0m_center_0498.wav,poaching/New folder/double-barrel-shotgun_016_dbs_0m_center_0498.wav,train
natural sound,/Users/guidegiegg/งาน/โปรเจคเล็กๆ/PrePair_Sound/forest_sound_dataset/natural sound/21_12151.wav,natural sound/21_12151.wav,train
natural sound,/Users/guidegiegg/งาน/โปรเจคเล็กๆ/PrePair_Sound/forest_sound_dataset/natural sound/5_10527.wav,natural sound/5_10527.wav,train
poaching,/Users/guidegiegg/งาน/โปรเจคเล็กๆ/PrePair_Sound/forest_sound_dataset/poaching/5BA23178_408391f0a9-0fea-421e-90a8-b9f63b62e66d9b7b90b8-5017-4fce-9980-3538a17c9da99c2bdaf5-70c5-4aa1-b1b2-36d62d54cdfb.WAV,poaching/5BA23178_408391f0a9-0fea-421e-90a8-b9f63b62e66d9b7b90b8-5017-4fce-9980-3538a17c9da99c2bdaf5-70c5-4aa1-b1b2-36d62d54cdfb.WAV,train
natural sound,/Users/guidegiegg/งาน/โปรเจคเล็กๆ/PrePair_Sound/forest_sound_dataset/natural sound/22_12267.wav,natural sound/22_12267.wav,train
logging,/Users/guidegiegg/งาน/โปรเจคเล็กๆ/PrePair_Sound/forest_sound_dataset/logging/10_11017.wav,logging/10_11017.wav,train
poaching,/Users/guidegiegg/งาน/โปรเจคเล็กๆ/PrePair_Sound/forest_sound_dataset/poaching/15_11547.wav,poaching/15_11547.wav,train
logging,/Users/guidegiegg/งาน/โปรเจคเล็กๆ/PrePair_Sound/forest_sound_dataset/logging/7_10709.wav,logging/7_10709.wav,train
poaching,/Users/guidegiegg/งาน/โปรเจคเล็กๆ/PrePair_Sound/forest_sound_dataset/poaching/15_11558.wav,poaching/15_11558.wav,train
natural sound,/Users/guidegiegg/งาน/โปรเจคเล็กๆ/PrePair_Sound/forest_sound_dataset/natural sound/if_necessary/19_11961.wav,natural sound/if_necessary/19_11961.wav,train
logging,/Users/guidegiegg/งาน/โปรเจคเล็กๆ/PrePair_Sound/forest_sound_dataset/logging/10_11015.wav,logging/10_11015.wav,train
poaching,/Users/guidegiegg/งาน/โปรเจคเล็กๆ/PrePair_Sound/forest_sound_dataset/poaching/5C5CD137_2316caf762-6435-4c0b-9132-f285ab8f3bb83aaf8b10-95e2-4eb7-bc7c-7e611917aceb831c3df0-4d71-429f-b0b5-d26b4f222589.WAV,poaching/5C5CD137_2316caf762-6435-4c0b-9132-f285ab8f3bb83aaf8b10-95e2-4eb7-bc7c-7e611917aceb831c3df0-4d71-429f-b0b5-d26b4f222589.WAV,train
poaching,/Users/guidegiegg/งาน/โปรเจคเล็กๆ/PrePair_Sound/forest_sound_dataset/poaching/15_11525.wav,poaching/15_11525.wav,train
natural sound,/Users/guidegiegg/งาน/โปรเจคเล็กๆ/PrePair_Sound/forest_sound_dataset/natural sound/27_12746.wav,natural sound/27_12746.wav,train
natural sound,/Users/guidegiegg/งาน/โปรเจคเล็กๆ/PrePair_Sound/forest_sound_dataset/natural sound/9_10903.wav,natural sound/9_10903.wav,train
natural sound,/Users/guidegiegg/งาน/โปรเจคเล็กๆ/PrePair_Sound/forest_sound_dataset/natural sound/21_12144.wav,natural sound/21_12144.wav,train
poaching,/Users/guidegiegg/งาน/โปรเจคเล็กๆ/PrePair_Sound/forest_sound_dataset/poaching/601B1E0D.WAV,poaching/601B1E0D.WAV,train
natural sound,/Users/guidegiegg/งาน/โปรเจคเล็กๆ/PrePair_Sound/forest_sound_dataset/natural sound/5_10530.wav,natural sound/5_10530.wav,train
poaching,/Users/guidegiegg/งาน/โปรเจคเล็กๆ/PrePair_Sound/forest_sound_dataset/poaching/5C4B586A_73667f66ab-8c0d-43cc-a86e-2183fba6ed74fe881041-ea3d-467b-8d34-484fc46df6dbda7626db-73bf-4656-a61a-2e6431aed27c.WAV,poaching/5C4B586A_73667f66ab-8c0d-43cc-a86e-2183fba6ed74fe881041-ea3d-467b-8d34-484fc46df6dbda7626db-73bf-4656-a61a-2e6431aed27c.WAV,train
natural sound,/Users/guidegiegg/งาน/โปรเจคเล็กๆ/PrePair_Sound/forest_sound_dataset/natural sound/5_10517.wav,natural sound/5_10517.wav,train
fire,/Users/guidegiegg/งาน/โปรเจคเล็กๆ/PrePair_Sound/forest_sound_dataset/fire/y2mate.com - DD Ambience  Building on Fire  Blaze Inferno Wood Cracking Collapsing Loud Stressing_1_39.wav,fire/y2mate.com - DD Ambience  Building on Fire  Blaze Inferno Wood Cracking Collapsing Loud Stressing_1_39.wav,train
natural sound,/Users/guidegiegg/งาน/โปรเจคเล็กๆ/PrePair_Sound/forest_sound_dataset/natural sound/23_12358.wav,natural sound/23_12358.wav,train
logging,/Users/guidegiegg/งาน/โปรเจคเล็กๆ/PrePair_Sound/forest_sound_dataset/logging/11_11120.wav,logging/11_11120.wav,train
fire,/Users/guidegiegg/งาน/โปรเจคเล็กๆ/PrePair_Sound/forest_sound_dataset/fire/y2mate.com - DD Ambience  Building on Fire  Blaze Inferno Wood Cracking Collapsing Loud Stressing_1_20.wav,fire/y2mate.com - DD Ambience  Building on Fire  Blaze Inferno Wood Cracking Collapsing Loud Stressing_1_20.wav,train
poaching,/Users/guidegiegg/งาน/โปรเจคเล็กๆ/PrePair_Sound/forest_sound_dataset/poaching/New folder/double-barrel-shotgun_017_dbs_0m_center_0503.wav,poaching/New folder/double-barrel-shotgun_017_dbs_0m_center_0503.wav,train
logging,/Users/guidegiegg/งาน/โปรเจคเล็กๆ/PrePair_Sound/forest_sound_dataset/logging/1-18810-A-49.wav,logging/1-18810-A-49.wav,train
logging,/Users/guidegiegg/งาน/โปรเจคเล็กๆ/PrePair_Sound/forest_sound_dataset/logging/16_11659.wav,logging/16_11659.wav,train
natural sound,/Users/guidegiegg/งาน/โปรเจคเล็กๆ/PrePair_Sound/forest_sound_dataset/natural sound/3_10317.wav,natural sound/3_10317.wav,train
logging,/Users/guidegiegg/งาน/โปรเจคเล็กๆ/PrePair_Sound/forest_sound_dataset/logging/13_11364.wav,logging/13_11364.wav,train
natural sound,/Users/guidegiegg/งาน/โปรเจคเล็กๆ/PrePair_Sound/forest_sound_dataset/natural sound/if_necessary/19_11938.wav,natural sound/if_necessary/19_11938.wav,train
natural sound,/Users/guidegiegg/งาน/โปรเจคเล็กๆ/PrePair_Sound/forest_sound_dataset/natural sound/if_necessary/18_11860.wav,natural sound/if_necessary/18_11860.wav,train
logging,/Users/guidegiegg/งาน/โปรเจคเล็กๆ/PrePair_Sound/forest_sound_dataset/logging/16_11641.wav,logging/16_11641.wav,train
natural sound,/Users/guidegiegg/งาน/โปรเจคเล็กๆ/PrePair_Sound/forest_sound_dataset/natural sound/24_12407.wav,natural sound/24_12407.wav,train
natural sound,/Users/guidegiegg/งาน/โปรเจคเล็กๆ/PrePair_Sound/forest_sound_dataset/natural sound/3_10316.wav,natural sound/3_10316.wav,train
logging,/Users/guidegiegg/งาน/โปรเจคเล็กๆ/PrePair_Sound/forest_sound_dataset/logging/10_11026.wav,logging/10_11026.wav,train
natural sound,/Users/guidegiegg/งาน/โปรเจคเล็กๆ/PrePair_Sound/forest_sound_dataset/natural sound/if_necessary/20_12071.wav,natural sound/if_necessary/20_12071.wav,train
natural sound,/Users/guidegiegg/งาน/โปรเจคเล็กๆ/PrePair_Sound/forest_sound_dataset/natural sound/6_10671.wav,natural sound/6_10671.wav,train
natural sound,/Users/guidegiegg/งาน/โปรเจคเล็กๆ/PrePair_Sound/forest_sound_dataset/natural sound/22_12211.wav,natural sound/22_12211.wav,train
natural sound,/Users/guidegiegg/งาน/โปรเจคเล็กๆ/PrePair_Sound/forest_sound_dataset/natural sound/3_10330.wav,natural sound/3_10330.wav,train
logging,/Users/guidegiegg/งาน/โปรเจคเล็กๆ/PrePair_Sound/forest_sound_dataset/logging/5-185579-B-41.wav,logging/5-185579-B-41.wav,train
natural sound,/Users/guidegiegg/งาน/โปรเจคเล็กๆ/PrePair_Sound/forest_sound_dataset/natural sound/27_12718.wav,natural sound/27_12718.wav,train
natural sound,/Users/guidegiegg/งาน/โปรเจคเล็กๆ/PrePair_Sound/forest_sound_dataset/natural sound/if_necessary/19_11955.wav,natural sound/if_necessary/19_11955.wav,train
natural sound,/Users/guidegiegg/งาน/โปรเจคเล็กๆ/PrePair_Sound/forest_sound_dataset/natural sound/if_necessary/19_11943.wav,natural sound/if_necessary/19_11943.wav,train
natural sound,/Users/guidegiegg/งาน/โปรเจคเล็กๆ/PrePair_Sound/forest_sound_dataset/natural sound/6_10648.wav,natural sound/6_10648.wav,train
poaching,/Users/guidegiegg/งาน/โปรเจคเล็กๆ/PrePair_Sound/forest_sound_dataset/poaching/601B00CE.WAV,poaching/601B00CE.WAV,train
logging,/Users/guidegiegg/งาน/โปรเจคเล็กๆ/PrePair_Sound/forest_sound_dataset/logging/3-97909-B-49.wav,logging/3-97909-B-49.wav,train
fire,/Users/guidegiegg/งาน/โปรเจคเล็กๆ/PrePair_Sound/forest_sound_dataset/fire/y2mate.com - DD Ambience  Building on Fire  Blaze Inferno Wood Cracking Collapsing Loud Stressing_62.wav,fire/y2mate.com - DD Ambience  Building on Fire  Blaze Inferno Wood Cracking Collapsing Loud Stressing_62.wav,train
natural sound,/Users/guidegiegg/งาน/โปรเจคเล็กๆ/PrePair_Sound/forest_sound_dataset/natural sound/8_10862.wav,natural sound/8_10862.wav,train
logging,/Users/guidegiegg/งาน/โปรเจคเล็กๆ/PrePair_Sound/forest_sound_dataset/logging/13_11362.wav,logging/13_11362.wav,train
logging,/Users/guidegiegg/งาน/โปรเจคเล็กๆ/PrePair_Sound/forest_sound_dataset/logging/7_10736.wav,logging/7_10736.wav,train
fire,/Users/guidegiegg/งาน/โปรเจคเล็กๆ/PrePair_Sound/forest_sound_dataset/fire/videoplayback_64.wav,fire/videoplayback_64.wav,train
poaching,/Users/guidegiegg/งาน/โปรเจคเล็กๆ/PrePair_Sound/forest_sound_dataset/poaching/58FBC540af21b4f5-acb7-4d22-a173-90937dbf5444.WAV,poaching/58FBC540af21b4f5-acb7-4d22-a173-90937dbf5444.WAV,train
logging,/Users/guidegiegg/งาน/โปรเจคเล็กๆ/PrePair_Sound/forest_sound_dataset/logging/13_11305.wav,logging/13_11305.wav,train
logging,/Users/guidegiegg/งาน/โปรเจคเล็กๆ/PrePair_Sound/forest_sound_dataset/logging/13_11317.wav,logging/13_11317.wav,train
natural sound,/Users/guidegiegg/งาน/โปรเจคเล็กๆ/PrePair_Sound/forest_sound_dataset/natural sound/23_12367.wav,natural sound/23_12367.wav,train
logging,/Users/guidegiegg/งาน/โปรเจคเล็กๆ/PrePair_Sound/forest_sound_dataset/logging/10_11016.wav,logging/10_11016.wav,train
natural sound,/Users/guidegiegg/งาน/โปรเจคเล็กๆ/PrePair_Sound/forest_sound_dataset/natural sound/27_12757.wav,natural sound/27_12757.wav,train
natural sound,/Users/guidegiegg/งาน/โปรเจคเล็กๆ/PrePair_Sound/forest_sound_dataset/natural sound/4_10405.wav,natural sound/4_10405.wav,train
natural sound,/Users/guidegiegg/งาน/โปรเจคเล็กๆ/PrePair_Sound/forest_sound_dataset/natural sound/22_12236.wav,natural sound/22_12236.wav,train
logging,/Users/guidegiegg/งาน/โปรเจคเล็กๆ/PrePair_Sound/forest_sound_dataset/logging/11_11165.wav,logging/11_11165.wav,train
natural sound,/Users/guidegiegg/งาน/โปรเจคเล็กๆ/PrePair_Sound/forest_sound_dataset/natural sound/22_12224.wav,natural sound/22_12224.wav,train
poaching,/Users/guidegiegg/งาน/โปรเจคเล็กๆ/PrePair_Sound/forest_sound_dataset/poaching/14_11449.wav,poaching/14_11449.wav,train
natural sound,/Users/guidegiegg/งาน/โปรเจคเล็กๆ/PrePair_Sound/forest_sound_dataset/natural sound/4_10414.wav,natural sound/4_10414.wav,train
natural sound,/Users/guidegiegg/งาน/โปรเจคเล็กๆ/PrePair_Sound/forest_sound_dataset/natural sound/25_12509.wav,natural sound/25_12509.wav,train
natural sound,/Users/guidegiegg/งาน/โปรเจคเล็กๆ/PrePair_Sound/forest_sound_dataset/natural sound/26_12668.wav,natural sound/26_12668.wav,train
fire,/Users/guidegiegg/งาน/โปรเจคเล็กๆ/PrePair_Sound/forest_sound_dataset/fire/y2mate.com - DD Ambience  Building on Fire  Blaze Inferno Wood Cracking Collapsing Loud Stressing_27.wav,fire/y2mate.com - DD Ambience  Building on Fire  Blaze Inferno Wood Cracking Collapsing Loud Stressing_27.wav,train
natural sound,/Users/guidegiegg/งาน/โปรเจคเล็กๆ/PrePair_Sound/forest_sound_dataset/natural sound/27_12747.wav,natural sound/27_12747.wav,train
poaching,/Users/guidegiegg/งาน/โปรเจคเล็กๆ/PrePair_Sound/forest_sound_dataset/poaching/60196ADB.WAV,poaching/60196ADB.WAV,train
natural sound,/Users/guidegiegg/งาน/โปรเจคเล็กๆ/PrePair_Sound/forest_sound_dataset/natural sound/2_10253.wav,natural sound/2_10253.wav,train
natural sound,/Users/guidegiegg/งาน/โปรเจคเล็กๆ/PrePair_Sound/forest_sound_dataset/natural sound/23_12336.wav,natural sound/23_12336.wav,train
natural sound,/Users/guidegiegg/งาน/โปรเจคเล็กๆ/PrePair_Sound/forest_sound_dataset/natural sound/22_12254.wav,natural sound/22_12254.wav,train
poaching,/Users/guidegiegg/งาน/โปรเจคเล็กๆ/PrePair_Sound/forest_sound_dataset/poaching/58FBC580e19c6260-ba5a-4155-bb92-b60134b050cd.WAV,poaching/58FBC580e19c6260-ba5a-4155-bb92-b60134b050cd.WAV,train
fire,/Users/guidegiegg/งาน/โปรเจคเล็กๆ/PrePair_Sound/forest_sound_dataset/fire/1_10171.wav,fire/1_10171.wav,train
logging,/Users/guidegiegg/งาน/โปรเจคเล็กๆ/PrePair_Sound/forest_sound_dataset/logging/7_10760.wav,logging/7_10760.wav,train
natural sound,/Users/guidegiegg/งาน/โปรเจคเล็กๆ/PrePair_Sound/forest_sound_dataset/natural sound/5_10547.wav,natural sound/5_10547.wav,train
natural sound,/Users/guidegiegg/งาน/โปรเจคเล็กๆ/PrePair_Sound/forest_sound_dataset/natural sound/23_12303.wav,natural sound/23_12303.wav,train
poaching,/Users/guidegiegg/งาน/โปรเจคเล็กๆ/PrePair_Sound/forest_sound_dataset/poaching/15_11536.wav,poaching/15_11536.wav,train
fire,/Users/guidegiegg/งาน/โปรเจคเล็กๆ/PrePair_Sound/forest_sound_dataset/fire/videoplayback_15.wav,fire/videoplayback_15.wav,train
natural sound,/Users/guidegiegg/งาน/โปรเจคเล็กๆ/PrePair_Sound/forest_sound_dataset/natural sound/2_10262.wav,natural sound/2_10262.wav,train
natural sound,/Users/guidegiegg/งาน/โปรเจคเล็กๆ/PrePair_Sound/forest_sound_dataset/natural sound/9_10942.wav,natural sound/9_10942.wav,train
natural sound,/Users/guidegiegg/งาน/โปรเจคเล็กๆ/PrePair_Sound/forest_sound_dataset/natural sound/3_10328.wav,natural sound/3_10328.wav,train
natural sound,/Users/guidegiegg/งาน/โปรเจคเล็กๆ/PrePair_Sound/forest_sound_dataset/natural sound/if_necessary/19_11904.wav,natural sound/if_necessary/19_11904.wav,train
natural sound,/Users/guidegiegg/งาน/โปรเจคเล็กๆ/PrePair_Sound/forest_sound_dataset/natural sound/if_necessary/17_11774.wav,natural sound/if_necessary/17_11774.wav,train
natural sound,/Users/guidegiegg/งาน/โปรเจคเล็กๆ/PrePair_Sound/forest_sound_dataset/natural sound/24_12441.wav,natural sound/24_12441.wav,train
poaching,/Users/guidegiegg/งาน/โปรเจคเล็กๆ/PrePair_Sound/forest_sound_dataset/poaching/14_11427.wav,poaching/14_11427.wav,train
fire,/Users/guidegiegg/งาน/โปรเจคเล็กๆ/PrePair_Sound/forest_sound_dataset/fire/5-213802-A-12.wav,fire/5-213802-A-12.wav,train
fire,/Users/guidegiegg/งาน/โปรเจคเล็กๆ/PrePair_Sound/forest_sound_dataset/fire/y2mate.com - DD Ambience  Building on Fire  Blaze Inferno Wood Cracking Collapsing Loud Stressing_1_53.wav,fire/y2mate.com - DD Ambience  Building on Fire  Blaze Inferno Wood Cracking Collapsing Loud Stressing_1_53.wav,train
natural sound,/Users/guidegiegg/งาน/โปรเจคเล็กๆ/PrePair_Sound/forest_sound_dataset/natural sound/26_12645.wav,natural sound/26_12645.wav,train
logging,/Users/guidegiegg/งาน/โปรเจคเล็กๆ/PrePair_Sound/forest_sound_dataset/logging/3-208820-A-49.wav,logging/3-208820-A-49.wav,train
poaching,/Users/guidegiegg/งาน/โปรเจคเล็กๆ/PrePair_Sound/forest_sound_dataset/poaching/15_11550.wav,poaching/15_11550.wav,train
fire,/Users/guidegiegg/งาน/โปรเจคเล็กๆ/PrePair_Sound/forest_sound_dataset/fire/y2mate.com - DD Ambience  Building on Fire  Blaze Inferno Wood Cracking Collapsing Loud Stressing_17.wav,fire/y2mate.com - DD Ambience  Building on Fire  Blaze Inferno Wood Cracking Collapsing Loud Stressing_17.wav,train
natural sound,/Users/guidegiegg/งาน/โปรเจคเล็กๆ/PrePair_Sound/forest_sound_dataset/natural sound/23_12323.wav,natural sound/23_12323.wav,train
natural sound,/Users/guidegiegg/งาน/โปรเจคเล็กๆ/PrePair_Sound/forest_sound_dataset/natural sound/8_10829.wav,natural sound/8_10829.wav,train
logging,/Users/guidegiegg/งาน/โปรเจคเล็กๆ/PrePair_Sound/forest_sound_dataset/logging/7_10747.wav,logging/7_10747.wav,train
natural sound,/Users/guidegiegg/งาน/โปรเจคเล็กๆ/PrePair_Sound/forest_sound_dataset/natural sound/if_necessary/17_11754.wav,natural sound/if_necessary/17_11754.wav,train
logging,/Users/guidegiegg/งาน/โปรเจคเล็กๆ/PrePair_Sound/forest_sound_dataset/logging/16_11601.wav,logging/16_11601.wav,train
logging,/Users/guidegiegg/งาน/โปรเจคเล็กๆ/PrePair_Sound/forest_sound_dataset/logging/16_11620.wav,logging/16_11620.wav,train
logging,/Users/guidegiegg/งาน/โปรเจคเล็กๆ/PrePair_Sound/forest_sound_dataset/logging/10_11064.wav,logging/10_11064.wav,train
fire,/Users/guidegiegg/งาน/โปรเจคเล็กๆ/PrePair_Sound/forest_sound_dataset/fire/y2mate.com - DD Ambience  Building on Fire  Blaze Inferno Wood Cracking Collapsing Loud Stressing_21.wav,fire/y2mate.com - DD Ambience  Building on Fire  Blaze Inferno Wood Cracking Collapsing Loud Stressing_21.wav,train
natural sound,/Users/guidegiegg/งาน/โปรเจคเล็กๆ/PrePair_Sound/forest_sound_dataset/natural sound/27_12768.wav,natural sound/27_12768.wav,train
natural sound,/Users/guidegiegg/งาน/โปรเจคเล็กๆ/PrePair_Sound/forest_sound_dataset/natural sound/24_12427.wav,natural sound/24_12427.wav,train
poaching,/Users/guidegiegg/งาน/โปรเจคเล็กๆ/PrePair_Sound/forest_sound_dataset/poaching/5B9213EC_3215f44eb5-95cb-4a2b-ac6c-d6be80a7004d05f731bf-aa2d-4a86-8ed3-30a6edd08d66ca951d06-70d3-4dca-b4a1-461c4ca25d76.WAV,poaching/5B9213EC_3215f44eb5-95cb-4a2b-ac6c-d6be80a7004d05f731bf-aa2d-4a86-8ed3-30a6edd08d66ca951d06-70d3-4dca-b4a1-461c4ca25d76.WAV,train
logging,/Users/guidegiegg/งาน/โปรเจคเล็กๆ/PrePair_Sound/forest_sound_dataset/logging/11_11147.wav,logging/11_11147.wav,train
poaching,/Users/guidegiegg/งาน/โปรเจคเล็กๆ/PrePair_Sound/forest_sound_dataset/poaching/15_11533.wav,poaching/15_11533.wav,train
natural sound,/Users/guidegiegg/งาน/โปรเจคเล็กๆ/PrePair_Sound/forest_sound_dataset/natural sound/if_necessary/17_11753.wav,natural sound/if_necessary/17_11753.wav,train
poaching,/Users/guidegiegg/งาน/โปรเจคเล็กๆ/PrePair_Sound/forest_sound_dataset/poaching/58FBBD00b53e3fe4-28d8-4828-b280-65277c876a56.WAV,poaching/58FBBD00b53e3fe4-28d8-4828-b280-65277c876a56.WAV,train
natural sound,/Users/guidegiegg/งาน/โปรเจคเล็กๆ/PrePair_Sound/forest_sound_dataset/natural sound/if_necessary/18_11825.wav,natural sound/if_necessary/18_11825.wav,train
natural sound,/Users/guidegiegg/งาน/โปรเจคเล็กๆ/PrePair_Sound/forest_sound_dataset/natural sound/if_necessary/17_11761.wav,natural sound/if_necessary/17_11761.wav,train
logging,/Users/guidegiegg/งาน/โปรเจคเล็กๆ/PrePair_Sound/forest_sound_dataset/logging/13_11374.wav,logging/13_11374.wav,train
natural sound,/Users/guidegiegg/งาน/โปรเจคเล็กๆ/PrePair_Sound/forest_sound_dataset/natural sound/25_12512.wav,natural sound/25_12512.wav,train
natural sound,/Users/guidegiegg/งาน/โปรเจคเล็กๆ/PrePair_Sound/forest_sound_dataset/natural sound/if_necessary/20_12070.wav,natural sound/if_necessary/20_12070.wav,train
poaching,/Users/guidegiegg/งาน/โปรเจคเล็กๆ/PrePair_Sound/forest_sound_dataset/poaching/14_11466.wav,poaching/14_11466.wav,train
natural sound,/Users/guidegiegg/งาน/โปรเจคเล็กๆ/PrePair_Sound/forest_sound_dataset/natural sound/3_10301.wav,natural sound/3_10301.wav,train
logging,/Users/guidegiegg/งาน/โปรเจคเล็กๆ/PrePair_Sound/forest_sound_dataset/logging/13_11370.wav,logging/13_11370.wav,train
natural sound,/Users/guidegiegg/งาน/โปรเจคเล็กๆ/PrePair_Sound/forest_sound_dataset/natural sound/3_10345.wav,natural sound/3_10345.wav,train
fire,/Users/guidegiegg/งาน/โปรเจคเล็กๆ/PrePair_Sound/forest_sound_dataset/fire/1-46272-A-12.wav,fire/1-46272-A-12.wav,train
poaching,/Users/guidegiegg/งาน/โปรเจคเล็กๆ/PrePair_Sound/forest_sound_dataset/poaching/5B48AA46_26c50e1f60-471e-4027-8c2a-ab7a29d33333202de8c5-05ff-4d37-b2f7-1e3ea3691c1f2b8d7f24-3b87-4114-b370-a7d2047e80f9.WAV,poaching/5B48AA46_26c50e1f60-471e-4027-8c2a-ab7a29d33333202de8c5-05ff-4d37-b2f7-1e3ea3691c1f2b8d7f24-3b87-4114-b370-a7d2047e80f9.WAV,train
natural sound,/Users/guidegiegg/งาน/โปรเจคเล็กๆ/PrePair_Sound/forest_sound_dataset/natural sound/21_12171.wav,natural sound/21_12171.wav,train
natural sound,/Users/guidegiegg/งาน/โปรเจคเล็กๆ/PrePair_Sound/forest_sound_dataset/natural sound/25_12574.wav,natural sound/25_12574.wav,train
natural sound,/Users/guidegiegg/งาน/โปรเจคเล็กๆ/PrePair_Sound/forest_sound_dataset/natural sound/6_10633.wav,natural sound/6_10633.wav,train
fire,/Users/guidegiegg/งาน/โปรเจคเล็กๆ/PrePair_Sound/forest_sound_dataset/fire/y2mate.com - DD Ambience  Building on Fire  Blaze Inferno Wood Cracking Collapsing Loud Stressing_1_30.wav,fire/y2mate.com - DD Ambience  Building on Fire  Blaze Inferno Wood Cracking Collapsing Loud Stressing_1_30.wav,train
poaching,/Users/guidegiegg/งาน/โปรเจคเล็กๆ/PrePair_Sound/forest_sound_dataset/poaching/58FBD39A952956ff-659e-440e-a2ad-e22f473821df.WAV,poaching/58FBD39A952956ff-659e-440e-a2ad-e22f473821df.WAV,train
poaching,/Users/guidegiegg/งาน/โปรเจคเล็กๆ/PrePair_Sound/forest_sound_dataset/poaching/58FBC541bb231da0-18d0-485f-ba57-0118d39dc00f.WAV,poaching/58FBC541bb231da0-18d0-485f-ba57-0118d39dc00f.WAV,train
natural sound,/Users/guidegiegg/งาน/โปรเจคเล็กๆ/PrePair_Sound/forest_sound_dataset/natural sound/3_10340.wav,natural sound/3_10340.wav,train
natural sound,/Users/guidegiegg/งาน/โปรเจคเล็กๆ/PrePair_Sound/forest_sound_dataset/natural sound/2_10273.wav,natural sound/2_10273.wav,train
poaching,/Users/guidegiegg/งาน/โปรเจคเล็กๆ/PrePair_Sound/forest_sound_dataset/poaching/58FBD3C0f5af09d3-0798-4cb6-a131-20c96ffef6a4.WAV,poaching/58FBD3C0f5af09d3-0798-4cb6-a131-20c96ffef6a4.WAV,train
natural sound,/Users/guidegiegg/งาน/โปรเจคเล็กๆ/PrePair_Sound/forest_sound_dataset/natural sound/if_necessary/18_11865.wav,natural sound/if_necessary/18_11865.wav,train
fire,/Users/guidegiegg/งาน/โปรเจคเล็กๆ/PrePair_Sound/forest_sound_dataset/fire/1_10128.wav,fire/1_10128.wav,train
poaching,/Users/guidegiegg/งาน/โปรเจคเล็กๆ/PrePair_Sound/forest_sound_dataset/poaching/15_11540.wav,poaching/15_11540.wav,train
natural sound,/Users/guidegiegg/งาน/โปรเจคเล็กๆ/PrePair_Sound/forest_sound_dataset/natural sound/23_12341.wav,natural sound/23_12341.wav,train
poaching,/Users/guidegiegg/งาน/โปรเจคเล็กๆ/PrePair_Sound/forest_sound_dataset/poaching/5B9213E9_31af73867b-f271-4c94-9831-1227dc65659a20fd5716-79e7-47d1-ba42-6fa94befac9f03734b66-bf21-42e6-a01d-f51a636ddb33.WAV,poaching/5B9213E9_31af73867b-f271-4c94-9831-1227dc65659a20fd5716-79e7-47d1-ba42-6fa94befac9f03734b66-bf21-42e6-a01d-f51a636ddb33.WAV,train
logging,/Users/guidegiegg/งาน/โปรเจคเล็กๆ/PrePair_Sound/forest_sound_dataset/logging/10_11074.wav,logging/10_11074.wav,train
fire,/Users/guidegiegg/งาน/โปรเจคเล็กๆ/PrePair_Sound/forest_sound_dataset/fire/y2mate.com - DD Ambience  Building on Fire  Blaze Inferno Wood Cracking Collapsing Loud Stressing_29.wav,fire/y2mate.com - DD Ambience  Building on Fire  Blaze Inferno Wood Cracking Collapsing Loud Stressing_29.wav,train
poaching,/Users/guidegiegg/งาน/โปรเจคเล็กๆ/PrePair_Sound/forest_sound_dataset/poaching/15_11548.wav,poaching/15_11548.wav,train
logging,/Users/guidegiegg/งาน/โปรเจคเล็กๆ/PrePair_Sound/forest_sound_dataset/logging/7_10750.wav,logging/7_10750.wav,train
poaching,/Users/guidegiegg/งาน/โปรเจคเล็กๆ/PrePair_Sound/forest_sound_dataset/poaching/14_11446.wav,poaching/14_11446.wav,train
fire,/Users/guidegiegg/งาน/โปรเจคเล็กๆ/PrePair_Sound/forest_sound_dataset/fire/videoplayback_56.wav,fire/videoplayback_56.wav,train
natural sound,/Users/guidegiegg/งาน/โปรเจคเล็กๆ/PrePair_Sound/forest_sound_dataset/natural sound/26_12620.wav,natural sound/26_12620.wav,train
fire,/Users/guidegiegg/งาน/โปรเจคเล็กๆ/PrePair_Sound/forest_sound_dataset/fire/5-215658-A-12.wav,fire/5-215658-A-12.wav,train
natural sound,/Users/guidegiegg/งาน/โปรเจคเล็กๆ/PrePair_Sound/forest_sound_dataset/natural sound/12_11273.wav,natural sound/12_11273.wav,train
natural sound,/Users/guidegiegg/งาน/โปรเจคเล็กๆ/PrePair_Sound/forest_sound_dataset/natural sound/24_12425.wav,natural sound/24_12425.wav,train
poaching,/Users/guidegiegg/งาน/โปรเจคเล็กๆ/PrePair_Sound/forest_sound_dataset/poaching/New folder/winchester-m14_018_SA_059A_S01.wav,poaching/New folder/winchester-m14_018_SA_059A_S01.wav,train
poaching,/Users/guidegiegg/งาน/โปรเจคเล็กๆ/PrePair_Sound/forest_sound_dataset/poaching/58FBC5C3c7964f57-aa1d-4a2b-990b-a942d68425af.WAV,poaching/58FBC5C3c7964f57-aa1d-4a2b-990b-a942d68425af.WAV,train
natural sound,/Users/guidegiegg/งาน/โปรเจคเล็กๆ/PrePair_Sound/forest_sound_dataset/natural sound/6_10620.wav,natural sound/6_10620.wav,train
logging,/Users/guidegiegg/งาน/โปรเจคเล็กๆ/PrePair_Sound/forest_sound_dataset/logging/16_11603.wav,logging/16_11603.wav,train
natural sound,/Users/guidegiegg/งาน/โปรเจคเล็กๆ/PrePair_Sound/forest_sound_dataset/natural sound/if_necessary/17_11743.wav,natural sound/if_necessary/17_11743.wav,train
natural sound,/Users/guidegiegg/งาน/โปรเจคเล็กๆ/PrePair_Sound/forest_sound_dataset/natural sound/if_necessary/17_11775.wav,natural sound/if_necessary/17_11775.wav,train
logging,/Users/guidegiegg/งาน/โปรเจคเล็กๆ/PrePair_Sound/forest_sound_dataset/logging/13_11336.wav,logging/13_11336.wav,train
natural sound,/Users/guidegiegg/งาน/โปรเจคเล็กๆ/PrePair_Sound/forest_sound_dataset/natural sound/27_12728.wav,natural sound/27_12728.wav,val
natural sound,/Users/guidegiegg/งาน/โปรเจคเล็กๆ/PrePair_Sound/forest_sound_dataset/natural sound/6_10673.wav,natural sound/6_10673.wav,val
fire,/Users/guidegiegg/งาน/โปรเจคเล็กๆ/PrePair_Sound/forest_sound_dataset/fire/1_10125.wav,fire/1_10125.wav,val
fire,/Users/guidegiegg/งาน/โปรเจคเล็กๆ/PrePair_Sound/forest_sound_dataset/fire/y2mate.com - DD Ambience  Building on Fire  Blaze Inferno Wood Cracking Collapsing Loud Stressing_16.wav,fire/y2mate.com - DD Ambience  Building on Fire  Blaze Inferno Wood Cracking Collapsing Loud Stressing_16.wav,val
natural sound,/Users/guidegiegg/งาน/โปรเจคเล็กๆ/PrePair_Sound/forest_sound_dataset/natural sound/if_necessary/19_11927.wav,natural sound/if_necessary/19_11927.wav,val
poaching,/Users/guidegiegg/งาน/โปรเจคเล็กๆ/PrePair_Sound/forest_sound_dataset/poaching/5B579A58_2815365940-96fe-455e-8c44-24b66e8883e10c08fee9-1b3c-4c5f-83bb-f89a072a97700726260d-7adc-48ae-ac53-ee3d3ee7d897.WAV,poaching/5B579A58_2815365940-96fe-455e-8c44-24b66e8883e10c08fee9-1b3c-4c5f-83bb-f89a072a97700726260d-7adc-48ae-ac53-ee3d3ee7d897.WAV,val
natural sound,/Users/guidegiegg/งาน/โปรเจคเล็กๆ/PrePair_Sound/forest_sound_dataset/natural sound/27_12754.wav,natural sound/27_12754.wav,val
natural sound,/Users/guidegiegg/งาน/โปรเจคเล็กๆ/PrePair_Sound/forest_sound_dataset/natural sound/4_10431.wav,natural sound/4_10431.wav,val
logging,/Users/guidegiegg/งาน/โปรเจคเล็กๆ/PrePair_Sound/forest_sound_dataset/logging/11_11117.wav,logging/11_11117.wav,val
natural sound,/Users/guidegiegg/งาน/โปรเจคเล็กๆ/PrePair_Sound/forest_sound_dataset/natural sound/27_12715.wav,natural sound/27_12715.wav,val
natural sound,/Users/guidegiegg/งาน/โปรเจคเล็กๆ/PrePair_Sound/forest_sound_dataset/natural sound/23_12365.wav,natural sound/23_12365.wav,val
logging,/Users/guidegiegg/งาน/โปรเจคเล็กๆ/PrePair_Sound/forest_sound_dataset/logging/16_11621.wav,logging/16_11621.wav,val
natural sound,/Users/guidegiegg/งาน/โปรเจคเล็กๆ/PrePair_Sound/forest_sound_dataset/natural sound/3_10321.wav,natural sound/3_10321.wav,val
poaching,/Users/guidegiegg/งาน/โปรเจคเล็กๆ/PrePair_Sound/forest_sound_dataset/poaching/5C4DACE9_81ce3a8b9c-4bad-4e03-a08a-c3d034422742e2aa5998-eaa7-4ba5-a02b-dc795e73e758ef701f7b-6c04-44cd-a67c-baae34e5e430.WAV,poaching/5C4DACE9_81ce3a8b9c-4bad-4e03-a08a-c3d034422742e2aa5998-eaa7-4ba5-a02b-dc795e73e758ef701f7b-6c04-44cd-a67c-baae34e5e430.WAV,val
poaching,/Users/guidegiegg/งาน/โปรเจคเล็กๆ/PrePair_Sound/forest_sound_dataset/poaching/New folder/m16_008_SA_137B_S06.wav,poaching/New folder/m16_008_SA_137B_S06.wav,val
logging,/Users/guidegiegg/งาน/โปรเจคเล็กๆ/PrePair_Sound/forest_sound_dataset/logging/11_11129.wav,logging/11_11129.wav,val
natural sound,/Users/guidegiegg/งาน/โปรเจคเล็กๆ/PrePair_Sound/forest_sound_dataset/natural sound/23_12335.wav,natural sound/23_12335.wav,val
logging,/Users/guidegiegg/งาน/โปรเจคเล็กๆ/PrePair_Sound/forest_sound_dataset/logging/13_11304.wav,logging/13_11304.wav,val
fire,/Users/guidegiegg/งาน/โปรเจคเล็กๆ/PrePair_Sound/forest_sound_dataset/fire/1-17808-B-12.wav,fire/1-17808-B-12.wav,val
natural sound,/Users/guidegiegg/งาน/โปรเจคเล็กๆ/PrePair_Sound/forest_sound_dataset/natural sound/if_necessary/19_11946.wav,natural sound/if_necessary/19_11946.wav,val
natural sound,/Users/guidegiegg/งาน/โปรเจคเล็กๆ/PrePair_Sound/forest_sound_dataset/natural sound/27_12722.wav,natural sound/27_12722.wav,val
natural sound,/Users/guidegiegg/งาน/โปรเจคเล็กๆ/PrePair_Sound/forest_sound_dataset/natural sound/25_12529.wav,natural sound/25_12529.wav,val
fire,/Users/guidegiegg/งาน/โปรเจคเล็กๆ/PrePair_Sound/forest_sound_dataset/fire/y2mate.com - DD Ambience  Building on Fire  Blaze Inferno Wood Cracking Collapsing Loud Stressing_1_55.wav,fire/y2mate.com - DD Ambience  Building on Fire  Blaze Inferno Wood Cracking Collapsing Loud Stressing_1_55.wav,val
logging,/Users/guidegiegg/งาน/โปรเจคเล็กๆ/PrePair_Sound/forest_sound_dataset/logging/4-157611-A-41.wav,logging/4-157611-A-41.wav,val
poaching,/Users/guidegiegg/งาน/โปรเจคเล็กๆ/PrePair_Sound/forest_sound_dataset/poaching/5C2861C4_8a85146ad-f483-4de7-b4ac-f0fe8c92f16990c9ed37-38ba-4fa4-9cef-c1f17c4e9d94736e3b31-4c4d-42a6-bc54-3d568e53ba77.WAV,poaching/5C2861C4_8a85146ad-f483-4de7-b4ac-f0fe8c92f16990c9ed37-38ba-4fa4-9cef-c1f17c4e9d94736e3b31-4c4d-42a6-bc54-3d568e53ba77.WAV,val
natural sound,/Users/guidegiegg/งาน/โปรเจคเล็กๆ/PrePair_Sound/forest_sound_dataset/natural sound/if_necessary/20_12031.wav,natural sound/if_necessary/20_12031.wav,val
logging,/Users/guidegiegg/งาน/โปรเจคเล็กๆ/PrePair_Sound/forest_sound_dataset/logging/4-102844-B-49.wav,logging/4-102844-B-49.wav,val
poaching,/Users/guidegiegg/งาน/โปรเจคเล็กๆ/PrePair_Sound/forest_sound_dataset/poaching/15_11509.wav,poaching/15_11509.wav,val
natural sound,/Users/guidegiegg/งาน/โปรเจคเล็กๆ/PrePair_Sound/forest_sound_dataset/natural sound/if_necessary/20_12028.wav,natural sound/if_necessary/20_12028.wav,val
natural sound,/Users/guidegiegg/งาน/โปรเจคเล็กๆ/PrePair_Sound/forest_sound_dataset/natural sound/5_10560.wav,natural sound/5_10560.wav,val
natural sound,/Users/guidegiegg/งาน/โปรเจคเล็กๆ/PrePair_Sound/forest_sound_dataset/natural sound/if_necessary/19_11960.wav,natural sound/if_necessary/19_11960.wav,val
poaching,/Users/guidegiegg/งาน/โปรเจคเล็กๆ/PrePair_Sound/forest_sound_dataset/poaching/New folder/m16_015_SA_057B_S02.wav,poaching/New folder/m16_015_SA_057B_S02.wav,val
natural sound,/Users/guidegiegg/งาน/โปรเจคเล็กๆ/PrePair_Sound/forest_sound_dataset/natural sound/21_12169.wav,natural sound/21_12169.wav,val
natural sound,/Users/guidegiegg/งาน/โปรเจคเล็กๆ/PrePair_Sound/forest_sound_dataset/natural sound/25_12551.wav,natural sound/25_12551.wav,val
natural sound,/Users/guidegiegg/งาน/โปรเจคเล็กๆ/PrePair_Sound/forest_sound_dataset/natural sound/4_10419.wav,natural sound/4_10419.wav,val
poaching,/Users/guidegiegg/งาน/โปรเจคเล็กๆ/PrePair_Sound/forest_sound_dataset/poaching/58FBDBAF8c95188a-c418-4a7d-b834-0d0376b4763f.WAV,poaching/58FBDBAF8c95188a-c418-4a7d-b834-0d0376b4763f.WAV,val
fire,/Users/guidegiegg/งาน/โปรเจคเล็กๆ/PrePair_Sound/forest_sound_dataset/fire/videoplayback_43.wav,fire/videoplayback_43.wav,val
natural sound,/Users/guidegiegg/งาน/โปรเจคเล็กๆ/PrePair_Sound/forest_sound_dataset/natural sound/if_necessary/19_11933.wav,natural sound/if_necessary/19_11933.wav,val
fire,/Users/guidegiegg/งาน/โปรเจคเล็กๆ/PrePair_Sound/forest_sound_dataset/fire/1_10120.wav,fire/1_10120.wav,val
natural sound,/Users/guidegiegg/งาน/โปรเจคเล็กๆ/PrePair_Sound/forest_sound_dataset/natural sound/22_12238.wav,natural sound/22_12238.wav,val
logging,/Users/guidegiegg/งาน/โปรเจคเล็กๆ/PrePair_Sound/forest_sound_dataset/logging/16_11648.wav,logging/16_11648.wav,val
poaching,/Users/guidegiegg/งาน/โปรเจคเล็กๆ/PrePair_Sound/forest_sound_dataset/poaching/15_11571.wav,poaching/15_11571.wav,val
poaching,/Users/guidegiegg/งาน/โปรเจคเล็กๆ/PrePair_Sound/forest_sound_dataset/poaching/5C2EBAB6_301d708da3-fa2d-4105-be63-eece594ce0cdf9c7d554-77bc-4db1-aecb-ef200df4ab953017bea9-301b-4627-9c52-c008d20df01b.WAV,poaching/5C2EBAB6_301d708da3-fa2d-4105-be63-eece594ce0cdf9c7d554-77bc-4db1-aecb-ef200df4ab953017bea9-301b-4627-9c52-c008d20df01b.WAV,val
natural sound,/Users/guidegiegg/งาน/โปรเจคเล็กๆ/PrePair_Sound/forest_sound_dataset/natural sound/6_10660.wav,natural sound/6_10660.wav,val
logging,/Users/guidegiegg/งาน/โปรเจคเล็กๆ/PrePair_Sound/forest_sound_dataset/logging/11_11112.wav,logging/11_11112.wav,val
poaching,/Users/guidegiegg/งาน/โปรเจคเล็กๆ/PrePair_Sound/forest_sound_dataset/poaching/5BE21901_53d1714c81-bcaa-4778-8c1e-61c6fb8e93d041587160-fb67-4d28-a882-7546a8db9c5a7ed09510-7cd9-46d8-aebc-0d48c1f0e3cf.WAV,poaching/5BE21901_53d1714c81-bcaa-4778-8c1e-61c6fb8e93d041587160-fb67-4d28-a882-7546a8db9c5a7ed09510-7cd9-46d8-aebc-0d48c1f0e3cf.WAV,val
natural sound,/Users/guidegiegg/งาน/โปรเจคเล็กๆ/PrePair_Sound/forest_sound_dataset/natural sound/6_10639.wav,natural sound/6_10639.wav,val
natural sound,/Users/guidegiegg/งาน/โปรเจคเล็กๆ/PrePair_Sound/forest_sound_dataset/natural sound/27_12760.wav,natural sound/27_12760.wav,val
logging,/Users/guidegiegg/งาน/โปรเจคเล็กๆ/PrePair_Sound/forest_sound_dataset/logging/5-170338-A-41.wav,logging/5-170338-A-41.wav,val
natural sound,/Users/guidegiegg/งาน/โปรเจคเล็กๆ/PrePair_Sound/forest_sound_dataset/natural sound/12_11272.wav,natural sound/12_11272.wav,val
natural sound,/Users/guidegiegg/งาน/โปรเจคเล็กๆ/PrePair_Sound/forest_sound_dataset/natural sound/9_10926.wav,natural sound/9_10926.wav,val
natural sound,/Users/guidegiegg/งาน/โปรเจคเล็กๆ/PrePair_Sound/forest_sound_dataset/natural sound/8_10806.wav,natural sound/8_10806.wav,val
natural sound,/Users/guidegiegg/งาน/โปรเจคเล็กๆ/PrePair_Sound/forest_sound_dataset/natural sound/9_10965.wav,natural sound/9_10965.wav,val
natural sound,/Users/guidegiegg/งาน/โปรเจคเล็กๆ/PrePair_Sound/forest_sound_dataset/natural sound/5_10573.wav,natural sound/5_10573.wav,val
logging,/Users/guidegiegg/งาน/โปรเจคเล็กๆ/PrePair_Sound/forest_sound_dataset/logging/13_11372.wav,logging/13_11372.wav,val
poaching,/Users/guidegiegg/งาน/โปรเจคเล็กๆ/PrePair_Sound/forest_sound_dataset/poaching/5CACBA0F_47970e81ad-fa35-4b47-8dc7-37c9ebd2de41240b8bda-1db4-48f8-8a73-6e5dbd48b2d09c101893-2535-4678-9a73-8f8baaa8d517.WAV,poaching/5CACBA0F_47970e81ad-fa35-4b47-8dc7-37c9ebd2de41240b8bda-1db4-48f8-8a73-6e5dbd48b2d09c101893-2535-4678-9a73-8f8baaa8d517.WAV,val
natural sound,/Users/guidegiegg/งาน/โปรเจคเล็กๆ/PrePair_Sound/forest_sound_dataset/natural sound/if_necessary/17_11703.wav,natural sound/if_necessary/17_11703.wav,val
natural sound,/Users/guidegiegg/งาน/โปรเจคเล็กๆ/PrePair_Sound/forest_sound_dataset/natural sound/if_necessary/20_12057.wav,natural sound/if_necessary/20_12057.wav,val
poaching,/Users/guidegiegg/งาน/โปรเจคเล็กๆ/PrePair_Sound/forest_sound_dataset/poaching/5BE21A08_24166662c8-73f4-49dd-afc8-be65d369ec239e814448-454c-47ec-a304-68b6c86e9d05d0d97984-1e64-49c9-835c-2fc142fd2293.WAV,poaching/5BE21A08_24166662c8-73f4-49dd-afc8-be65d369ec239e814448-454c-47ec-a304-68b6c86e9d05d0d97984-1e64-49c9-835c-2fc142fd2293.WAV,val
natural sound,/Users/guidegiegg/งาน/โปรเจคเล็กๆ/PrePair_Sound/forest_sound_dataset/natural sound/21_12148.wav,natural sound/21_12148.wav,val
natural sound,/Users/guidegiegg/งาน/โปรเจคเล็กๆ/PrePair_Sound/forest_sound_dataset/natural sound/27_12713.wav,natural sound/27_12713.wav,val
logging,/Users/guidegiegg/งาน/โปรเจคเล็กๆ/PrePair_Sound/forest_sound_dataset/logging/16_11605.wav,logging/16_11605.wav,val
poaching,/Users/guidegiegg/งาน/โปรเจคเล็กๆ/PrePair_Sound/forest_sound_dataset/poaching/5C035C70_71a75898e-0815-4e25-84d1-147aa879b5b3b52a63ab-fb99-4990-8e89-3a39793d34aad427a1ca-7e0e-4fd7-bc62-7cebeddf6e36.WAV,poaching/5C035C70_71a75898e-0815-4e25-84d1-147aa879b5b3b52a63ab-fb99-4990-8e89-3a39793d34aad427a1ca-7e0e-4fd7-bc62-7cebeddf6e36.WAV,val
logging,/Users/guidegiegg/งาน/โปรเจคเล็กๆ/PrePair_Sound/forest_sound_dataset/logging/2-77945-B-41.wav,logging/2-77945-B-41.wav,val
natural sound,/Users/guidegiegg/งาน/โปรเจคเล็กๆ/PrePair_Sound/forest_sound_dataset/natural sound/25_12524.wav,natural sound/25_12524.wav,val
natural sound,/Users/guidegiegg/งาน/โปรเจคเล็กๆ/PrePair_Sound/forest_sound_dataset/natural sound/9_10921.wav,natural sound/9_10921.wav,val
natural sound,/Users/guidegiegg/งาน/โปรเจคเล็กๆ/PrePair_Sound/forest_sound_dataset/natural sound/5_10542.wav,natural sound/5_10542.wav,val
poaching,/Users/guidegiegg/งาน/โปรเจคเล็กๆ/PrePair_Sound/forest_sound_dataset/poaching/58FBC5807a1cf75a-9abf-4b28-82b6-15c92693e929.WAV,poaching/58FBC5807a1cf75a-9abf-4b28-82b6-15c92693e929.WAV,val
natural sound,/Users/guidegiegg/งาน/โปรเจคเล็กๆ/PrePair_Sound/forest_sound_dataset/natural sound/6_10659.wav,natural sound/6_10659.wav,val
natural sound,/Users/guidegiegg/งาน/โปรเจคเล็กๆ/PrePair_Sound/forest_sound_dataset/natural sound/5_10562.wav,natural sound/5_10562.wav,val
logging,/Users/guidegiegg/งาน/โปรเจคเล็กๆ/PrePair_Sound/forest_sound_dataset/logging/7_10720.wav,logging/7_10720.wav,val
fire,/Users/guidegiegg/งาน/โปรเจคเล็กๆ/PrePair_Sound/forest_sound_dataset/fire/1_10146.wav,fire/1_10146.wav,val
fire,/Users/guidegiegg/งาน/โปรเจคเล็กๆ/PrePair_Sound/forest_sound_dataset/fire/y2mate.com - DD Ambience  Building on Fire  Blaze Inferno Wood Cracking Collapsing Loud Stressing_1_34.wav,fire/y2mate.com - DD Ambience  Building on Fire  Blaze Inferno Wood Cracking Collapsing Loud Stressing_1_34.wav,val
natural sound,/Users/guidegiegg/งาน/โปรเจคเล็กๆ/PrePair_Sound/forest_sound_dataset/natural sound/if_necessary/20_12003.wav,natural sound/if_necessary/20_12003.wav,val
fire,/Users/guidegiegg/งาน/โปรเจคเล็กๆ/PrePair_Sound/forest_sound_dataset/fire/1-17565-A-12.wav,fire/1-17565-A-12.wav,val
logging,/Users/guidegiegg/งาน/โปรเจคเล็กๆ/PrePair_Sound/forest_sound_dataset/logging/11_11163.wav,logging/11_11163.wav,val
fire,/Users/guidegiegg/งาน/โปรเจคเล็กๆ/PrePair_Sound/forest_sound_dataset/fire/4-181563-A-12.wav,fire/4-181563-A-12.wav,val
poaching,/Users/guidegiegg/งาน/โปรเจคเล็กๆ/PrePair_Sound/forest_sound_dataset/poaching/5BD455D9_20ad99d029-3ffb-42b9-8f3b-550427d3baffa5e85bf1-d4e1-49c7-af86-c9aabf148f81e014432d-4435-48c8-b4d5-089989937358.WAV,poaching/5BD455D9_20ad99d029-3ffb-42b9-8f3b-550427d3baffa5e85bf1-d4e1-49c7-af86-c9aabf148f81e014432d-4435-48c8-b4d5-089989937358.WAV,val
logging,/Users/guidegiegg/งาน/โปรเจคเล็กๆ/PrePair_Sound/forest_sound_dataset/logging/11_11138.wav,logging/11_11138.wav,val
fire,/Users/guidegiegg/งาน/โปรเจคเล็กๆ/PrePair_Sound/forest_sound_dataset/fire/videoplayback_70.wav,fire/videoplayback_70.wav,val
natural sound,/Users/guidegiegg/งาน/โปรเจคเล็กๆ/PrePair_Sound/forest_sound_dataset/natural sound/3_10348.wav,natural sound/3_10348.wav,val
poaching,/Users/guidegiegg/งาน/โปรเจคเล็กๆ/PrePair_Sound/forest_sound_dataset/poaching/New folder/desert-eagle_005_deagle_0m_center_1767.wav,poaching/New folder/desert-eagle_005_deagle_0m_center_1767.wav,val
poaching,/Users/guidegiegg/งาน/โปรเจคเล็กๆ/PrePair_Sound/forest_sound_dataset/poaching/15_11566.wav,poaching/15_11566.wav,val
poaching,/Users/guidegiegg/งาน/โปรเจคเล็กๆ/PrePair_Sound/forest_sound_dataset/poaching/New folder/sig-p225_025_SA_170A_S06.wav,poaching/New folder/sig-p225_025_SA_170A_S06.wav,val
natural sound,/Users/guidegiegg/งาน/โปรเจคเล็กๆ/PrePair_Sound/forest_sound_dataset/natural sound/if_necessary/18_11832.wav,natural sound/if_necessary/18_11832.wav,val
natural sound,/Users/guidegiegg/งาน/โปรเจคเล็กๆ/PrePair_Sound/forest_sound_dataset/natural sound/5_10531.wav,natural sound/5_10531.wav,val
poaching,/Users/guidegiegg/งาน/โปรเจคเล็กๆ/PrePair_Sound/forest_sound_dataset/poaching/14_11468.wav,poaching/14_11468.wav,val
logging,/Users/guidegiegg/งาน/โปรเจคเล็กๆ/PrePair_Sound/forest_sound_dataset/logging/7_10708.wav,logging/7_10708.wav,val
natural sound,/Users/guidegiegg/งาน/โปรเจคเล็กๆ/PrePair_Sound/forest_sound_dataset/natural sound/23_12309.wav,natural sound/23_12309.wav,val
logging,/Users/guidegiegg/งาน/โปรเจคเล็กๆ/PrePair_Sound/forest_sound_dataset/logging/10_11037.wav,logging/10_11037.wav,val
natural sound,/Users/guidegiegg/งาน/โปรเจคเล็กๆ/PrePair_Sound/forest_sound_dataset/natural sound/3_10310.wav,natural sound/3_10310.wav,val
poaching,/Users/guidegiegg/งาน/โปรเจคเล็กๆ/PrePair_Sound/forest_sound_dataset/poaching/New folder/desert-eagle_009_2 (31).wav,poaching/New folder/desert-eagle_009_2 (31).wav,val
natural sound,/Users/guidegiegg/งาน/โปรเจคเล็กๆ/PrePair_Sound/forest_sound_dataset/natural sound/if_necessary/19_11944.wav,natural sound/if_necessary/19_11944.wav,val
natural sound,/Users/guidegiegg/งาน/โปรเจคเล็กๆ/PrePair_Sound/forest_sound_dataset/natural sound/21_12173.wav,natural sound/21_12173.wav,val
logging,/Users/guidegiegg/งาน/โปรเจคเล็กๆ/PrePair_Sound/forest_sound_dataset/logging/7_10732.wav,logging/7_10732.wav,val
natural sound,/Users/guidegiegg/งาน/โปรเจคเล็กๆ/PrePair_Sound/forest_sound_dataset/natural sound/6_10643.wav,natural sound/6_10643.wav,val
logging,/Users/guidegiegg/งาน/โปรเจคเล็กๆ/PrePair_Sound/forest_sound_dataset/logging/13_11371.wav,logging/13_11371.wav,val
natural sound,/Users/guidegiegg/งาน/โปรเจคเล็กๆ/PrePair_Sound/forest_sound_dataset/natural sound/12_11271.wav,natural sound/12_11271.wav,val
poaching,/Users/guidegiegg/งาน/โปรเจคเล็กๆ/PrePair_Sound/forest_sound_dataset/poaching/14_11456.wav,poaching/14_11456.wav,val
logging,/Users/guidegiegg/งาน/โปรเจคเล็กๆ/PrePair_Sound/forest_sound_dataset/logging/7_10702.wav,logging/7_10702.wav,val
poaching,/Users/guidegiegg/งาน/โปรเจคเล็กๆ/PrePair_Sound/forest_sound_dataset/poaching/5BA0ABAE_388f9e116b-b6fe-4a40-9b19-990bb5b260176771c5f9-9fcd-4a4c-9ba4-0aa3b6cc3a5d6d2d355b-5d52-40a2-b140-e0ed1c564880.WAV,poaching/5BA0ABAE_388f9e116b-b6fe-4a40-9b19-990bb5b260176771c5f9-9fcd-4a4c-9ba4-0aa3b6cc3a5d6d2d355b-5d52-40a2-b140-e0ed1c564880.WAV,val
natural sound,/Users/guidegiegg/งาน/โปรเจคเล็กๆ/PrePair_Sound/forest_sound_dataset/natural sound/8_10805.wav,natural sound/8_10805.wav,val
fire,/Users/guidegiegg/งาน/โปรเจคเล็กๆ/PrePair_Sound/forest_sound_dataset/fire/y2mate.com - DD Ambience  Building on Fire  Blaze Inferno Wood Cracking Collapsing Loud Stressing_12.wav,fire/y2mate.com - DD Ambience  Building on Fire  Blaze Inferno Wood Cracking Collapsing Loud Stressing_12.wav,val
natural sound,/Users/guidegiegg/งาน/โปรเจคเล็กๆ/PrePair_Sound/forest_sound_dataset/natural sound/4_10475.wav,natural sound/4_10475.wav,val
poaching,/Users/guidegiegg/งาน/โปรเจคเล็กๆ/PrePair_Sound/forest_sound_dataset/poaching/15_11541.wav,poaching/15_11541.wav,val
fire,/Users/guidegiegg/งาน/โปรเจคเล็กๆ/PrePair_Sound/forest_sound_dataset/fire/y2mate.com - DD Ambience  Building on Fire  Blaze Inferno Wood Cracking Collapsing Loud Stressing_1_62.wav,fire/y2mate.com - DD Ambience  Building on Fire  Blaze Inferno Wood Cracking Collapsing Loud Stressing_1_62.wav,val
poaching,/Users/guidegiegg/งาน/โปรเจคเล็กๆ/PrePair_Sound/forest_sound_dataset/poaching/14_11405.wav,poaching/14_11405.wav,val
logging,/Users/guidegiegg/งาน/โปรเจคเล็กๆ/PrePair_Sound/forest_sound_dataset/logging/16_11649.wav,logging/16_11649.wav,val
poaching,/Users/guidegiegg/งาน/โปรเจคเล็กๆ/PrePair_Sound/forest_sound_dataset/poaching/14_11431.wav,poaching/14_11431.wav,val
logging,/Users/guidegiegg/งาน/โปรเจคเล็กๆ/PrePair_Sound/forest_sound_dataset/logging/16_11613.wav,logging/16_11613.wav,val
logging,/Users/guidegiegg/งาน/โปรเจคเล็กๆ/PrePair_Sound/forest_sound_dataset/logging/16_11628.wav,logging/16_11628.wav,val
natural sound,/Users/guidegiegg/งาน/โปรเจคเล็กๆ/PrePair_Sound/forest_sound_dataset/natural sound/if_necessary/20_12050.wav,natural sound/if_necessary/20_12050.wav,val
fire,/Users/guidegiegg/งาน/โปรเจคเล็กๆ/PrePair_Sound/forest_sound_dataset/fire/y2mate.com - DD Ambience  Building on Fire  Blaze Inferno Wood Cracking Collapsing Loud Stressing_1_69.wav,fire/y2mate.com - DD Ambience  Building on Fire  Blaze Inferno Wood Cracking Collapsing Loud Stressing_1_69.wav,val
logging,/Users/guidegiegg/งาน/โปรเจคเล็กๆ/PrePair_Sound/forest_sound_dataset/logging/10_11038.wav,logging/10_11038.wav,val
natural sound,/Users/guidegiegg/งาน/โปรเจคเล็กๆ/PrePair_Sound/forest_sound_dataset/natural sound/4_10467.wav,natural sound/4_10467.wav,val
logging,/Users/guidegiegg/งาน/โปรเจคเล็กๆ/PrePair_Sound/forest_sound_dataset/logging/11_11127.wav,logging/11_11127.wav,val
logging,/Users/guidegiegg/งาน/โปรเจคเล็กๆ/PrePair_Sound/forest_sound_dataset/logging/5-222524-A-41.wav,logging/5-222524-A-41.wav,val
natural sound,/Users/guidegiegg/งาน/โปรเจคเล็กๆ/PrePair_Sound/forest_sound_dataset/natural sound/26_12664.wav,natural sound/26_12664.wav,val
fire,/Users/guidegiegg/งาน/โปรเจคเล็กๆ/PrePair_Sound/forest_sound_dataset/fire/videoplayback_52.wav,fire/videoplayback_52.wav,val
natural sound,/Users/guidegiegg/งาน/โปรเจคเล็กๆ/PrePair_Sound/forest_sound_dataset/natural sound/if_necessary/18_11835.wav,natural sound/if_necessary/18_11835.wav,val
poaching,/Users/guidegiegg/งาน/โปรเจคเล็กๆ/PrePair_Sound/forest_sound_dataset/poaching/New folder/winchester-m14_010_SA_099A_S02.wav,poaching/New folder/winchester-m14_010_SA_099A_S02.wav,val
logging,/Users/guidegiegg/งาน/โปรเจคเล็กๆ/PrePair_Sound/forest_sound_dataset/logging/7_10767.wav,logging/7_10767.wav,val
logging,/Users/guidegiegg/งาน/โปรเจคเล็กๆ/PrePair_Sound/forest_sound_dataset/logging/11_11110.wav,logging/11_11110.wav,val
poaching,/Users/guidegiegg/งาน/โปรเจคเล็กๆ/PrePair_Sound/forest_sound_dataset/poaching/5C524E02_740b98c127-95ff-48bd-a62a-ee8418c168fd8d68c470-ecbc-45ec-982d-415d6d8d53c17cf1a7a4-1a79-4599-beb6-8be840ecb271.WAV,poaching/5C524E02_740b98c127-95ff-48bd-a62a-ee8418c168fd8d68c470-ecbc-45ec-982d-415d6d8d53c17cf1a7a4-1a79-4599-beb6-8be840ecb271.WAV,val
fire,/Users/guidegiegg/งาน/โปรเจคเล็กๆ/PrePair_Sound/forest_sound_dataset/fire/1_10145.wav,fire/1_10145.wav,val
natural sound,/Users/guidegiegg/งาน/โปรเจคเล็กๆ/PrePair_Sound/forest_sound_dataset/natural sound/27_12761.wav,natural sound/27_12761.wav,val
poaching,/Users/guidegiegg/งาน/โปรเจคเล็กๆ/PrePair_Sound/forest_sound_dataset/poaching/5C22DAA5_53455d6df2-5153-4113-8728-4ab44237485685e2fd01-b785-4648-8412-6fa42c0dc7eaa4a00217-c03c-48e6-a1bc-11aec4be9545.WAV,poaching/5C22DAA5_53455d6df2-5153-4113-8728-4ab44237485685e2fd01-b785-4648-8412-6fa42c0dc7eaa4a00217-c03c-48e6-a1bc-11aec4be9545.WAV,val
poaching,/Users/guidegiegg/งาน/โปรเจคเล็กๆ/PrePair_Sound/forest_sound_dataset/poaching/5C035C9D_984e2ee0b-ab99-4aa4-84ca-614bae48d53afae72dd8-c6a7-40c3-92c1-d39f79c7aff05e026436-fe0e-4ed9-a987-350f3cca9e7c.WAV,poaching/5C035C9D_984e2ee0b-ab99-4aa4-84ca-614bae48d53afae72dd8-c6a7-40c3-92c1-d39f79c7aff05e026436-fe0e-4ed9-a987-350f3cca9e7c.WAV,val
poaching,/Users/guidegiegg/งาน/โปรเจคเล็กๆ/PrePair_Sound/forest_sound_dataset/poaching/5B792C95_14a90f245-cd8a-46ef-adf0-71fe114fe4e954873d49-aadc-4909-a1fc-cff46036dfe5984e6bb2-1b75-4b07-a4f3-7084069d5f82.WAV,poaching/5B792C95_14a90f245-cd8a-46ef-adf0-71fe114fe4e954873d49-aadc-4909-a1fc-cff46036dfe5984e6bb2-1b75-4b07-a4f3-7084069d5f82.WAV,val
poaching,/Users/guidegiegg/งาน/โปรเจคเล็กๆ/PrePair_Sound/forest_sound_dataset/poaching/5C018724_60acc473dc-b0ba-4fde-af1e-a180efeae878132e0e55-fac5-45db-ae62-ae0307807a6dba84128f-01f1-489d-8b4f-a06a407b66ff.WAV,poaching/5C018724_60acc473dc-b0ba-4fde-af1e-a180efeae878132e0e55-fac5-45db-ae62-ae0307807a6dba84128f-01f1-489d-8b4f-a06a407b66ff.WAV,val
poaching,/Users/guidegiegg/งาน/โปรเจคเล็กๆ/PrePair_Sound/forest_sound_dataset/poaching/14_11458.wav,poaching/14_11458.wav,val
logging,/Users/guidegiegg/งาน/โปรเจคเล็กๆ/PrePair_Sound/forest_sound_dataset/logging/1-19898-B-41.wav,logging/1-19898-B-41.wav,val
natural sound,/Users/guidegiegg/งาน/โปรเจคเล็กๆ/PrePair_Sound/forest_sound_dataset/natural sound/4_10401.wav,natural sound/4_10401.wav,val
natural sound,/Users/guidegiegg/งาน/โปรเจคเล็กๆ/PrePair_Sound/forest_sound_dataset/natural sound/21_12135.wav,natural sound/21_12135.wav,val
natural sound,/Users/guidegiegg/งาน/โปรเจคเล็กๆ/PrePair_Sound/forest_sound_dataset/natural sound/27_12771.wav,natural sound/27_12771.wav,val
logging,/Users/guidegiegg/งาน/โปรเจคเล็กๆ/PrePair_Sound/forest_sound_dataset/logging/7_10728.wav,logging/7_10728.wav,val
natural sound,/Users/guidegiegg/งาน/โปรเจคเล็กๆ/PrePair_Sound/forest_sound_dataset/natural sound/9_10916.wav,natural sound/9_10916.wav,val
natural sound,/Users/guidegiegg/งาน/โปรเจคเล็กๆ/PrePair_Sound/forest_sound_dataset/natural sound/23_12373.wav,natural sound/23_12373.wav,val
logging,/Users/guidegiegg/งาน/โปรเจคเล็กๆ/PrePair_Sound/forest_sound_dataset/logging/11_11103.wav,logging/11_11103.wav,val
logging,/Users/guidegiegg/งาน/โปรเจคเล็กๆ/PrePair_Sound/forest_sound_dataset/logging/13_11357.wav,logging/13_11357.wav,val
natural sound,/Users/guidegiegg/งาน/โปรเจคเล็กๆ/PrePair_Sound/forest_sound_dataset/natural sound/21_12105.wav,natural sound/21_12105.wav,val
natural sound,/Users/guidegiegg/งาน/โปรเจคเล็กๆ/PrePair_Sound/forest_sound_dataset/natural sound/26_12630.wav,natural sound/26_12630.wav,val
natural sound,/Users/guidegiegg/งาน/โปรเจคเล็กๆ/PrePair_Sound/forest_sound_dataset/natural sound/9_10922.wav,natural sound/9_10922.wav,val
natural sound,/Users/guidegiegg/งาน/โปรเจคเล็กๆ/PrePair_Sound/forest_sound_dataset/natural sound/8_10872.wav,natural sound/8_10872.wav,val
natural sound,/Users/guidegiegg/งาน/โปรเจคเล็กๆ/PrePair_Sound/forest_sound_dataset/natural sound/2_10216.wav,natural sound/2_10216.wav,val
fire,/Users/guidegiegg/งาน/โปรเจคเล็กๆ/PrePair_Sound/forest_sound_dataset/fire/y2mate.com - DD Ambience  Building on Fire  Blaze Inferno Wood Cracking Collapsing Loud Stressing_72.wav,fire/y2mate.com - DD Ambience  Building on Fire  Blaze Inferno Wood Cracking Collapsing Loud Stressing_72.wav,val
poaching,/Users/guidegiegg/งาน/โปรเจคเล็กๆ/PrePair_Sound/forest_sound_dataset/poaching/15_11539.wav,poaching/15_11539.wav,val
fire,/Users/guidegiegg/งาน/โปรเจคเล็กๆ/PrePair_Sound/forest_sound_dataset/fire/1_10114.wav,fire/1_10114.wav,val
fire,/Users/guidegiegg/งาน/โปรเจคเล็กๆ/PrePair_Sound/forest_sound_dataset/fire/y2mate.com - DD Ambience  Building on Fire  Blaze Inferno Wood Cracking Collapsing Loud Stressing_1_65.wav,fire/y2mate.com - DD Ambience  Building on Fire  Blaze Inferno Wood Cracking Collapsing Loud Stressing_1_65.wav,val
natural sound,/Users/guidegiegg/งาน/โปรเจคเล็กๆ/PrePair_Sound/forest_sound_dataset/natural sound/27_12769.wav,natural sound/27_12769.wav,val
natural sound,/Users/guidegiegg/งาน/โปรเจคเล็กๆ/PrePair_Sound/forest_sound_dataset/natural sound/2_10252.wav,natural sound/2_10252.wav,val
poaching,/Users/guidegiegg/งาน/โปรเจคเล็กๆ/PrePair_Sound/forest_sound_dataset/poaching/5B8B3B2F_27454d2afe-ac5e-4ec3-8293-75cf0149d8b4d3d7a58e-27ba-4f40-a2dc-eb36bbad107d1362bbd7-e086-4324-b108-1f7598322aab.WAV,poaching/5B8B3B2F_27454d2afe-ac5e-4ec3-8293-75cf0149d8b4d3d7a58e-27ba-4f40-a2dc-eb36bbad107d1362bbd7-e086-4324-b108-1f7598322aab.WAV,val
logging,/Users/guidegiegg/งาน/โปรเจคเล็กๆ/PrePair_Sound/forest_sound_dataset/logging/16_11631.wav,logging/16_11631.wav,val
logging,/Users/guidegiegg/งาน/โปรเจคเล็กๆ/PrePair_Sound/forest_sound_dataset/logging/11_11131.wav,logging/11_11131.wav,val
poaching,/Users/guidegiegg/งาน/โปรเจคเล็กๆ/PrePair_Sound/forest_sound_dataset/poaching/5BF33BB2_2688c75dc7-2b95-4004-9f38-5b5039026559c0dcc788-1808-45b0-be2d-17fb2700f36a4b9f68ec-4f5c-407a-abcb-50a1d3019c80.WAV,poaching/5BF33BB2_2688c75dc7-2b95-4004-9f38-5b5039026559c0dcc788-1808-45b0-be2d-17fb2700f36a4b9f68ec-4f5c-407a-abcb-50a1d3019c80.WAV,val
logging,/Users/guidegiegg/งาน/โปรเจคเล็กๆ/PrePair_Sound/forest_sound_dataset/logging/7_10766.wav,logging/7_10766.wav,val
fire,/Users/guidegiegg/งาน/โปรเจคเล็กๆ/PrePair_Sound/forest_sound_dataset/fire/y2mate.com - DD Ambience  Building on Fire  Blaze Inferno Wood Cracking Collapsing Loud Stressing_1_68.wav,fire/y2mate.com - DD Ambience  Building on Fire  Blaze Inferno Wood Cracking Collapsing Loud Stressing_1_68.wav,val
natural sound,/Users/guidegiegg/งาน/โปรเจคเล็กๆ/PrePair_Sound/forest_sound_dataset/natural sound/25_12534.wav,natural sound/25_12534.wav,val
natural sound,/Users/guidegiegg/งาน/โปรเจคเล็กๆ/PrePair_Sound/forest_sound_dataset/natural sound/if_necessary/17_11739.wav,natural sound/if_necessary/17_11739.wav,val
natural sound,/Users/guidegiegg/งาน/โปรเจคเล็กๆ/PrePair_Sound/forest_sound_dataset/natural sound/8_10823.wav,natural sound/8_10823.wav,val
logging,/Users/guidegiegg/งาน/โปรเจคเล็กๆ/PrePair_Sound/forest_sound_dataset/logging/5-216370-B-41.wav,logging/5-216370-B-41.wav,val
natural sound,/Users/guidegiegg/งาน/โปรเจคเล็กๆ/PrePair_Sound/forest_sound_dataset/natural sound/if_necessary/20_12002.wav,natural sound/if_necessary/20_12002.wav,val
natural sound,/Users/guidegiegg/งาน/โปรเจคเล็กๆ/PrePair_Sound/forest_sound_dataset/natural sound/if_necessary/18_11815.wav,natural sound/if_necessary/18_11815.wav,val
poaching,/Users/guidegiegg/งาน/โปรเจคเล็กๆ/PrePair_Sound/forest_sound_dataset/poaching/5C7C8703_823df1c1f4-f6d3-4cdc-80b5-52a04a3c92868bcfefbd-953a-4447-b033-636e887eb8ee9589b7b8-7b4a-4860-b7aa-77be5da0a3b3.WAV,poaching/5C7C8703_823df1c1f4-f6d3-4cdc-80b5-52a04a3c92868bcfefbd-953a-4447-b033-636e887eb8ee9589b7b8-7b4a-4860-b7aa-77be5da0a3b3.WAV,val
natural sound,/Users/guidegiegg/งาน/โปรเจคเล็กๆ/PrePair_Sound/forest_sound_dataset/natural sound/22_12263.wav,natural sound/22_12263.wav,val
natural sound,/Users/guidegiegg/งาน/โปรเจคเล็กๆ/PrePair_Sound/forest_sound_dataset/natural sound/23_12338.wav,natural sound/23_12338.wav,val
natural sound,/Users/guidegiegg/งาน/โปรเจคเล็กๆ/PrePair_Sound/forest_sound_dataset/natural sound/4_10424.wav,natural sound/4_10424.wav,val
logging,/Users/guidegiegg/งาน/โปรเจคเล็กๆ/PrePair_Sound/forest_sound_dataset/logging/10_11042.wav,logging/10_11042.wav,val
fire,/Users/guidegiegg/งาน/โปรเจคเล็กๆ/PrePair_Sound/forest_sound_dataset/fire/y2mate.com - DD Ambience  Building on Fire  Blaze Inferno Wood Cracking Collapsing Loud Stressing_25.wav,fire/y2mate.com - DD Ambience  Building on Fire  Blaze Inferno Wood Cracking Collapsing Loud Stressing_25.wav,val
natural sound,/Users/guidegiegg/งาน/โปรเจคเล็กๆ/PrePair_Sound/forest_sound_dataset/natural sound/if_necessary/18_11849.wav,natural sound/if_necessary/18_11849.wav,val
poaching,/Users/guidegiegg/งาน/โปรเจคเล็กๆ/PrePair_Sound/forest_sound_dataset/poaching/58FBD381df70a5ac-6a74-4629-ae9b-282d4c4949f6.WAV,poaching/58FBD381df70a5ac-6a74-4629-ae9b-282d4c4949f6.WAV,val
natural sound,/Users/guidegiegg/งาน/โปรเจคเล็กๆ/PrePair_Sound/forest_sound_dataset/natural sound/21_12115.wav,natural sound/21_12115.wav,val
natural sound,/Users/guidegiegg/งาน/โปรเจคเล็กๆ/PrePair_Sound/forest_sound_dataset/natural sound/8_10810.wav,natural sound/8_10810.wav,val
natural sound,/Users/guidegiegg/งาน/โปรเจคเล็กๆ/PrePair_Sound/forest_sound_dataset/natural sound/22_12259.wav,natural sound/22_12259.wav,val
natural sound,/Users/guidegiegg/งาน/โปรเจคเล็กๆ/PrePair_Sound/forest_sound_dataset/natural sound/9_10939.wav,natural sound/9_10939.wav,val
poaching,/Users/guidegiegg/งาน/โปรเจคเล็กๆ/PrePair_Sound/forest_sound_dataset/poaching/5C035CFF_787de4f93-9e63-46e3-8caf-457deb749c538806b46e-564d-4732-970d-2c78d42d12b5ae0f5ce2-cb6a-441c-b440-8914b656706d.WAV,poaching/5C035CFF_787de4f93-9e63-46e3-8caf-457deb749c538806b46e-564d-4732-970d-2c78d42d12b5ae0f5ce2-cb6a-441c-b440-8914b656706d.WAV,val
fire,/Users/guidegiegg/งาน/โปรเจคเล็กๆ/PrePair_Sound/forest_sound_dataset/fire/y2mate.com - DD Ambience  Building on Fire  Blaze Inferno Wood Cracking Collapsing Loud Stressing_1_28.wav,fire/y2mate.com - DD Ambience  Building on Fire  Blaze Inferno Wood Cracking Collapsing Loud Stressing_1_28.wav,val
natural sound,/Users/guidegiegg/งาน/โปรเจคเล็กๆ/PrePair_Sound/forest_sound_dataset/natural sound/9_10967.wav,natural sound/9_10967.wav,val
poaching,/Users/guidegiegg/งาน/โปรเจคเล็กๆ/PrePair_Sound/forest_sound_dataset/poaching/15_11522.wav,poaching/15_11522.wav,val
fire,/Users/guidegiegg/งาน/โปรเจคเล็กๆ/PrePair_Sound/forest_sound_dataset/fire/videoplayback_17.wav,fire/videoplayback_17.wav,val
fire,/Users/guidegiegg/งาน/โปรเจคเล็กๆ/PrePair_Sound/forest_sound_dataset/fire/2-30322-B-12.wav,fire/2-30322-B-12.wav,val
poaching,/Users/guidegiegg/งาน/โปรเจคเล็กๆ/PrePair_Sound/forest_sound_dataset/poaching/5C2ABC40_61eb570d3f-b712-44d2-b74b-24d5a6600cb3a4a00ad5-2bc4-4ad7-9360-4ff68f2d9f92c07345bc-6f0a-4c4e-abe5-521afba935cf.WAV,poaching/5C2ABC40_61eb570d3f-b712-44d2-b74b-24d5a6600cb3a4a00ad5-2bc4-4ad7-9360-4ff68f2d9f92c07345bc-6f0a-4c4e-abe5-521afba935cf.WAV,val
poaching,/Users/guidegiegg/งาน/โปรเจคเล็กๆ/PrePair_Sound/forest_sound_dataset/poaching/5B870D1A_16e84ab0a7-80e1-4f1a-910b-584544c988cf2143fc82-b54b-4ae2-a0e5-8a40e3c17f984cbc706d-4c43-474f-bf41-58263b40c652.WAV,poaching/5B870D1A_16e84ab0a7-80e1-4f1a-910b-584544c988cf2143fc82-b54b-4ae2-a0e5-8a40e3c17f984cbc706d-4c43-474f-bf41-58263b40c652.WAV,val
natural sound,/Users/guidegiegg/งาน/โปรเจคเล็กๆ/PrePair_Sound/forest_sound_dataset/natural sound/if_necessary/18_11841.wav,natural sound/if_necessary/18_11841.wav,val
logging,/Users/guidegiegg/งาน/โปรเจคเล็กๆ/PrePair_Sound/forest_sound_dataset/logging/10_11047.wav,logging/10_11047.wav,val
natural sound,/Users/guidegiegg/งาน/โปรเจคเล็กๆ/PrePair_Sound/forest_sound_dataset/natural sound/if_necessary/17_11730.wav,natural sound/if_necessary/17_11730.wav,val
poaching,/Users/guidegiegg/งาน/โปรเจคเล็กๆ/PrePair_Sound/forest_sound_dataset/poaching/New folder/winchester-m14_006_SA_099B_S06.wav,poaching/New folder/winchester-m14_006_SA_099B_S06.wav,val
natural sound,/Users/guidegiegg/งาน/โปรเจคเล็กๆ/PrePair_Sound/forest_sound_dataset/natural sound/4_10404.wav,natural sound/4_10404.wav,val
poaching,/Users/guidegiegg/งาน/โปรเจคเล็กๆ/PrePair_Sound/forest_sound_dataset/poaching/5B1F4139_56d4511d7-b343-4960-bc53-5d945cdc97fdb1a90d61-e24b-4f66-acc4-527435d2e0b559ffcda8-a81b-45eb-b3b6-a90b299acd97.WAV,poaching/5B1F4139_56d4511d7-b343-4960-bc53-5d945cdc97fdb1a90d61-e24b-4f66-acc4-527435d2e0b559ffcda8-a81b-45eb-b3b6-a90b299acd97.WAV,val
poaching,/Users/guidegiegg/งาน/โปรเจคเล็กๆ/PrePair_Sound/forest_sound_dataset/poaching/5C6462C2_299f5eceb0-5b25-4a86-a722-8887e8e875418ab1338d-8ce0-4433-ac26-9e06b2bd6c41fd30a25f-6954-4202-896d-6e174a851b4f.WAV,poaching/5C6462C2_299f5eceb0-5b25-4a86-a722-8887e8e875418ab1338d-8ce0-4433-ac26-9e06b2bd6c41fd30a25f-6954-4202-896d-6e174a851b4f.WAV,val
poaching,/Users/guidegiegg/งาน/โปรเจคเล็กๆ/PrePair_Sound/forest_sound_dataset/poaching/5BE216A5_131d720a98-443b-4f7b-ac58-35181aeb458e2e6b3e9a-380e-4e8b-880e-90b22e71312539c1cd5e-7efd-42bc-8e6b-a0e7735665eb.WAV,poaching/5BE216A5_131d720a98-443b-4f7b-ac58-35181aeb458e2e6b3e9a-380e-4e8b-880e-90b22e71312539c1cd5e-7efd-42bc-8e6b-a0e7735665eb.WAV,val
natural sound,/Users/guidegiegg/งาน/โปรเจคเล็กๆ/PrePair_Sound/forest_sound_dataset/natural sound/2_10255.wav,natural sound/2_10255.wav,val
natural sound,/Users/guidegiegg/งาน/โปรเจคเล็กๆ/PrePair_Sound/forest_sound_dataset/natural sound/24_12451.wav,natural sound/24_12451.wav,val
natural sound,/Users/guidegiegg/งาน/โปรเจคเล็กๆ/PrePair_Sound/forest_sound_dataset/natural sound/9_10962.wav,natural sound/9_10962.wav,val
natural sound,/Users/guidegiegg/งาน/โปรเจคเล็กๆ/PrePair_Sound/forest_sound_dataset/natural sound/25_12521.wav,natural sound/25_12521.wav,val
natural sound,/Users/guidegiegg/งาน/โปรเจคเล็กๆ/PrePair_Sound/forest_sound_dataset/natural sound/2_10236.wav,natural sound/2_10236.wav,val
poaching,/Users/guidegiegg/งาน/โปรเจคเล็กๆ/PrePair_Sound/forest_sound_dataset/poaching/New folder/m16_007_SA_217A_S04.wav,poaching/New folder/m16_007_SA_217A_S04.wav,val
natural sound,/Users/guidegiegg/งาน/โปรเจคเล็กๆ/PrePair_Sound/forest_sound_dataset/natural sound/3_10352.wav,natural sound/3_10352.wav,val
poaching,/Users/guidegiegg/งาน/โปรเจคเล็กๆ/PrePair_Sound/forest_sound_dataset/poaching/5B196157_135a96c201-d800-4b74-9305-4225be042677c6288831-ab25-414e-8abe-a8c250e677c453898990-d62c-4235-9624-b5df0b185e06.WAV,poaching/5B196157_135a96c201-d800-4b74-9305-4225be042677c6288831-ab25-414e-8abe-a8c250e677c453898990-d62c-4235-9624-b5df0b185e06.WAV,val
poaching,/Users/guidegiegg/งาน/โปรเจคเล็กๆ/PrePair_Sound/forest_sound_dataset/poaching/5C5C8162_265b53d841-b067-471d-a266-fd06b15f95688ce770b2-ef4e-4777-87f0-1b922a54c383df7c55d9-dfd7-49d1-aff1-30230112d113.WAV,poaching/5C5C8162_265b53d841-b067-471d-a266-fd06b15f95688ce770b2-ef4e-4777-87f0-1b922a54c383df7c55d9-dfd7-49d1-aff1-30230112d113.WAV,val
natural sound,/Users/guidegiegg/งาน/โปรเจคเล็กๆ/PrePair_Sound/forest_sound_dataset/natural sound/4_10460.wav,natural sound/4_10460.wav,val
natural sound,/Users/guidegiegg/งาน/โปรเจคเล็กๆ/PrePair_Sound/forest_sound_dataset/natural sound/if_necessary/17_11717.wav,natural sound/if_necessary/17_11717.wav,val
natural sound,/Users/guidegiegg/งาน/โปรเจคเล็กๆ/PrePair_Sound/forest_sound_dataset/natural sound/6_10613.wav,natural sound/6_10613.wav,val
natural sound,/Users/guidegiegg/งาน/โปรเจคเล็กๆ/PrePair_Sound/forest_sound_dataset/natural sound/2_10212.wav,natural sound/2_10212.wav,val
natural sound,/Users/guidegiegg/งาน/โปรเจคเล็กๆ/PrePair_Sound/forest_sound_dataset/natural sound/4_10458.wav,natural sound/4_10458.wav,val
natural sound,/Users/guidegiegg/งาน/โปรเจคเล็กๆ/PrePair_Sound/forest_sound_dataset/natural sound/3_10370.wav,natural sound/3_10370.wav,val
logging,/Users/guidegiegg/งาน/โปรเจคเล็กๆ/PrePair_Sound/forest_sound_dataset/logging/13_11314.wav,logging/13_11314.wav,val
natural sound,/Users/guidegiegg/งาน/โปรเจคเล็กๆ/PrePair_Sound/forest_sound_dataset/natural sound/23_12374.wav,natural sound/23_12374.wav,val
natural sound,/Users/guidegiegg/งาน/โปรเจคเล็กๆ/PrePair_Sound/forest_sound_dataset/natural sound/8_10875.wav,natural sound/8_10875.wav,val
natural sound,/Users/guidegiegg/งาน/โปรเจคเล็กๆ/PrePair_Sound/forest_sound_dataset/natural sound/8_10835.wav,natural sound/8_10835.wav,val
logging,/Users/guidegiegg/งาน/โปรเจคเล็กๆ/PrePair_Sound/forest_sound_dataset/logging/2-50668-A-41.wav,logging/2-50668-A-41.wav,val
poaching,/Users/guidegiegg/งาน/โปรเจคเล็กๆ/PrePair_Sound/forest_sound_dataset/poaching/5B5F2556_757b4cad2-0c47-4087-97ab-f3dd0dd8fa16b49bf955-2e95-4b8c-9a1b-052081e9b85b05a50ff5-a154-4178-926d-626670721516.WAV,poaching/5B5F2556_757b4cad2-0c47-4087-97ab-f3dd0dd8fa16b49bf955-2e95-4b8c-9a1b-052081e9b85b05a50ff5-a154-4178-926d-626670721516.WAV,val
natural sound,/Users/guidegiegg/งาน/โปรเจคเล็กๆ/PrePair_Sound/forest_sound_dataset/natural sound/22_12208.wav,natural sound/22_12208.wav,val
natural sound,/Users/guidegiegg/งาน/โปรเจคเล็กๆ/PrePair_Sound/forest_sound_dataset/natural sound/26_12603.wav,natural sound/26_12603.wav,val
natural sound,/Users/guidegiegg/งาน/โปรเจคเล็กๆ/PrePair_Sound/forest_sound_dataset/natural sound/24_12442.wav,natural sound/24_12442.wav,val
natural sound,/Users/guidegiegg/งาน/โปรเจคเล็กๆ/PrePair_Sound/forest_sound_dataset/natural sound/9_10936.wav,natural sound/9_10936.wav,val
natural sound,/Users/guidegiegg/งาน/โปรเจคเล็กๆ/PrePair_Sound/forest_sound_dataset/natural sound/if_necessary/19_11972.wav,natural sound/if_necessary/19_11972.wav,val
natural sound,/Users/guidegiegg/งาน/โปรเจคเล็กๆ/PrePair_Sound/forest_sound_dataset/natural sound/9_10937.wav,natural sound/9_10937.wav,val
natural sound,/Users/guidegiegg/งาน/โปรเจคเล็กๆ/PrePair_Sound/forest_sound_dataset/natural sound/if_necessary/20_12055.wav,natural sound/if_necessary/20_12055.wav,val
natural sound,/Users/guidegiegg/งาน/โปรเจคเล็กๆ/PrePair_Sound/forest_sound_dataset/natural sound/2_10210.wav,natural sound/2_10210.wav,val
natural sound,/Users/guidegiegg/งาน/โปรเจคเล็กๆ/PrePair_Sound/forest_sound_dataset/natural sound/8_10856.wav,natural sound/8_10856.wav,val
natural sound,/Users/guidegiegg/งาน/โปรเจคเล็กๆ/PrePair_Sound/forest_sound_dataset/natural sound/24_12475.wav,natural sound/24_12475.wav,val
natural sound,/Users/guidegiegg/งาน/โปรเจคเล็กๆ/PrePair_Sound/forest_sound_dataset/natural sound/23_12363.wav,natural sound/23_12363.wav,val
fire,/Users/guidegiegg/งาน/โปรเจคเล็กๆ/PrePair_Sound/forest_sound_dataset/fire/y2mate.com - DD Ambience  Building on Fire  Blaze Inferno Wood Cracking Collapsing Loud Stressing_1_64.wav,fire/y2mate.com - DD Ambience  Building on Fire  Blaze Inferno Wood Cracking Collapsing Loud Stressing_1_64.wav,val
natural sound,/Users/guidegiegg/งาน/โปรเจคเล็กๆ/PrePair_Sound/forest_sound_dataset/natural sound/4_10422.wav,natural sound/4_10422.wav,val
poaching,/Users/guidegiegg/งาน/โปรเจคเล็กๆ/PrePair_Sound/forest_sound_dataset/poaching/New folder/sig-p225_004_SA_190D_S03.wav,poaching/New folder/sig-p225_004_SA_190D_S03.wav,val
poaching,/Users/guidegiegg/งาน/โปรเจคเล็กๆ/PrePair_Sound/forest_sound_dataset/poaching/15_11568.wav,poaching/15_11568.wav,val
poaching,/Users/guidegiegg/งาน/โปรเจคเล็กๆ/PrePair_Sound/forest_sound_dataset/poaching/5B47DB32_15380d3fae-ac5d-4cd8-8703-34044b1afd634f648727-124b-4b8d-88d1-948318db174bd0095455-b439-4c19-b094-e9cb83b79557.WAV,poaching/5B47DB32_15380d3fae-ac5d-4cd8-8703-34044b1afd634f648727-124b-4b8d-88d1-948318db174bd0095455-b439-4c19-b094-e9cb83b79557.WAV,val
natural sound,/Users/guidegiegg/งาน/โปรเจคเล็กๆ/PrePair_Sound/forest_sound_dataset/natural sound/23_12370.wav,natural sound/23_12370.wav,val
natural sound,/Users/guidegiegg/งาน/โปรเจคเล็กๆ/PrePair_Sound/forest_sound_dataset/natural sound/6_10661.wav,natural sound/6_10661.wav,val
natural sound,/Users/guidegiegg/งาน/โปรเจคเล็กๆ/PrePair_Sound/forest_sound_dataset/natural sound/21_12156.wav,natural sound/21_12156.wav,val
natural sound,/Users/guidegiegg/งาน/โปรเจคเล็กๆ/PrePair_Sound/forest_sound_dataset/natural sound/21_12138.wav,natural sound/21_12138.wav,val
poaching,/Users/guidegiegg/งาน/โปรเจคเล็กๆ/PrePair_Sound/forest_sound_dataset/poaching/58FBBDC0596cbd27-a153-4903-8a73-d2a8ba97aec6.WAV,poaching/58FBBDC0596cbd27-a153-4903-8a73-d2a8ba97aec6.WAV,val
poaching,/Users/guidegiegg/งาน/โปรเจคเล็กๆ/PrePair_Sound/forest_sound_dataset/poaching/New folder/sig-p225_022_SA_090A_S02.wav,poaching/New folder/sig-p225_022_SA_090A_S02.wav,val
poaching,/Users/guidegiegg/งาน/โปรเจคเล็กๆ/PrePair_Sound/forest_sound_dataset/poaching/5B88A628_23e11e1331-2ccd-4063-bea8-586ef1ff2ece9a2ae77b-9e46-44d6-becd-05f8cc148776e7a9d340-a9d3-4979-a21a-f3a0e6ac375a.WAV,poaching/5B88A628_23e11e1331-2ccd-4063-bea8-586ef1ff2ece9a2ae77b-9e46-44d6-becd-05f8cc148776e7a9d340-a9d3-4979-a21a-f3a0e6ac375a.WAV,val
poaching,/Users/guidegiegg/งาน/โปรเจคเล็กๆ/PrePair_Sound/forest_sound_dataset/poaching/58FBBD40b226dd58-51a2-4cdc-b0be-9114f90f4d31.WAV,poaching/58FBBD40b226dd58-51a2-4cdc-b0be-9114f90f4d31.WAV,val
poaching,/Users/guidegiegg/งาน/โปรเจคเล็กๆ/PrePair_Sound/forest_sound_dataset/poaching/5B5E6B39_13b950acc-0217-4514-9a71-d5abc3d6475e102e6ec3-9001-47e2-b1dd-c94a528f75591a2f7791-7774-4c9a-9c63-e3784fa7b230.WAV,poaching/5B5E6B39_13b950acc-0217-4514-9a71-d5abc3d6475e102e6ec3-9001-47e2-b1dd-c94a528f75591a2f7791-7774-4c9a-9c63-e3784fa7b230.WAV,val
natural sound,/Users/guidegiegg/งาน/โปรเจคเล็กๆ/PrePair_Sound/forest_sound_dataset/natural sound/24_12405.wav,natural sound/24_12405.wav,val
natural sound,/Users/guidegiegg/งาน/โปรเจคเล็กๆ/PrePair_Sound/forest_sound_dataset/natural sound/4_10451.wav,natural sound/4_10451.wav,val
natural sound,/Users/guidegiegg/งาน/โปรเจคเล็กๆ/PrePair_Sound/forest_sound_dataset/natural sound/4_10447.wav,natural sound/4_10447.wav,val
logging,/Users/guidegiegg/งาน/โปรเจคเล็กๆ/PrePair_Sound/forest_sound_dataset/logging/3-118972-B-41.wav,logging/3-118972-B-41.wav,val
natural sound,/Users/guidegiegg/งาน/โปรเจคเล็กๆ/PrePair_Sound/forest_sound_dataset/natural sound/if_necessary/20_12009.wav,natural sound/if_necessary/20_12009.wav,val
natural sound,/Users/guidegiegg/งาน/โปรเจคเล็กๆ/PrePair_Sound/forest_sound_dataset/natural sound/if_necessary/20_12064.wav,natural sound/if_necessary/20_12064.wav,val
poaching,/Users/guidegiegg/งาน/โปรเจคเล็กๆ/PrePair_Sound/forest_sound_dataset/poaching/New folder/m16_006_SA_217A_S03.wav,poaching/New folder/m16_006_SA_217A_S03.wav,val
natural sound,/Users/guidegiegg/งาน/โปรเจคเล็กๆ/PrePair_Sound/forest_sound_dataset/natural sound/2_10205.wav,natural sound/2_10205.wav,val
poaching,/Users/guidegiegg/งาน/โปรเจคเล็กๆ/PrePair_Sound/forest_sound_dataset/poaching/5C7C86FF_810850ca06-f1f4-4159-b67d-398c7dbd279b91f7c06a-9d8f-4fad-a88a-dceda0da9836778e1619-6de6-4f9e-9e14-5332e23225c4.WAV,poaching/5C7C86FF_810850ca06-f1f4-4159-b67d-398c7dbd279b91f7c06a-9d8f-4fad-a88a-dceda0da9836778e1619-6de6-4f9e-9e14-5332e23225c4.WAV,val
natural sound,/Users/guidegiegg/งาน/โปรเจคเล็กๆ/PrePair_Sound/forest_sound_dataset/natural sound/if_necessary/19_11942.wav,natural sound/if_necessary/19_11942.wav,val
natural sound,/Users/guidegiegg/งาน/โปรเจคเล็กๆ/PrePair_Sound/forest_sound_dataset/natural sound/4_10462.wav,natural sound/4_10462.wav,val
natural sound,/Users/guidegiegg/งาน/โปรเจคเล็กๆ/PrePair_Sound/forest_sound_dataset/natural sound/5_10541.wav,natural sound/5_10541.wav,val
logging,/Users/guidegiegg/งาน/โปรเจคเล็กๆ/PrePair_Sound/forest_sound_dataset/logging/11_11115.wav,logging/11_11115.wav,val
fire,/Users/guidegiegg/งาน/โปรเจคเล็กๆ/PrePair_Sound/forest_sound_dataset/fire/y2mate.com - DD Ambience  Building on Fire  Blaze Inferno Wood Cracking Collapsing Loud Stressing_52.wav,fire/y2mate.com - DD Ambience  Building on Fire  Blaze Inferno Wood Cracking Collapsing Loud Stressing_52.wav,val
logging,/Users/guidegiegg/งาน/โปรเจคเล็กๆ/PrePair_Sound/forest_sound_dataset/logging/16_11658.wav,logging/16_11658.wav,val
natural sound,/Users/guidegiegg/งาน/โปรเจคเล็กๆ/PrePair_Sound/forest_sound_dataset/natural sound/if_necessary/18_11804.wav,natural sound/if_necessary/18_11804.wav,val
natural sound,/Users/guidegiegg/งาน/โปรเจคเล็กๆ/PrePair_Sound/forest_sound_dataset/natural sound/3_10353.wav,natural sound/3_10353.wav,val
natural sound,/Users/guidegiegg/งาน/โปรเจคเล็กๆ/PrePair_Sound/forest_sound_dataset/natural sound/if_necessary/17_11771.wav,natural sound/if_necessary/17_11771.wav,val
fire,/Users/guidegiegg/งาน/โปรเจคเล็กๆ/PrePair_Sound/forest_sound_dataset/fire/y2mate.com - DD Ambience  Building on Fire  Blaze Inferno Wood Cracking Collapsing Loud Stressing_1_06.wav,fire/y2mate.com - DD Ambience  Building on Fire  Blaze Inferno Wood Cracking Collapsing Loud Stressing_1_06.wav,val
poaching,/Users/guidegiegg/งาน/โปรเจคเล็กๆ/PrePair_Sound/forest_sound_dataset/poaching/58FBC50118e60869-4cc8-42dc-82e8-bd6bb719cfed.WAV,poaching/58FBC50118e60869-4cc8-42dc-82e8-bd6bb719cfed.WAV,val
logging,/Users/guidegiegg/งาน/โปรเจคเล็กๆ/PrePair_Sound/forest_sound_dataset/logging/7_10751.wav,logging/7_10751.wav,val
natural sound,/Users/guidegiegg/งาน/โปรเจคเล็กๆ/PrePair_Sound/forest_sound_dataset/natural sound/9_10970.wav,natural sound/9_10970.wav,val
poaching,/Users/guidegiegg/งาน/โปรเจคเล็กๆ/PrePair_Sound/forest_sound_dataset/poaching/5B889931_11da9b6e57-cf8b-4752-a63c-e57ded5b327d63b30345-9462-42ee-9aa8-4ee7476cc11aa84de365-9b4d-4de1-865e-c2e4ff453ae8.WAV,poaching/5B889931_11da9b6e57-cf8b-4752-a63c-e57ded5b327d63b30345-9462-42ee-9aa8-4ee7476cc11aa84de365-9b4d-4de1-865e-c2e4ff453ae8.WAV,val
natural sound,/Users/guidegiegg/งาน/โปรเจคเล็กๆ/PrePair_Sound/forest_sound_dataset/natural sound/23_12314.wav,natural sound/23_12314.wav,val
logging,/Users/guidegiegg/งาน/โปรเจคเล็กๆ/PrePair_Sound/forest_sound_dataset/logging/10_11073.wav,logging/10_11073.wav,val
natural sound,/Users/guidegiegg/งาน/โปรเจคเล็กๆ/PrePair_Sound/forest_sound_dataset/natural sound/6_10606.wav,natural sound/6_10606.wav,val
poaching,/Users/guidegiegg/งาน/โปรเจคเล็กๆ/PrePair_Sound/forest_sound_dataset/poaching/15_11529.wav,poaching/15_11529.wav,val
poaching,/Users/guidegiegg/งาน/โปรเจคเล็กๆ/PrePair_Sound/forest_sound_dataset/poaching/5C0336D6_29253b1d3-39bd-47a0-9acf-5b9474a949a47e472784-7def-47d1-a9ad-07a8abe5a9226d6c7fa9-d1d6-4f2f-8e65-0919f19418bd.WAV,poaching/5C0336D6_29253b1d3-39bd-47a0-9acf-5b9474a949a47e472784-7def-47d1-a9ad-07a8abe5a9226d6c7fa9-d1d6-4f2f-8e65-0919f19418bd.WAV,val
fire,/Users/guidegiegg/งาน/โปรเจคเล็กๆ/PrePair_Sound/forest_sound_dataset/fire/videoplayback_11.wav,fire/videoplayback_11.wav,val
natural sound,/Users/guidegiegg/งาน/โปรเจคเล็กๆ/PrePair_Sound/forest_sound_dataset/natural sound/9_10943.wav,natural sound/9_10943.wav,val
natural sound,/Users/guidegiegg/งาน/โปรเจคเล็กๆ/PrePair_Sound/forest_sound_dataset/natural sound/22_12268.wav,natural sound/22_12268.wav,val
poaching,/Users/guidegiegg/งาน/โปรเจคเล็กๆ/PrePair_Sound/forest_sound_dataset/poaching/5B792C99_227c1afef-856e-41eb-889b-44396ad455992e87930e-5054-49af-bd06-d9e99d333e4642b64050-3527-45f1-ac14-a6b09c63a3dc.WAV,poaching/5B792C99_227c1afef-856e-41eb-889b-44396ad455992e87930e-5054-49af-bd06-d9e99d333e4642b64050-3527-45f1-ac14-a6b09c63a3dc.WAV,val
natural sound,/Users/guidegiegg/งาน/โปรเจคเล็กๆ/PrePair_Sound/forest_sound_dataset/natural sound/25_12543.wav,natural sound/25_12543.wav,val
logging,/Users/guidegiegg/งาน/โปรเจคเล็กๆ/PrePair_Sound/forest_sound_dataset/logging/16_11665.wav,logging/16_11665.wav,val
natural sound,/Users/guidegiegg/งาน/โปรเจคเล็กๆ/PrePair_Sound/forest_sound_dataset/natural sound/4_10439.wav,natural sound/4_10439.wav,val
fire,/Users/guidegiegg/งาน/โปรเจคเล็กๆ/PrePair_Sound/forest_sound_dataset/fire/1_10136.wav,fire/1_10136.wav,val
logging,/Users/guidegiegg/งาน/โปรเจคเล็กๆ/PrePair_Sound/forest_sound_dataset/logging/2-59321-A-49.wav,logging/2-59321-A-49.wav,val
poaching,/Users/guidegiegg/งาน/โปรเจคเล็กๆ/PrePair_Sound/forest_sound_dataset/poaching/5C5CF049_25a7cf7cef-062e-4efa-9f0e-ae7145bf85d574937904-b62b-4f42-ad35-ffff8c4c20d0b1770d8e-b354-40e9-a3ab-7d3234783435.WAV,poaching/5C5CF049_25a7cf7cef-062e-4efa-9f0e-ae7145bf85d574937904-b62b-4f42-ad35-ffff8c4c20d0b1770d8e-b354-40e9-a3ab-7d3234783435.WAV,val
poaching,/Users/guidegiegg/งาน/โปรเจคเล็กๆ/PrePair_Sound/forest_sound_dataset/poaching/5C29735C_285620facb-791f-45b6-a96e-a16bf0cf7ad14f72b549-3a8d-4ca0-a471-24ca415bcae4c3446448-e94c-41a0-93c3-dfa767aca469.WAV,poaching/5C29735C_285620facb-791f-45b6-a96e-a16bf0cf7ad14f72b549-3a8d-4ca0-a471-24ca415bcae4c3446448-e94c-41a0-93c3-dfa767aca469.WAV,val
logging,/Users/guidegiegg/งาน/โปรเจคเล็กๆ/PrePair_Sound/forest_sound_dataset/logging/11_11136.wav,logging/11_11136.wav,val
poaching,/Users/guidegiegg/งาน/โปรเจคเล็กๆ/PrePair_Sound/forest_sound_dataset/poaching/5C5778E5_76f540ecf6-3323-4c9a-9cfc-f2551ec91fed109013c3-89a7-4a75-b5ea-5ba59ab07e53345bfb5d-8426-4c42-971b-b863d7c9ffd5.WAV,poaching/5C5778E5_76f540ecf6-3323-4c9a-9cfc-f2551ec91fed109013c3-89a7-4a75-b5ea-5ba59ab07e53345bfb5d-8426-4c42-971b-b863d7c9ffd5.WAV,val
natural sound,/Users/guidegiegg/งาน/โปรเจคเล็กๆ/PrePair_Sound/forest_sound_dataset/natural sound/if_necessary/19_11971.wav,natural sound/if_necessary/19_11971.wav,val
natural sound,/Users/guidegiegg/งาน/โปรเจคเล็กๆ/PrePair_Sound/forest_sound_dataset/natural sound/4_10411.wav,natural sound/4_10411.wav,val
natural sound,/Users/guidegiegg/งาน/โปรเจคเล็กๆ/PrePair_Sound/forest_sound_dataset/natural sound/if_necessary/19_11903.wav,natural sound/if_necessary/19_11903.wav,val
poaching,/Users/guidegiegg/งาน/โปรเจคเล็กๆ/PrePair_Sound/forest_sound_dataset/poaching/New folder/winchester-m14_007_SA_019B_S03.wav,poaching/New folder/winchester-m14_007_SA_019B_S03.wav,val
poaching,/Users/guidegiegg/งาน/โปรเจคเล็กๆ/PrePair_Sound/forest_sound_dataset/poaching/5C3957B2_191edd018b-e971-440c-b475-35ff58bdaa14e3fa214d-3e36-4772-8e77-64ab96581ecbe4a81283-a067-4ec1-a249-c81ef992f2f2.WAV,poaching/5C3957B2_191edd018b-e971-440c-b475-35ff58bdaa14e3fa214d-3e36-4772-8e77-64ab96581ecbe4a81283-a067-4ec1-a249-c81ef992f2f2.WAV,val
logging,/Users/guidegiegg/งาน/โปรเจคเล็กๆ/PrePair_Sound/forest_sound_dataset/logging/10_11023.wav,logging/10_11023.wav,val
natural sound,/Users/guidegiegg/งาน/โปรเจคเล็กๆ/PrePair_Sound/forest_sound_dataset/natural sound/3_10327.wav,natural sound/3_10327.wav,val
natural sound,/Users/guidegiegg/งาน/โปรเจคเล็กๆ/PrePair_Sound/forest_sound_dataset/natural sound/23_12333.wav,natural sound/23_12333.wav,val
poaching,/Users/guidegiegg/งาน/โปรเจคเล็กๆ/PrePair_Sound/forest_sound_dataset/poaching/5BD455D4_19d67c93e2-19f3-45f9-909f-0be6ed841d5006ff4584-2c61-4fdb-9e63-412dcbf7a37ec36e0bab-0186-4f95-a4b7-f67e5d087b85.WAV,poaching/5BD455D4_19d67c93e2-19f3-45f9-909f-0be6ed841d5006ff4584-2c61-4fdb-9e63-412dcbf7a37ec36e0bab-0186-4f95-a4b7-f67e5d087b85.WAV,val
natural sound,/Users/guidegiegg/งาน/โปรเจคเล็กๆ/PrePair_Sound/forest_sound_dataset/natural sound/5_10516.wav,natural sound/5_10516.wav,val
natural sound,/Users/guidegiegg/งาน/โปรเจคเล็กๆ/PrePair_Sound/forest_sound_dataset/natural sound/22_12242.wav,natural sound/22_12242.wav,val
natural sound,/Users/guidegiegg/งาน/โปรเจคเล็กๆ/PrePair_Sound/forest_sound_dataset/natural sound/21_12134.wav,natural sound/21_12134.wav,val
fire,/Users/guidegiegg/งาน/โปรเจคเล็กๆ/PrePair_Sound/forest_sound_dataset/fire/y2mate.com - DD Ambience  Building on Fire  Blaze Inferno Wood Cracking Collapsing Loud Stressing_73.wav,fire/y2mate.com - DD Ambience  Building on Fire  Blaze Inferno Wood Cracking Collapsing Loud Stressing_73.wav,val
natural sound,/Users/guidegiegg/งาน/โปรเจคเล็กๆ/PrePair_Sound/forest_sound_dataset/natural sound/2_10221.wav,natural sound/2_10221.wav,val
natural sound,/Users/guidegiegg/งาน/โปรเจคเล็กๆ/PrePair_Sound/forest_sound_dataset/natural sound/22_12251.wav,natural sound/22_12251.wav,val
natural sound,/Users/guidegiegg/งาน/โปรเจคเล็กๆ/PrePair_Sound/forest_sound_dataset/natural sound/22_12227.wav,natural sound/22_12227.wav,val
natural sound,/Users/guidegiegg/งาน/โปรเจคเล็กๆ/PrePair_Sound/forest_sound_dataset/natural sound/23_12310.wav,natural sound/23_12310.wav,val
natural sound,/Users/guidegiegg/งาน/โปรเจคเล็กๆ/PrePair_Sound/forest_sound_dataset/natural sound/12_11267.wav,natural sound/12_11267.wav,val
fire,/Users/guidegiegg/งาน/โปรเจคเล็กๆ/PrePair_Sound/forest_sound_dataset/fire/1_10127.wav,fire/1_10127.wav,val
natural sound,/Users/guidegiegg/งาน/โปรเจคเล็กๆ/PrePair_Sound/forest_sound_dataset/natural sound/25_12515.wav,natural sound/25_12515.wav,val
logging,/Users/guidegiegg/งาน/โปรเจคเล็กๆ/PrePair_Sound/forest_sound_dataset/logging/13_11356.wav,logging/13_11356.wav,val
fire,/Users/guidegiegg/งาน/โปรเจคเล็กๆ/PrePair_Sound/forest_sound_dataset/fire/videoplayback_39.wav,fire/videoplayback_39.wav,val
fire,/Users/guidegiegg/งาน/โปรเจคเล็กๆ/PrePair_Sound/forest_sound_dataset/fire/y2mate.com - DD Ambience  Building on Fire  Blaze Inferno Wood Cracking Collapsing Loud Stressing_45.wav,fire/y2mate.com - DD Ambience  Building on Fire  Blaze Inferno Wood Cracking Collapsing Loud Stressing_45.wav,val
natural sound,/Users/guidegiegg/งาน/โปรเจคเล็กๆ/PrePair_Sound/forest_sound_dataset/natural sound/2_10250.wav,natural sound/2_10250.wav,val
poaching,/Users/guidegiegg/งาน/โปรเจคเล็กๆ/PrePair_Sound/forest_sound_dataset/poaching/5C5CFA6D_26e5004778-2155-4bcd-9e93-dbd1ff6e20d6d0e4d6db-24d6-4fb9-b419-1a0b791639150928587c-65e3-419e-884b-2358a7e21c6f.WAV,poaching/5C5CFA6D_26e5004778-2155-4bcd-9e93-dbd1ff6e20d6d0e4d6db-24d6-4fb9-b419-1a0b791639150928587c-65e3-419e-884b-2358a7e21c6f.WAV,val
fire,/Users/guidegiegg/งาน/โปรเจคเล็กๆ/PrePair_Sound/forest_sound_dataset/fire/y2mate.com - DD Ambience  Building on Fire  Blaze Inferno Wood Cracking Collapsing Loud Stressing_1_27.wav,fire/y2mate.com - DD Ambience  Building on Fire  Blaze Inferno Wood Cracking Collapsing Loud Stressing_1_27.wav,val
natural sound,/Users/guidegiegg/งาน/โปรเจคเล็กๆ/PrePair_Sound/forest_sound_dataset/natural sound/8_10826.wav,natural sound/8_10826.wav,val
poaching,/Users/guidegiegg/งาน/โปรเจคเล็กๆ/PrePair_Sound/forest_sound_dataset/poaching/5C28615A_1180af4718-8e43-48ea-950f-4b3ab3880be25476f1cb-307b-41bd-94e8-ba77563f6ab886c27754-b971-4e12-9692-9a46bbf17549.WAV,poaching/5C28615A_1180af4718-8e43-48ea-950f-4b3ab3880be25476f1cb-307b-41bd-94e8-ba77563f6ab886c27754-b971-4e12-9692-9a46bbf17549.WAV,val
natural sound,/Users/guidegiegg/งาน/โปรเจคเล็กๆ/PrePair_Sound/forest_sound_dataset/natural sound/12_11262.wav,natural sound/12_11262.wav,val
natural sound,/Users/guidegiegg/งาน/โปรเจคเล็กๆ/PrePair_Sound/forest_sound_dataset/natural sound/6_10634.wav,natural sound/6_10634.wav,val
natural sound,/Users/guidegiegg/งาน/โปรเจคเล็กๆ/PrePair_Sound/forest_sound_dataset/natural sound/24_12439.wav,natural sound/24_12439.wav,val
poaching,/Users/guidegiegg/งาน/โปรเจคเล็กๆ/PrePair_Sound/forest_sound_dataset/poaching/58FBD4015abbbd85-cb95-42cc-9e44-d3dbaa64424a.WAV,poaching/58FBD4015abbbd85-cb95-42cc-9e44-d3dbaa64424a.WAV,val
natural sound,/Users/guidegiegg/งาน/โปรเจคเล็กๆ/PrePair_Sound/forest_sound_dataset/natural sound/3_10312.wav,natural sound/3_10312.wav,val
poaching,/Users/guidegiegg/งาน/โปรเจคเล็กๆ/PrePair_Sound/forest_sound_dataset/poaching/58FBBCC08e94ca6e-256e-4cdc-8bc1-183e50cddc85.WAV,poaching/58FBBCC08e94ca6e-256e-4cdc-8bc1-183e50cddc85.WAV,val
natural sound,/Users/guidegiegg/งาน/โปรเจคเล็กๆ/PrePair_Sound/forest_sound_dataset/natural sound/21_12142.wav,natural sound/21_12142.wav,val
natural sound,/Users/guidegiegg/งาน/โปรเจคเล็กๆ/PrePair_Sound/forest_sound_dataset/natural sound/25_12513.wav,natural sound/25_12513.wav,val
logging,/Users/guidegiegg/งาน/โปรเจคเล็กๆ/PrePair_Sound/forest_sound_dataset/logging/5-253094-C-49.wav,logging/5-253094-C-49.wav,val
logging,/Users/guidegiegg/งาน/โปรเจคเล็กๆ/PrePair_Sound/forest_sound_dataset/logging/7_10713.wav,logging/7_10713.wav,val
logging,/Users/guidegiegg/งาน/โปรเจคเล็กๆ/PrePair_Sound/forest_sound_dataset/logging/11_11113.wav,logging/11_11113.wav,val
natural sound,/Users/guidegiegg/งาน/โปรเจคเล็กๆ/PrePair_Sound/forest_sound_dataset/natural sound/8_10834.wav,natural sound/8_10834.wav,val
poaching,/Users/guidegiegg/งาน/โปรเจคเล็กๆ/PrePair_Sound/forest_sound_dataset/poaching/5CACBA0F_92f806f2e6-c295-4051-94c8-eede4385a095c67c17df-6a6f-4ae2-8143-6255f1582309eea528f5-24ba-448a-b9f7-122281d0b4cb.WAV,poaching/5CACBA0F_92f806f2e6-c295-4051-94c8-eede4385a095c67c17df-6a6f-4ae2-8143-6255f1582309eea528f5-24ba-448a-b9f7-122281d0b4cb.WAV,val
logging,/Users/guidegiegg/งาน/โปรเจคเล็กๆ/PrePair_Sound/forest_sound_dataset/logging/13_11338.wav,logging/13_11338.wav,val
natural sound,/Users/guidegiegg/งาน/โปรเจคเล็กๆ/PrePair_Sound/forest_sound_dataset/natural sound/8_10821.wav,natural sound/8_10821.wav,val
poaching,/Users/guidegiegg/งาน/โปรเจคเล็กๆ/PrePair_Sound/forest_sound_dataset/poaching/14_11420.wav,poaching/14_11420.wav,val
natural sound,/Users/guidegiegg/งาน/โปรเจคเล็กๆ/PrePair_Sound/forest_sound_dataset/natural sound/6_10644.wav,natural sound/6_10644.wav,val
fire,/Users/guidegiegg/งาน/โปรเจคเล็กๆ/PrePair_Sound/forest_sound_dataset/fire/y2mate.com - DD Ambience  Building on Fire  Blaze Inferno Wood Cracking Collapsing Loud Stressing_1_22.wav,fire/y2mate.com - DD Ambience  Building on Fire  Blaze Inferno Wood Cracking Collapsing Loud Stressing_1_22.wav,val
poaching,/Users/guidegiegg/งาน/โปรเจคเล็กๆ/PrePair_Sound/forest_sound_dataset/poaching/14_11470.wav,poaching/14_11470.wav,val
fire,/Users/guidegiegg/งาน/โปรเจคเล็กๆ/PrePair_Sound/forest_sound_dataset/fire/y2mate.com - DD Ambience  Building on Fire  Blaze Inferno Wood Cracking Collapsing Loud Stressing_38.wav,fire/y2mate.com - DD Ambience  Building on Fire  Blaze Inferno Wood Cracking Collapsing Loud Stressing_38.wav,val
fire,/Users/guidegiegg/งาน/โปรเจคเล็กๆ/PrePair_Sound/forest_sound_dataset/fire/y2mate.com - DD Ambience  Building on Fire  Blaze Inferno Wood Cracking Collapsing Loud Stressing_70.wav,fire/y2mate.com - DD Ambience  Building on Fire  Blaze Inferno Wood Cracking Collapsing Loud Stressing_70.wav,val
natural sound,/Users/guidegiegg/งาน/โปรเจคเล็กๆ/PrePair_Sound/forest_sound_dataset/natural sound/22_12230.wav,natural sound/22_12230.wav,val
natural sound,/Users/guidegiegg/งาน/โปรเจคเล็กๆ/PrePair_Sound/forest_sound_dataset/natural sound/8_10824.wav,natural sound/8_10824.wav,val
natural sound,/Users/guidegiegg/งาน/โปรเจคเล็กๆ/PrePair_Sound/forest_sound_dataset/natural sound/if_necessary/20_12016.wav,natural sound/if_necessary/20_12016.wav,val
natural sound,/Users/guidegiegg/งาน/โปรเจคเล็กๆ/PrePair_Sound/forest_sound_dataset/natural sound/if_necessary/18_11854.wav,natural sound/if_necessary/18_11854.wav,val
natural sound,/Users/guidegiegg/งาน/โปรเจคเล็กๆ/PrePair_Sound/forest_sound_dataset/natural sound/27_12758.wav,natural sound/27_12758.wav,val
logging,/Users/guidegiegg/งาน/โปรเจคเล็กๆ/PrePair_Sound/forest_sound_dataset/logging/16_11638.wav,logging/16_11638.wav,val
natural sound,/Users/guidegiegg/งาน/โปรเจคเล็กๆ/PrePair_Sound/forest_sound_dataset/natural sound/23_12355.wav,natural sound/23_12355.wav,val
poaching,/Users/guidegiegg/งาน/โปรเจคเล็กๆ/PrePair_Sound/forest_sound_dataset/poaching/5C53AFB8_459c20cc79-3801-4ee1-9d7d-78cceffe5f63b3b02094-ecf8-40d4-a83f-0d1bf4e99d782544e29a-261c-49ad-a6a9-539b5412dd1b.WAV,poaching/5C53AFB8_459c20cc79-3801-4ee1-9d7d-78cceffe5f63b3b02094-ecf8-40d4-a83f-0d1bf4e99d782544e29a-261c-49ad-a6a9-539b5412dd1b.WAV,val
fire,/Users/guidegiegg/งาน/โปรเจคเล็กๆ/PrePair_Sound/forest_sound_dataset/fire/1_10113.wav,fire/1_10113.wav,val
logging,/Users/guidegiegg/งาน/โปรเจคเล็กๆ/PrePair_Sound/forest_sound_dataset/logging/7_10729.wav,logging/7_10729.wav,val
logging,/Users/guidegiegg/งาน/โปรเจคเล็กๆ/PrePair_Sound/forest_sound_dataset/logging/11_11153.wav,logging/11_11153.wav,val
natural sound,/Users/guidegiegg/งาน/โปรเจคเล็กๆ/PrePair_Sound/forest_sound_dataset/natural sound/4_10427.wav,natural sound/4_10427.wav,val
natural sound,/Users/guidegiegg/งาน/โปรเจคเล็กๆ/PrePair_Sound/forest_sound_dataset/natural sound/5_10549.wav,natural sound/5_10549.wav,val
natural sound,/Users/guidegiegg/งาน/โปรเจคเล็กๆ/PrePair_Sound/forest_sound_dataset/natural sound/9_10919.wav,natural sound/9_10919.wav,val
natural sound,/Users/guidegiegg/งาน/โปรเจคเล็กๆ/PrePair_Sound/forest_sound_dataset/natural sound/5_10514.wav,natural sound/5_10514.wav,val
natural sound,/Users/guidegiegg/งาน/โปรเจคเล็กๆ/PrePair_Sound/forest_sound_dataset/natural sound/22_12202.wav,natural sound/22_12202.wav,val
natural sound,/Users/guidegiegg/งาน/โปรเจคเล็กๆ/PrePair_Sound/forest_sound_dataset/natural sound/24_12411.wav,natural sound/24_12411.wav,val
natural sound,/Users/guidegiegg/งาน/โปรเจคเล็กๆ/PrePair_Sound/forest_sound_dataset/natural sound/if_necessary/17_11748.wav,natural sound/if_necessary/17_11748.wav,val
natural sound,/Users/guidegiegg/งาน/โปรเจคเล็กๆ/PrePair_Sound/forest_sound_dataset/natural sound/if_necessary/20_12032.wav,natural sound/if_necessary/20_12032.wav,val
natural sound,/Users/guidegiegg/งาน/โปรเจคเล็กๆ/PrePair_Sound/forest_sound_dataset/natural sound/26_12634.wav,natural sound/26_12634.wav,val
poaching,/Users/guidegiegg/งาน/โปรเจคเล็กๆ/PrePair_Sound/forest_sound_dataset/poaching/New folder/m16_017_SA_137B_S06.wav,poaching/New folder/m16_017_SA_137B_S06.wav,val
fire,/Users/guidegiegg/งาน/โปรเจคเล็กๆ/PrePair_Sound/forest_sound_dataset/fire/1_10143.wav,fire/1_10143.wav,val
logging,/Users/guidegiegg/งาน/โปรเจคเล็กๆ/PrePair_Sound/forest_sound_dataset/logging/11_11154.wav,logging/11_11154.wav,val
fire,/Users/guidegiegg/งาน/โปรเจคเล็กๆ/PrePair_Sound/forest_sound_dataset/fire/videoplayback_21.wav,fire/videoplayback_21.wav,val
logging,/Users/guidegiegg/งาน/โปรเจคเล็กๆ/PrePair_Sound/forest_sound_dataset/logging/13_11307.wav,logging/13_11307.wav,val
natural sound,/Users/guidegiegg/งาน/โปรเจคเล็กๆ/PrePair_Sound/forest_sound_dataset/natural sound/4_10426.wav,natural sound/4_10426.wav,val
natural sound,/Users/guidegiegg/งาน/โปรเจคเล็กๆ/PrePair_Sound/forest_sound_dataset/natural sound/if_necessary/19_11954.wav,natural sound/if_necessary/19_11954.wav,val
poaching,/Users/guidegiegg/งาน/โปรเจคเล็กๆ/PrePair_Sound/forest_sound_dataset/poaching/15_11520.wav,poaching/15_11520.wav,val
fire,/Users/guidegiegg/งาน/โปรเจคเล็กๆ/PrePair_Sound/forest_sound_dataset/fire/y2mate.com - DD Ambience  Building on Fire  Blaze Inferno Wood Cracking Collapsing Loud Stressing_01.wav,fire/y2mate.com - DD Ambience  Building on Fire  Blaze Inferno Wood Cracking Collapsing Loud Stressing_01.wav,val
poaching,/Users/guidegiegg/งาน/โปรเจคเล็กๆ/PrePair_Sound/forest_sound_dataset/poaching/5C93BA16_89e69b4635-723f-480a-9a01-6d14afbb81cd0c3a14a2-40c5-4cce-82d7-e20f193eab79a817af63-03fc-4e39-83be-ee43b4cc3480.WAV,poaching/5C93BA16_89e69b4635-723f-480a-9a01-6d14afbb81cd0c3a14a2-40c5-4cce-82d7-e20f193eab79a817af63-03fc-4e39-83be-ee43b4cc3480.WAV,val
natural sound,/Users/guidegiegg/งาน/โปรเจคเล็กๆ/PrePair_Sound/forest_sound_dataset/natural sound/5_10565.wav,natural sound/5_10565.wav,val
poaching,/Users/guidegiegg/งาน/โปรเจคเล็กๆ/PrePair_Sound/forest_sound_dataset/poaching/14_11412.wav,poaching/14_11412.wav,val
natural sound,/Users/guidegiegg/งาน/โปรเจคเล็กๆ/PrePair_Sound/forest_sound_dataset/natural sound/if_necessary/19_11935.wav,natural sound/if_necessary/19_11935.wav,val
logging,/Users/guidegiegg/งาน/โปรเจคเล็กๆ/PrePair_Sound/forest_sound_dataset/logging/7_10745.wav,logging/7_10745.wav,val
natural sound,/Users/guidegiegg/งาน/โปรเจคเล็กๆ/PrePair_Sound/forest_sound_dataset/natural sound/24_12401.wav,natural sound/24_12401.wav,val
logging,/Users/guidegiegg/งาน/โปรเจคเล็กๆ/PrePair_Sound/forest_sound_dataset/logging/7_10769.wav,logging/7_10769.wav,val
logging,/Users/guidegiegg/งาน/โปรเจคเล็กๆ/PrePair_Sound/forest_sound_dataset/logging/13_11363.wav,logging/13_11363.wav,val
poaching,/Users/guidegiegg/งาน/โปรเจคเล็กๆ/PrePair_Sound/forest_sound_dataset/poaching/15_11528.wav,poaching/15_11528.wav,val
natural sound,/Users/guidegiegg/งาน/โปรเจคเล็กๆ/PrePair_Sound/forest_sound_dataset/natural sound/25_12505.wav,natural sound/25_12505.wav,val
fire,/Users/guidegiegg/งาน/โปรเจคเล็กๆ/PrePair_Sound/forest_sound_dataset/fire/y2mate.com - DD Ambience  Building on Fire  Blaze Inferno Wood Cracking Collapsing Loud Stressing_58.wav,fire/y2mate.com - DD Ambience  Building on Fire  Blaze Inferno Wood Cracking Collapsing Loud Stressing_58.wav,val
natural sound,/Users/guidegiegg/งาน/โปรเจคเล็กๆ/PrePair_Sound/forest_sound_dataset/natural sound/21_12119.wav,natural sound/21_12119.wav,val
fire,/Users/guidegiegg/งาน/โปรเจคเล็กๆ/PrePair_Sound/forest_sound_dataset/fire/y2mate.com - DD Ambience  Building on Fire  Blaze Inferno Wood Cracking Collapsing Loud Stressing_1_49.wav,fire/y2mate.com - DD Ambience  Building on Fire  Blaze Inferno Wood Cracking Collapsing Loud Stressing_1_49.wav,val
natural sound,/Users/guidegiegg/งาน/โปรเจคเล็กๆ/PrePair_Sound/forest_sound_dataset/natural sound/3_10349.wav,natural sound/3_10349.wav,val
natural sound,/Users/guidegiegg/งาน/โปรเจคเล็กๆ/PrePair_Sound/forest_sound_dataset/natural sound/27_12739.wav,natural sound/27_12739.wav,val
logging,/Users/guidegiegg/งาน/โปรเจคเล็กๆ/PrePair_Sound/forest_sound_dataset/logging/16_11634.wav,logging/16_11634.wav,val
natural sound,/Users/guidegiegg/งาน/โปรเจคเล็กๆ/PrePair_Sound/forest_sound_dataset/natural sound/25_12508.wav,natural sound/25_12508.wav,val
natural sound,/Users/guidegiegg/งาน/โปรเจคเล็กๆ/PrePair_Sound/forest_sound_dataset/natural sound/5_10535.wav,natural sound/5_10535.wav,val
fire,/Users/guidegiegg/งาน/โปรเจคเล็กๆ/PrePair_Sound/forest_sound_dataset/fire/1_10142.wav,fire/1_10142.wav,val
natural sound,/Users/guidegiegg/งาน/โปรเจคเล็กๆ/PrePair_Sound/forest_sound_dataset/natural sound/12_11274.wav,natural sound/12_11274.wav,val
poaching,/Users/guidegiegg/งาน/โปรเจคเล็กๆ/PrePair_Sound/forest_sound_dataset/poaching/14_11443.wav,poaching/14_11443.wav,val
logging,/Users/guidegiegg/งาน/โปรเจคเล็กๆ/PrePair_Sound/forest_sound_dataset/logging/4-251645-B-49.wav,logging/4-251645-B-49.wav,val
natural sound,/Users/guidegiegg/งาน/โปรเจคเล็กๆ/PrePair_Sound/forest_sound_dataset/natural sound/25_12502.wav,natural sound/25_12502.wav,val
fire,/Users/guidegiegg/งาน/โปรเจคเล็กๆ/PrePair_Sound/forest_sound_dataset/fire/y2mate.com - DD Ambience  Building on Fire  Blaze Inferno Wood Cracking Collapsing Loud Stressing_02.wav,fire/y2mate.com - DD Ambience  Building on Fire  Blaze Inferno Wood Cracking Collapsing Loud Stressing_02.wav,val
poaching,/Users/guidegiegg/งาน/โปรเจคเล็กๆ/PrePair_Sound/forest_sound_dataset/poaching/5C5D1267_3d4ca03b5-c0a5-4ef1-92dd-cb1830607bd7a71a31e1-79a8-4f34-be56-144bd2c0a30abfe6f916-911d-4772-82ae-b0a7134023a1.WAV,poaching/5C5D1267_3d4ca03b5-c0a5-4ef1-92dd-cb1830607bd7a71a31e1-79a8-4f34-be56-144bd2c0a30abfe6f916-911d-4772-82ae-b0a7134023a1.WAV,val
natural sound,/Users/guidegiegg/งาน/โปรเจคเล็กๆ/PrePair_Sound/forest_sound_dataset/natural sound/2_10214.wav,natural sound/2_10214.wav,val
natural sound,/Users/guidegiegg/งาน/โปรเจคเล็กๆ/PrePair_Sound/forest_sound_dataset/natural sound/if_necessary/17_11758.wav,natural sound/if_necessary/17_11758.wav,val
natural sound,/Users/guidegiegg/งาน/โปรเจคเล็กๆ/PrePair_Sound/forest_sound_dataset/natural sound/22_12223.wav,natural sound/22_12223.wav,val
natural sound,/Users/guidegiegg/งาน/โปรเจคเล็กๆ/PrePair_Sound/forest_sound_dataset/natural sound/if_necessary/19_11958.wav,natural sound/if_necessary/19_11958.wav,val
poaching,/Users/guidegiegg/งาน/โปรเจคเล็กๆ/PrePair_Sound/forest_sound_dataset/poaching/15_11517.wav,poaching/15_11517.wav,val
natural sound,/Users/guidegiegg/งาน/โปรเจคเล็กๆ/PrePair_Sound/forest_sound_dataset/natural sound/if_necessary/19_11941.wav,natural sound/if_necessary/19_11941.wav,val
logging,/Users/guidegiegg/งาน/โปรเจคเล็กๆ/PrePair_Sound/forest_sound_dataset/logging/1-19898-C-41.wav,logging/1-19898-C-41.wav,val
fire,/Users/guidegiegg/งาน/โปรเจคเล็กๆ/PrePair_Sound/forest_sound_dataset/fire/y2mate.com - DD Ambience  Building on Fire  Blaze Inferno Wood Cracking Collapsing Loud Stressing_68.wav,fire/y2mate.com - DD Ambience  Building on Fire  Blaze Inferno Wood Cracking Collapsing Loud Stressing_68.wav,val
fire,/Users/guidegiegg/งาน/โปรเจคเล็กๆ/PrePair_Sound/forest_sound_dataset/fire/videoplayback_05.wav,fire/videoplayback_05.wav,val
poaching,/Users/guidegiegg/งาน/โปรเจคเล็กๆ/PrePair_Sound/forest_sound_dataset/poaching/5C38EBFE_79246609b6-2c1c-42c1-b1ef-704417426427a06e98a4-e394-4cd8-a7bd-84686e05fe83c1ff9225-7e0e-4891-add4-c76017915337.WAV,poaching/5C38EBFE_79246609b6-2c1c-42c1-b1ef-704417426427a06e98a4-e394-4cd8-a7bd-84686e05fe83c1ff9225-7e0e-4891-add4-c76017915337.WAV,val
natural sound,/Users/guidegiegg/งาน/โปรเจคเล็กๆ/PrePair_Sound/forest_sound_dataset/natural sound/8_10807.wav,natural sound/8_10807.wav,val
natural sound,/Users/guidegiegg/งาน/โปรเจคเล็กๆ/PrePair_Sound/forest_sound_dataset/natural sound/8_10831.wav,natural sound/8_10831.wav,val
poaching,/Users/guidegiegg/งาน/โปรเจคเล็กๆ/PrePair_Sound/forest_sound_dataset/poaching/New folder/sig-p225_008_SA_150B_S02.wav,poaching/New folder/sig-p225_008_SA_150B_S02.wav,val
natural sound,/Users/guidegiegg/งาน/โปรเจคเล็กๆ/PrePair_Sound/forest_sound_dataset/natural sound/if_necessary/20_12069.wav,natural sound/if_necessary/20_12069.wav,val
poaching,/Users/guidegiegg/งาน/โปรเจคเล็กๆ/PrePair_Sound/forest_sound_dataset/poaching/5B9CB828_35844c17a2-1dc6-4a87-bf34-18595f21e6e4ac31a775-34ed-4869-b016-6bffd0d377e26ce29bba-3e5a-4514-af28-ac856cedb144.WAV,poaching/5B9CB828_35844c17a2-1dc6-4a87-bf34-18595f21e6e4ac31a775-34ed-4869-b016-6bffd0d377e26ce29bba-3e5a-4514-af28-ac856cedb144.WAV,val
poaching,/Users/guidegiegg/งาน/โปรเจคเล็กๆ/PrePair_Sound/forest_sound_dataset/poaching/5C53AE8D_330a831a82-7368-4e30-b6d9-7a93dda7d11930136cde-c298-481e-a61b-57ae0482658d3802f3c8-3596-4cc0-be48-2989a3535eda.WAV,poaching/5C53AE8D_330a831a82-7368-4e30-b6d9-7a93dda7d11930136cde-c298-481e-a61b-57ae0482658d3802f3c8-3596-4cc0-be48-2989a3535eda.WAV,val
natural sound,/Users/guidegiegg/งาน/โปรเจคเล็กๆ/PrePair_Sound/forest_sound_dataset/natural sound/6_10609.wav,natural sound/6_10609.wav,val
logging,/Users/guidegiegg/งาน/โปรเจคเล็กๆ/PrePair_Sound/forest_sound_dataset/logging/5-216370-A-41.wav,logging/5-216370-A-41.wav,val
fire,/Users/guidegiegg/งาน/โปรเจคเล็กๆ/PrePair_Sound/forest_sound_dataset/fire/y2mate.com - DD Ambience  Building on Fire  Blaze Inferno Wood Cracking Collapsing Loud Stressing_18.wav,fire/y2mate.com - DD Ambience  Building on Fire  Blaze Inferno Wood Cracking Collapsing Loud Stressing_18.wav,val
fire,/Users/guidegiegg/งาน/โปรเจคเล็กๆ/PrePair_Sound/forest_sound_dataset/fire/4-182368-A-12.wav,fire/4-182368-A-12.wav,val
natural sound,/Users/guidegiegg/งาน/โปรเจคเล็กๆ/PrePair_Sound/forest_sound_dataset/natural sound/25_12537.wav,natural sound/25_12537.wav,val
logging,/Users/guidegiegg/งาน/โปรเจคเล็กๆ/PrePair_Sound/forest_sound_dataset/logging/16_11644.wav,logging/16_11644.wav,val
natural sound,/Users/guidegiegg/งาน/โปรเจคเล็กๆ/PrePair_Sound/forest_sound_dataset/natural sound/25_12552.wav,natural sound/25_12552.wav,val
natural sound,/Users/guidegiegg/งาน/โปรเจคเล็กๆ/PrePair_Sound/forest_sound_dataset/natural sound/24_12464.wav,natural sound/24_12464.wav,val
natural sound,/Users/guidegiegg/งาน/โปรเจคเล็กๆ/PrePair_Sound/forest_sound_dataset/natural sound/22_12257.wav,natural sound/22_12257.wav,val
natural sound,/Users/guidegiegg/งาน/โปรเจคเล็กๆ/PrePair_Sound/forest_sound_dataset/natural sound/if_necessary/20_12048.wav,natural sound/if_necessary/20_12048.wav,val
natural sound,/Users/guidegiegg/งาน/โปรเจคเล็กๆ/PrePair_Sound/forest_sound_dataset/natural sound/21_12146.wav,natural sound/21_12146.wav,val
poaching,/Users/guidegiegg/งาน/โปรเจคเล็กๆ/PrePair_Sound/forest_sound_dataset/poaching/14_11425.wav,poaching/14_11425.wav,val
logging,/Users/guidegiegg/งาน/โปรเจคเล็กๆ/PrePair_Sound/forest_sound_dataset/logging/1-64398-A-41.wav,logging/1-64398-A-41.wav,val
fire,/Users/guidegiegg/งาน/โปรเจคเล็กๆ/PrePair_Sound/forest_sound_dataset/fire/y2mate.com - DD Ambience  Building on Fire  Blaze Inferno Wood Cracking Collapsing Loud Stressing_61.wav,fire/y2mate.com - DD Ambience  Building on Fire  Blaze Inferno Wood Cracking Collapsing Loud Stressing_61.wav,val
natural sound,/Users/guidegiegg/งาน/โปรเจคเล็กๆ/PrePair_Sound/forest_sound_dataset/natural sound/9_10909.wav,natural sound/9_10909.wav,val
natural sound,/Users/guidegiegg/งาน/โปรเจคเล็กๆ/PrePair_Sound/forest_sound_dataset/natural sound/21_12121.wav,natural sound/21_12121.wav,val
fire,/Users/guidegiegg/งาน/โปรเจคเล็กๆ/PrePair_Sound/forest_sound_dataset/fire/1_10155.wav,fire/1_10155.wav,val
fire,/Users/guidegiegg/งาน/โปรเจคเล็กๆ/PrePair_Sound/forest_sound_dataset/fire/y2mate.com - DD Ambience  Building on Fire  Blaze Inferno Wood Cracking Collapsing Loud Stressing_1_09.wav,fire/y2mate.com - DD Ambience  Building on Fire  Blaze Inferno Wood Cracking Collapsing Loud Stressing_1_09.wav,test
poaching,/Users/guidegiegg/งาน/โปรเจคเล็กๆ/PrePair_Sound/forest_sound_dataset/poaching/15_11505.wav,poaching/15_11505.wav,test
natural sound,/Users/guidegiegg/งาน/โปรเจคเล็กๆ/PrePair_Sound/forest_sound_dataset/natural sound/24_12423.wav,natural sound/24_12423.wav,test
natural sound,/Users/guidegiegg/งาน/โปรเจคเล็กๆ/PrePair_Sound/forest_sound_dataset/natural sound/27_12751.wav,natural sound/27_12751.wav,test
poaching,/Users/guidegiegg/งาน/โปรเจคเล็กๆ/PrePair_Sound/forest_sound_dataset/poaching/5B1F413B_63623bac1-3fc8-4c93-b5f1-a6bf2e84a57e14cc0f8a-eba2-4e25-9366-9cd2b174632aa4ef8dd7-40be-4622-b152-c7c591ba4d91.WAV,poaching/5B1F413B_63623bac1-3fc8-4c93-b5f1-a6bf2e84a57e14cc0f8a-eba2-4e25-9366-9cd2b174632aa4ef8dd7-40be-4622-b152-c7c591ba4d91.WAV,test
fire,/Users/guidegiegg/งาน/โปรเจคเล็กๆ/PrePair_Sound/forest_sound_dataset/fire/y2mate.com - DD Ambience  Building on Fire  Blaze Inferno Wood Cracking Collapsing Loud Stressing_1_08.wav,fire/y2mate.com - DD Ambience  Building on Fire  Blaze Inferno Wood Cracking Collapsing Loud Stressing_1_08.wav,test
fire,/Users/guidegiegg/งาน/โปรเจคเล็กๆ/PrePair_Sound/forest_sound_dataset/fire/y2mate.com - DD Ambience  Building on Fire  Blaze Inferno Wood Cracking Collapsing Loud Stressing_47.wav,fire/y2mate.com - DD Ambience  Building on Fire  Blaze Inferno Wood Cracking Collapsing Loud Stressing_47.wav,test
natural sound,/Users/guidegiegg/งาน/โปรเจคเล็กๆ/PrePair_Sound/forest_sound_dataset/natural sound/9_10920.wav,natural sound/9_10920.wav,test
natural sound,/Users/guidegiegg/งาน/โปรเจคเล็กๆ/PrePair_Sound/forest_sound_dataset/natural sound/8_10865.wav,natural sound/8_10865.wav,test
logging,/Users/guidegiegg/งาน/โปรเจคเล็กๆ/PrePair_Sound/forest_sound_dataset/logging/11_11105.wav,logging/11_11105.wav,test
poaching,/Users/guidegiegg/งาน/โปรเจคเล็กๆ/PrePair_Sound/forest_sound_dataset/poaching/15_11559.wav,poaching/15_11559.wav,test
natural sound,/Users/guidegiegg/งาน/โปรเจคเล็กๆ/PrePair_Sound/forest_sound_dataset/natural sound/if_necessary/19_11934.wav,natural sound/if_necessary/19_11934.wav,test
fire,/Users/guidegiegg/งาน/โปรเจคเล็กๆ/PrePair_Sound/forest_sound_dataset/fire/y2mate.com - DD Ambience  Building on Fire  Blaze Inferno Wood Cracking Collapsing Loud Stressing_32.wav,fire/y2mate.com - DD Ambience  Building on Fire  Blaze Inferno Wood Cracking Collapsing Loud Stressing_32.wav,test
natural sound,/Users/guidegiegg/งาน/โปรเจคเล็กๆ/PrePair_Sound/forest_sound_dataset/natural sound/6_10607.wav,natural sound/6_10607.wav,test
natural sound,/Users/guidegiegg/งาน/โปรเจคเล็กๆ/PrePair_Sound/forest_sound_dataset/natural sound/4_10437.wav,natural sound/4_10437.wav,test
fire,/Users/guidegiegg/งาน/โปรเจคเล็กๆ/PrePair_Sound/forest_sound_dataset/fire/1_10164.wav,fire/1_10164.wav,test
logging,/Users/guidegiegg/งาน/โปรเจคเล็กๆ/PrePair_Sound/forest_sound_dataset/logging/2-50667-A-41.wav,logging/2-50667-A-41.wav,test
natural sound,/Users/guidegiegg/งาน/โปรเจคเล็กๆ/PrePair_Sound/forest_sound_dataset/natural sound/9_10933.wav,natural sound/9_10933.wav,test
poaching,/Users/guidegiegg/งาน/โปรเจคเล็กๆ/PrePair_Sound/forest_sound_dataset/poaching/5CA3E2E3_307f7f7b2e-81c4-4cc9-8deb-f8d6239143e02232424d-5cbb-4ea2-be67-88fb4656c1ae39aca161-93d1-4b7b-b1c0-dd8c10fdcb81.WAV,poaching/5CA3E2E3_307f7f7b2e-81c4-4cc9-8deb-f8d6239143e02232424d-5cbb-4ea2-be67-88fb4656c1ae39aca161-93d1-4b7b-b1c0-dd8c10fdcb81.WAV,test
natural sound,/Users/guidegiegg/งาน/โปรเจคเล็กๆ/PrePair_Sound/forest_sound_dataset/natural sound/3_10351.wav,natural sound/3_10351.wav,test
logging,/Users/guidegiegg/งาน/โปรเจคเล็กๆ/PrePair_Sound/forest_sound_dataset/logging/10_11070.wav,logging/10_11070.wav,test
natural sound,/Users/guidegiegg/งาน/โปรเจคเล็กๆ/PrePair_Sound/forest_sound_dataset/natural sound/12_11268.wav,natural sound/12_11268.wav,test
natural sound,/Users/guidegiegg/งาน/โปรเจคเล็กๆ/PrePair_Sound/forest_sound_dataset/natural sound/2_10275.wav,natural sound/2_10275.wav,test
natural sound,/Users/guidegiegg/งาน/โปรเจคเล็กๆ/PrePair_Sound/forest_sound_dataset/natural sound/23_12366.wav,natural sound/23_12366.wav,test
poaching,/Users/guidegiegg/งาน/โปรเจคเล็กๆ/PrePair_Sound/forest_sound_dataset/poaching/14_11460.wav,poaching/14_11460.wav,test
natural sound,/Users/guidegiegg/งาน/โปรเจคเล็กๆ/PrePair_Sound/forest_sound_dataset/natural sound/8_10842.wav,natural sound/8_10842.wav,test
natural sound,/Users/guidegiegg/งาน/โปรเจคเล็กๆ/PrePair_Sound/forest_sound_dataset/natural sound/4_10438.wav,natural sound/4_10438.wav,test
natural sound,/Users/guidegiegg/งาน/โปรเจคเล็กๆ/PrePair_Sound/forest_sound_dataset/natural sound/22_12221.wav,natural sound/22_12221.wav,test
natural sound,/Users/guidegiegg/งาน/โปรเจคเล็กๆ/PrePair_Sound/forest_sound_dataset/natural sound/if_necessary/20_12051.wav,natural sound/if_necessary/20_12051.wav,test
fire,/Users/guidegiegg/งาน/โปรเจคเล็กๆ/PrePair_Sound/forest_sound_dataset/fire/1_10107.wav,fire/1_10107.wav,test
poaching,/Users/guidegiegg/งาน/โปรเจคเล็กๆ/PrePair_Sound/forest_sound_dataset/poaching/14_11467.wav,poaching/14_11467.wav,test
natural sound,/Users/guidegiegg/งาน/โปรเจคเล็กๆ/PrePair_Sound/forest_sound_dataset/natural sound/5_10575.wav,natural sound/5_10575.wav,test
poaching,/Users/guidegiegg/งาน/โปรเจคเล็กๆ/PrePair_Sound/forest_sound_dataset/poaching/New folder/winchester-m14_016_SA_079B_S03.wav,poaching/New folder/winchester-m14_016_SA_079B_S03.wav,test
natural sound,/Users/guidegiegg/งาน/โปรเจคเล็กๆ/PrePair_Sound/forest_sound_dataset/natural sound/5_10512.wav,natural sound/5_10512.wav,test
natural sound,/Users/guidegiegg/งาน/โปรเจคเล็กๆ/PrePair_Sound/forest_sound_dataset/natural sound/26_12637.wav,natural sound/26_12637.wav,test
natural sound,/Users/guidegiegg/งาน/โปรเจคเล็กๆ/PrePair_Sound/forest_sound_dataset/natural sound/4_10412.wav,natural sound/4_10412.wav,test
fire,/Users/guidegiegg/งาน/โปรเจคเล็กๆ/PrePair_Sound/forest_sound_dataset/fire/videoplayback_44.wav,fire/videoplayback_44.wav,test
natural sound,/Users/guidegiegg/งาน/โปรเจคเล็กๆ/PrePair_Sound/forest_sound_dataset/natural sound/6_10638.wav,natural sound/6_10638.wav,test
poaching,/Users/guidegiegg/งาน/โปรเจคเล็กๆ/PrePair_Sound/forest_sound_dataset/poaching/5BF33BAD_25f6b57f75-dc78-4c17-a936-cf33eabdab28c7b65fb5-06f0-435a-9a35-6e0cb375278f1469c7b8-0dd1-4991-8731-d9eda5272c1e.WAV,poaching/5BF33BAD_25f6b57f75-dc78-4c17-a936-cf33eabdab28c7b65fb5-06f0-435a-9a35-6e0cb375278f1469c7b8-0dd1-4991-8731-d9eda5272c1e.WAV,test
poaching,/Users/guidegiegg/งาน/โปรเจคเล็กๆ/PrePair_Sound/forest_sound_dataset/poaching/5CA43126_7731ef6ed-598b-417c-a995-eab7af043e13a7536803-ddca-417f-9fdb-e75a947233658b1e19c7-639e-437b-8de0-22322b429fe7.WAV,poaching/5CA43126_7731ef6ed-598b-417c-a995-eab7af043e13a7536803-ddca-417f-9fdb-e75a947233658b1e19c7-639e-437b-8de0-22322b429fe7.WAV,test
natural sound,/Users/guidegiegg/งาน/โปรเจคเล็กๆ/PrePair_Sound/forest_sound_dataset/natural sound/22_12219.wav,natural sound/22_12219.wav,test
poaching,/Users/guidegiegg/งาน/โปรเจคเล็กๆ/PrePair_Sound/forest_sound_dataset/poaching/5C3957AF_184af43169-a918-4bc3-85a2-7b78c408dbe7864e816f-7a01-41a1-aea1-4ba47419e5a45e436e5a-3c4e-44d7-a234-71b9f312e17b.WAV,poaching/5C3957AF_184af43169-a918-4bc3-85a2-7b78c408dbe7864e816f-7a01-41a1-aea1-4ba47419e5a45e436e5a-3c4e-44d7-a234-71b9f312e17b.WAV,test
fire,/Users/guidegiegg/งาน/โปรเจคเล็กๆ/PrePair_Sound/forest_sound_dataset/fire/1_10140.wav,fire/1_10140.wav,test
natural sound,/Users/guidegiegg/งาน/โปรเจคเล็กๆ/PrePair_Sound/forest_sound_dataset/natural sound/6_10616.wav,natural sound/6_10616.wav,test
natural sound,/Users/guidegiegg/งาน/โปรเจคเล็กๆ/PrePair_Sound/forest_sound_dataset/natural sound/if_necessary/19_11964.wav,natural sound/if_necessary/19_11964.wav,test
natural sound,/Users/guidegiegg/งาน/โปรเจคเล็กๆ/PrePair_Sound/forest_sound_dataset/natural sound/5_10537.wav,natural sound/5_10537.wav,test
natural sound,/Users/guidegiegg/งาน/โปรเจคเล็กๆ/PrePair_Sound/forest_sound_dataset/natural sound/21_12143.wav,natural sound/21_12143.wav,test
fire,/Users/guidegiegg/งาน/โปรเจคเล็กๆ/PrePair_Sound/forest_sound_dataset/fire/videoplayback_72.wav,fire/videoplayback_72.wav,test
natural sound,/Users/guidegiegg/งาน/โปรเจคเล็กๆ/PrePair_Sound/forest_sound_dataset/natural sound/8_10838.wav,natural sound/8_10838.wav,test
fire,/Users/guidegiegg/งาน/โปรเจคเล็กๆ/PrePair_Sound/forest_sound_dataset/fire/y2mate.com - DD Ambience  Building on Fire  Blaze Inferno Wood Cracking Collapsing Loud Stressing_11.wav,fire/y2mate.com - DD Ambience  Building on Fire  Blaze Inferno Wood Cracking Collapsing Loud Stressing_11.wav,test
natural sound,/Users/guidegiegg/งาน/โปรเจคเล็กๆ/PrePair_Sound/forest_sound_dataset/natural sound/if_necessary/18_11827.wav,natural sound/if_necessary/18_11827.wav,test
poaching,/Users/guidegiegg/งาน/โปรเจคเล็กๆ/PrePair_Sound/forest_sound_dataset/poaching/New folder/m16_019_m16_0m_center_0565.wav,poaching/New folder/m16_019_m16_0m_center_0565.wav,test
fire,/Users/guidegiegg/งาน/โปรเจคเล็กๆ/PrePair_Sound/forest_sound_dataset/fire/1_10173.wav,fire/1_10173.wav,test
fire,/Users/guidegiegg/งาน/โปรเจคเล็กๆ/PrePair_Sound/forest_sound_dataset/fire/y2mate.com - DD Ambience  Building on Fire  Blaze Inferno Wood Cracking Collapsing Loud Stressing_65.wav,fire/y2mate.com - DD Ambience  Building on Fire  Blaze Inferno Wood Cracking Collapsing Loud Stressing_65.wav,test
logging,/Users/guidegiegg/งาน/โปรเจคเล็กๆ/PrePair_Sound/forest_sound_dataset/logging/10_11044.wav,logging/10_11044.wav,test
logging,/Users/guidegiegg/งาน/โปรเจคเล็กๆ/PrePair_Sound/forest_sound_dataset/logging/16_11606.wav,logging/16_11606.wav,test
fire,/Users/guidegiegg/งาน/โปรเจคเล็กๆ/PrePair_Sound/forest_sound_dataset/fire/y2mate.com - DD Ambience  Building on Fire  Blaze Inferno Wood Cracking Collapsing Loud Stressing_1_25.wav,fire/y2mate.com - DD Ambience  Building on Fire  Blaze Inferno Wood Cracking Collapsing Loud Stressing_1_25.wav,test
natural sound,/Users/guidegiegg/งาน/โปรเจคเล็กๆ/PrePair_Sound/forest_sound_dataset/natural sound/27_12708.wav,natural sound/27_12708.wav,test
natural sound,/Users/guidegiegg/งาน/โปรเจคเล็กๆ/PrePair_Sound/forest_sound_dataset/natural sound/27_12705.wav,natural sound/27_12705.wav,test
logging,/Users/guidegiegg/งาน/โปรเจคเล็กๆ/PrePair_Sound/forest_sound_dataset/logging/4-157611-B-41.wav,logging/4-157611-B-41.wav,test
natural sound,/Users/guidegiegg/งาน/โปรเจคเล็กๆ/PrePair_Sound/forest_sound_dataset/natural sound/4_10448.wav,natural sound/4_10448.wav,test
poaching,/Users/guidegiegg/งาน/โปรเจคเล็กๆ/PrePair_Sound/forest_sound_dataset/poaching/5B6659F9_14f4fa2843-c929-4b4b-aaf9-fe113efaf214087fca4e-bcf7-450e-ac7d-fed05c03b0166ba9869c-01fd-47aa-975b-2234f823430f.WAV,poaching/5B6659F9_14f4fa2843-c929-4b4b-aaf9-fe113efaf214087fca4e-bcf7-450e-ac7d-fed05c03b0166ba9869c-01fd-47aa-975b-2234f823430f.WAV,test
natural sound,/Users/guidegiegg/งาน/โปรเจคเล็กๆ/PrePair_Sound/forest_sound_dataset/natural sound/2_10266.wav,natural sound/2_10266.wav,test
poaching,/Users/guidegiegg/งาน/โปรเจคเล็กๆ/PrePair_Sound/forest_sound_dataset/poaching/New folder/winchester-m14_004_SA_059B_S01.wav,poaching/New folder/winchester-m14_004_SA_059B_S01.wav,test
poaching,/Users/guidegiegg/งาน/โปรเจคเล็กๆ/PrePair_Sound/forest_sound_dataset/poaching/5C9F0BF8_557b915fff-e66a-4d4b-ab84-a740a591bacb7aa167d1-2924-4d2a-9c30-8cdf6f1ac573e8077b77-a4ec-4c57-b722-26c4f7f0d91c.WAV,poaching/5C9F0BF8_557b915fff-e66a-4d4b-ab84-a740a591bacb7aa167d1-2924-4d2a-9c30-8cdf6f1ac573e8077b77-a4ec-4c57-b722-26c4f7f0d91c.WAV,test
natural sound,/Users/guidegiegg/งาน/โปรเจคเล็กๆ/PrePair_Sound/forest_sound_dataset/natural sound/25_12558.wav,natural sound/25_12558.wav,test
poaching,/Users/guidegiegg/งาน/โปรเจคเล็กๆ/PrePair_Sound/forest_sound_dataset/poaching/New folder/sig-p225_003_SA_010A_S05.wav,poaching/New folder/sig-p225_003_SA_010A_S05.wav,test
poaching,/Users/guidegiegg/งาน/โปรเจคเล็กๆ/PrePair_Sound/forest_sound_dataset/poaching/5CACB972_9106e11cee-a5b8-4d83-b0f2-d3dcb7d2887c2144cef0-cd56-4128-aeef-cc86349473f02cdf522b-7a10-4080-92cc-bfc39aae1b08.WAV,poaching/5CACB972_9106e11cee-a5b8-4d83-b0f2-d3dcb7d2887c2144cef0-cd56-4128-aeef-cc86349473f02cdf522b-7a10-4080-92cc-bfc39aae1b08.WAV,test
natural sound,/Users/guidegiegg/งาน/โปรเจคเล็กๆ/PrePair_Sound/forest_sound_dataset/natural sound/22_12239.wav,natural sound/22_12239.wav,test
logging,/Users/guidegiegg/งาน/โปรเจคเล็กๆ/PrePair_Sound/forest_sound_dataset/logging/11_11156.wav,logging/11_11156.wav,test
natural sound,/Users/guidegiegg/งาน/โปรเจคเล็กๆ/PrePair_Sound/forest_sound_dataset/natural sound/6_10645.wav,natural sound/6_10645.wav,test
natural sound,/Users/guidegiegg/งาน/โปรเจคเล็กๆ/PrePair_Sound/forest_sound_dataset/natural sound/6_10611.wav,natural sound/6_10611.wav,test
fire,/Users/guidegiegg/งาน/โปรเจคเล็กๆ/PrePair_Sound/forest_sound_dataset/fire/y2mate.com - DD Ambience  Building on Fire  Blaze Inferno Wood Cracking Collapsing Loud Stressing_44.wav,fire/y2mate.com - DD Ambience  Building on Fire  Blaze Inferno Wood Cracking Collapsing Loud Stressing_44.wav,test
natural sound,/Users/guidegiegg/งาน/โปรเจคเล็กๆ/PrePair_Sound/forest_sound_dataset/natural sound/25_12550.wav,natural sound/25_12550.wav,test
fire,/Users/guidegiegg/งาน/โปรเจคเล็กๆ/PrePair_Sound/forest_sound_dataset/fire/y2mate.com - DD Ambience  Building on Fire  Blaze Inferno Wood Cracking Collapsing Loud Stressing_1_04.wav,fire/y2mate.com - DD Ambience  Building on Fire  Blaze Inferno Wood Cracking Collapsing Loud Stressing_1_04.wav,test
logging,/Users/guidegiegg/งาน/โปรเจคเล็กๆ/PrePair_Sound/forest_sound_dataset/logging/16_11637.wav,logging/16_11637.wav,test
logging,/Users/guidegiegg/งาน/โปรเจคเล็กๆ/PrePair_Sound/forest_sound_dataset/logging/10_11032.wav,logging/10_11032.wav,test
logging,/Users/guidegiegg/งาน/โปรเจคเล็กๆ/PrePair_Sound/forest_sound_dataset/logging/11_11167.wav,logging/11_11167.wav,test
poaching,/Users/guidegiegg/งาน/โปรเจคเล็กๆ/PrePair_Sound/forest_sound_dataset/poaching/5C3F8ED0_6886d0c8e2-1f50-4bcb-96d2-4a409951268ae6e40eaf-7186-4a9e-ab1e-8a10e949bbfb217b0aac-78bc-483c-a03a-409d4cb58548.WAV,poaching/5C3F8ED0_6886d0c8e2-1f50-4bcb-96d2-4a409951268ae6e40eaf-7186-4a9e-ab1e-8a10e949bbfb217b0aac-78bc-483c-a03a-409d4cb58548.WAV,test
logging,/Users/guidegiegg/งาน/โปรเจคเล็กๆ/PrePair_Sound/forest_sound_dataset/logging/16_11675.wav,logging/16_11675.wav,test
natural sound,/Users/guidegiegg/งาน/โปรเจคเล็กๆ/PrePair_Sound/forest_sound_dataset/natural sound/22_12225.wav,natural sound/22_12225.wav,test
natural sound,/Users/guidegiegg/งาน/โปรเจคเล็กๆ/PrePair_Sound/forest_sound_dataset/natural sound/3_10319.wav,natural sound/3_10319.wav,test
logging,/Users/guidegiegg/งาน/โปรเจคเล็กๆ/PrePair_Sound/forest_sound_dataset/logging/13_11310.wav,logging/13_11310.wav,test
natural sound,/Users/guidegiegg/งาน/โปรเจคเล็กๆ/PrePair_Sound/forest_sound_dataset/natural sound/5_10543.wav,natural sound/5_10543.wav,test
logging,/Users/guidegiegg/งาน/โปรเจคเล็กๆ/PrePair_Sound/forest_sound_dataset/logging/7_10706.wav,logging/7_10706.wav,test
natural sound,/Users/guidegiegg/งาน/โปรเจคเล็กๆ/PrePair_Sound/forest_sound_dataset/natural sound/if_necessary/19_11909.wav,natural sound/if_necessary/19_11909.wav,test
fire,/Users/guidegiegg/งาน/โปรเจคเล็กๆ/PrePair_Sound/forest_sound_dataset/fire/y2mate.com - DD Ambience  Building on Fire  Blaze Inferno Wood Cracking Collapsing Loud Stressing_1_57.wav,fire/y2mate.com - DD Ambience  Building on Fire  Blaze Inferno Wood Cracking Collapsing Loud Stressing_1_57.wav,test
poaching,/Users/guidegiegg/งาน/โปรเจคเล็กๆ/PrePair_Sound/forest_sound_dataset/poaching/15_11574.wav,poaching/15_11574.wav,test
logging,/Users/guidegiegg/งาน/โปรเจคเล็กๆ/PrePair_Sound/forest_sound_dataset/logging/1-7974-B-49.wav,logging/1-7974-B-49.wav,test
logging,/Users/guidegiegg/งาน/โปรเจคเล็กๆ/PrePair_Sound/forest_sound_dataset/logging/11_11152.wav,logging/11_11152.wav,test
natural sound,/Users/guidegiegg/งาน/โปรเจคเล็กๆ/PrePair_Sound/forest_sound_dataset/natural sound/26_12632.wav,natural sound/26_12632.wav,test
logging,/Users/guidegiegg/งาน/โปรเจคเล็กๆ/PrePair_Sound/forest_sound_dataset/logging/11_11134.wav,logging/11_11134.wav,test
natural sound,/Users/guidegiegg/งาน/โปรเจคเล็กๆ/PrePair_Sound/forest_sound_dataset/natural sound/26_12608.wav,natural sound/26_12608.wav,test
logging,/Users/guidegiegg/งาน/โปรเจคเล็กๆ/PrePair_Sound/forest_sound_dataset/logging/11_11133.wav,logging/11_11133.wav,test
fire,/Users/guidegiegg/งาน/โปรเจคเล็กๆ/PrePair_Sound/forest_sound_dataset/fire/1_10147.wav,fire/1_10147.wav,test
natural sound,/Users/guidegiegg/งาน/โปรเจคเล็กๆ/PrePair_Sound/forest_sound_dataset/natural sound/27_12740.wav,natural sound/27_12740.wav,test
natural sound,/Users/guidegiegg/งาน/โปรเจคเล็กๆ/PrePair_Sound/forest_sound_dataset/natural sound/24_12421.wav,natural sound/24_12421.wav,test
fire,/Users/guidegiegg/งาน/โปรเจคเล็กๆ/PrePair_Sound/forest_sound_dataset/fire/y2mate.com - DD Ambience  Building on Fire  Blaze Inferno Wood Cracking Collapsing Loud Stressing_30.wav,fire/y2mate.com - DD Ambience  Building on Fire  Blaze Inferno Wood Cracking Collapsing Loud Stressing_30.wav,test
natural sound,/Users/guidegiegg/งาน/โปรเจคเล็กๆ/PrePair_Sound/forest_sound_dataset/natural sound/23_12339.wav,natural sound/23_12339.wav,test
poaching,/Users/guidegiegg/งาน/โปรเจคเล็กๆ/PrePair_Sound/forest_sound_dataset/poaching/5C53AE90_34f7c284d6-721f-40e8-ab2a-53a67bacefe3c6559caa-c5fa-474b-931a-86d75b686a01d96e3dcc-4236-4aa9-98dd-1aece64929f2.WAV,poaching/5C53AE90_34f7c284d6-721f-40e8-ab2a-53a67bacefe3c6559caa-c5fa-474b-931a-86d75b686a01d96e3dcc-4236-4aa9-98dd-1aece64929f2.WAV,test
natural sound,/Users/guidegiegg/งาน/โปรเจคเล็กๆ/PrePair_Sound/forest_sound_dataset/natural sound/24_12418.wav,natural sound/24_12418.wav,test
natural sound,/Users/guidegiegg/งาน/โปรเจคเล็กๆ/PrePair_Sound/forest_sound_dataset/natural sound/26_12641.wav,natural sound/26_12641.wav,test
natural sound,/Users/guidegiegg/งาน/โปรเจคเล็กๆ/PrePair_Sound/forest_sound_dataset/natural sound/9_10944.wav,natural sound/9_10944.wav,test
natural sound,/Users/guidegiegg/งาน/โปรเจคเล็กๆ/PrePair_Sound/forest_sound_dataset/natural sound/23_12351.wav,natural sound/23_12351.wav,test
logging,/Users/guidegiegg/งาน/โปรเจคเล็กๆ/PrePair_Sound/forest_sound_dataset/logging/13_11323.wav,logging/13_11323.wav,test
poaching,/Users/guidegiegg/งาน/โปรเจคเล็กๆ/PrePair_Sound/forest_sound_dataset/poaching/14_11455.wav,poaching/14_11455.wav,test
logging,/Users/guidegiegg/งาน/โปรเจคเล็กๆ/PrePair_Sound/forest_sound_dataset/logging/11_11162.wav,logging/11_11162.wav,test
logging,/Users/guidegiegg/งาน/โปรเจคเล็กๆ/PrePair_Sound/forest_sound_dataset/logging/11_11101.wav,logging/11_11101.wav,test
natural sound,/Users/guidegiegg/งาน/โปรเจคเล็กๆ/PrePair_Sound/forest_sound_dataset/natural sound/25_12511.wav,natural sound/25_12511.wav,test
poaching,/Users/guidegiegg/งาน/โปรเจคเล็กๆ/PrePair_Sound/forest_sound_dataset/poaching/5BCB913C_6fe644302-a9fa-4344-aa51-af048f395b6166196ffe-9216-40c4-a013-82570a81bc3b1503b96c-9ddb-4216-96e0-d62127372704.WAV,poaching/5BCB913C_6fe644302-a9fa-4344-aa51-af048f395b6166196ffe-9216-40c4-a013-82570a81bc3b1503b96c-9ddb-4216-96e0-d62127372704.WAV,test
natural sound,/Users/guidegiegg/งาน/โปรเจคเล็กๆ/PrePair_Sound/forest_sound_dataset/natural sound/22_12252.wav,natural sound/22_12252.wav,test
natural sound,/Users/guidegiegg/งาน/โปรเจคเล็กๆ/PrePair_Sound/forest_sound_dataset/natural sound/25_12507.wav,natural sound/25_12507.wav,test
natural sound,/Users/guidegiegg/งาน/โปรเจคเล็กๆ/PrePair_Sound/forest_sound_dataset/natural sound/4_10433.wav,natural sound/4_10433.wav,test
natural sound,/Users/guidegiegg/งาน/โปรเจคเล็กๆ/PrePair_Sound/forest_sound_dataset/natural sound/21_12140.wav,natural sound/21_12140.wav,test
natural sound,/Users/guidegiegg/งาน/โปรเจคเล็กๆ/PrePair_Sound/forest_sound_dataset/natural sound/25_12533.wav,natural sound/25_12533.wav,test
logging,/Users/guidegiegg/งาน/โปรเจคเล็กๆ/PrePair_Sound/forest_sound_dataset/logging/13_11330.wav,logging/13_11330.wav,test
logging,/Users/guidegiegg/งาน/โปรเจคเล็กๆ/PrePair_Sound/forest_sound_dataset/logging/16_11616.wav,logging/16_11616.wav,test
logging,/Users/guidegiegg/งาน/โปรเจคเล็กๆ/PrePair_Sound/forest_sound_dataset/logging/16_11630.wav,logging/16_11630.wav,test
logging,/Users/guidegiegg/งาน/โปรเจคเล็กๆ/PrePair_Sound/forest_sound_dataset/logging/16_11623.wav,logging/16_11623.wav,test
natural sound,/Users/guidegiegg/งาน/โปรเจคเล็กๆ/PrePair_Sound/forest_sound_dataset/natural sound/25_12516.wav,natural sound/25_12516.wav,test
poaching,/Users/guidegiegg/งาน/โปรเจคเล็กๆ/PrePair_Sound/forest_sound_dataset/poaching/15_11555.wav,poaching/15_11555.wav,test
natural sound,/Users/guidegiegg/งาน/โปรเจคเล็กๆ/PrePair_Sound/forest_sound_dataset/natural sound/21_12102.wav,natural sound/21_12102.wav,test
poaching,/Users/guidegiegg/งาน/โปรเจคเล็กๆ/PrePair_Sound/forest_sound_dataset/poaching/5B6E6CDC_1884f73373-1194-457f-b853-efcf9995aed4e7de9b1e-675b-4f31-9ad0-3b68e929af35b7342fc3-69f5-465c-80f7-e430456dac71.WAV,poaching/5B6E6CDC_1884f73373-1194-457f-b853-efcf9995aed4e7de9b1e-675b-4f31-9ad0-3b68e929af35b7342fc3-69f5-465c-80f7-e430456dac71.WAV,test
poaching,/Users/guidegiegg/งาน/โปรเจคเล็กๆ/PrePair_Sound/forest_sound_dataset/poaching/New folder/double-barrel-shotgun_019_dbs_0m_center_1746.wav,poaching/New folder/double-barrel-shotgun_019_dbs_0m_center_1746.wav,test
natural sound,/Users/guidegiegg/งาน/โปรเจคเล็กๆ/PrePair_Sound/forest_sound_dataset/natural sound/21_12162.wav,natural sound/21_12162.wav,test
natural sound,/Users/guidegiegg/งาน/โปรเจคเล็กๆ/PrePair_Sound/forest_sound_dataset/natural sound/22_12253.wav,natural sound/22_12253.wav,test
natural sound,/Users/guidegiegg/งาน/โปรเจคเล็กๆ/PrePair_Sound/forest_sound_dataset/natural sound/if_necessary/20_12010.wav,natural sound/if_necessary/20_12010.wav,test
natural sound,/Users/guidegiegg/งาน/โปรเจคเล็กๆ/PrePair_Sound/forest_sound_dataset/natural sound/6_10629.wav,natural sound/6_10629.wav,test
natural sound,/Users/guidegiegg/งาน/โปรเจคเล็กๆ/PrePair_Sound/forest_sound_dataset/natural sound/8_10839.wav,natural sound/8_10839.wav,test
poaching,/Users/guidegiegg/งาน/โปรเจคเล็กๆ/PrePair_Sound/forest_sound_dataset/poaching/58FBC60213d97623-1ad6-4fc9-838e-849777207abe.WAV,poaching/58FBC60213d97623-1ad6-4fc9-838e-849777207abe.WAV,test
natural sound,/Users/guidegiegg/งาน/โปรเจคเล็กๆ/PrePair_Sound/forest_sound_dataset/natural sound/27_12737.wav,natural sound/27_12737.wav,test
natural sound,/Users/guidegiegg/งาน/โปรเจคเล็กๆ/PrePair_Sound/forest_sound_dataset/natural sound/3_10333.wav,natural sound/3_10333.wav,test
natural sound,/Users/guidegiegg/งาน/โปรเจคเล็กๆ/PrePair_Sound/forest_sound_dataset/natural sound/5_10570.wav,natural sound/5_10570.wav,test
natural sound,/Users/guidegiegg/งาน/โปรเจคเล็กๆ/PrePair_Sound/forest_sound_dataset/natural sound/if_necessary/18_11844.wav,natural sound/if_necessary/18_11844.wav,test
natural sound,/Users/guidegiegg/งาน/โปรเจคเล็กๆ/PrePair_Sound/forest_sound_dataset/natural sound/if_necessary/20_12027.wav,natural sound/if_necessary/20_12027.wav,test
poaching,/Users/guidegiegg/งาน/โปรเจคเล็กๆ/PrePair_Sound/forest_sound_dataset/poaching/5BA0ABAB_37b7665abd-46c0-473c-85c1-da48f35351d68e8c9650-13df-4a32-ba97-88bf9bd87303be96ad03-5061-4435-881a-02fca9e9bffd.WAV,poaching/5BA0ABAB_37b7665abd-46c0-473c-85c1-da48f35351d68e8c9650-13df-4a32-ba97-88bf9bd87303be96ad03-5061-4435-881a-02fca9e9bffd.WAV,test
poaching,/Users/guidegiegg/งาน/โปรเจคเล็กๆ/PrePair_Sound/forest_sound_dataset/poaching/5C2861C8_9a5f266a7-561c-4d18-b4b2-6d78e2d61a1a4e965970-b050-4e11-a6bf-2fa1f7f58a6e1e37f395-70eb-4154-a2af-f9ba8ea9ca24.WAV,poaching/5C2861C8_9a5f266a7-561c-4d18-b4b2-6d78e2d61a1a4e965970-b050-4e11-a6bf-2fa1f7f58a6e1e37f395-70eb-4154-a2af-f9ba8ea9ca24.WAV,test
logging,/Users/guidegiegg/งาน/โปรเจคเล็กๆ/PrePair_Sound/forest_sound_dataset/logging/13_11354.wav,logging/13_11354.wav,test
poaching,/Users/guidegiegg/งาน/โปรเจคเล็กๆ/PrePair_Sound/forest_sound_dataset/poaching/New folder/winchester-m14_012_SA_019A_S04.wav,poaching/New folder/winchester-m14_012_SA_019A_S04.wav,test
natural sound,/Users/guidegiegg/งาน/โปรเจคเล็กๆ/PrePair_Sound/forest_sound_dataset/natural sound/if_necessary/18_11823.wav,natural sound/if_necessary/18_11823.wav,test
natural sound,/Users/guidegiegg/งาน/โปรเจคเล็กๆ/PrePair_Sound/forest_sound_dataset/natural sound/23_12353.wav,natural sound/23_12353.wav,test
natural sound,/Users/guidegiegg/งาน/โปรเจคเล็กๆ/PrePair_Sound/forest_sound_dataset/natural sound/26_12647.wav,natural sound/26_12647.wav,test
fire,/Users/guidegiegg/งาน/โปรเจคเล็กๆ/PrePair_Sound/forest_sound_dataset/fire/1_10106.wav,fire/1_10106.wav,test
fire,/Users/guidegiegg/งาน/โปรเจคเล็กๆ/PrePair_Sound/forest_sound_dataset/fire/y2mate.com - DD Ambience  Building on Fire  Blaze Inferno Wood Cracking Collapsing Loud Stressing_1_44.wav,fire/y2mate.com - DD Ambience  Building on Fire  Blaze Inferno Wood Cracking Collapsing Loud Stressing_1_44.wav,test
natural sound,/Users/guidegiegg/งาน/โปรเจคเล็กๆ/PrePair_Sound/forest_sound_dataset/natural sound/21_12165.wav,natural sound/21_12165.wav,test
natural sound,/Users/guidegiegg/งาน/โปรเจคเล็กๆ/PrePair_Sound/forest_sound_dataset/natural sound/6_10667.wav,natural sound/6_10667.wav,test
poaching,/Users/guidegiegg/งาน/โปรเจคเล็กๆ/PrePair_Sound/forest_sound_dataset/poaching/5C5C8120_399ab0e779-af24-4b18-a6ea-66f53a63266112a7705a-63bf-4630-9e86-608ee4c83713ce4ddc8b-b888-4ea4-972c-79038276f740.WAV,poaching/5C5C8120_399ab0e779-af24-4b18-a6ea-66f53a63266112a7705a-63bf-4630-9e86-608ee4c83713ce4ddc8b-b888-4ea4-972c-79038276f740.WAV,test
logging,/Users/guidegiegg/งาน/โปรเจคเล็กๆ/PrePair_Sound/forest_sound_dataset/logging/11_11126.wav,logging/11_11126.wav,test
logging,/Users/guidegiegg/งาน/โปรเจคเล็กๆ/PrePair_Sound/forest_sound_dataset/logging/2-184077-A-49.wav,logging/2-184077-A-49.wav,test
logging,/Users/guidegiegg/งาน/โปรเจคเล็กๆ/PrePair_Sound/forest_sound_dataset/logging/4-102844-A-49.wav,logging/4-102844-A-49.wav,test
poaching,/Users/guidegiegg/งาน/โปรเจคเล็กๆ/PrePair_Sound/forest_sound_dataset/poaching/15_11535.wav,poaching/15_11535.wav,test
logging,/Users/guidegiegg/งาน/โปรเจคเล็กๆ/PrePair_Sound/forest_sound_dataset/logging/11_11151.wav,logging/11_11151.wav,test
natural sound,/Users/guidegiegg/งาน/โปรเจคเล็กๆ/PrePair_Sound/forest_sound_dataset/natural sound/if_necessary/17_11710.wav,natural sound/if_necessary/17_11710.wav,test
poaching,/Users/guidegiegg/งาน/โปรเจคเล็กๆ/PrePair_Sound/forest_sound_dataset/poaching/15_11524.wav,poaching/15_11524.wav,test
poaching,/Users/guidegiegg/งาน/โปรเจคเล็กๆ/PrePair_Sound/forest_sound_dataset/poaching/New folder/glock_013_13bfab79-9198-4558-a1bf-4f8aedd4d6f9_chan5_v0.wav,poaching/New folder/glock_013_13bfab79-9198-4558-a1bf-4f8aedd4d6f9_chan5_v0.wav,test
logging,/Users/guidegiegg/งาน/โปรเจคเล็กๆ/PrePair_Sound/forest_sound_dataset/logging/7_10761.wav,logging/7_10761.wav,test
natural sound,/Users/guidegiegg/งาน/โปรเจคเล็กๆ/PrePair_Sound/forest_sound_dataset/natural sound/27_12753.wav,natural sound/27_12753.wav,test
natural sound,/Users/guidegiegg/งาน/โปรเจคเล็กๆ/PrePair_Sound/forest_sound_dataset/natural sound/if_necessary/20_12034.wav,natural sound/if_necessary/20_12034.wav,test
logging,/Users/guidegiegg/งาน/โปรเจคเล็กๆ/PrePair_Sound/forest_sound_dataset/logging/3-118656-A-41.wav,logging/3-118656-A-41.wav,test
natural sound,/Users/guidegiegg/งาน/โปรเจคเล็กๆ/PrePair_Sound/forest_sound_dataset/natural sound/6_10672.wav,natural sound/6_10672.wav,test
logging,/Users/guidegiegg/งาน/โปรเจคเล็กๆ/PrePair_Sound/forest_sound_dataset/logging/11_11109.wav,logging/11_11109.wav,test
poaching,/Users/guidegiegg/งาน/โปรเจคเล็กๆ/PrePair_Sound/forest_sound_dataset/poaching/5B8B4ACE_29604a8f74-9cbc-4303-ae16-f1d59d7c818f83656191-6694-4498-bfd4-08d39c8d5142b757b64d-78b8-4b49-a295-793d5bc1084a.WAV,poaching/5B8B4ACE_29604a8f74-9cbc-4303-ae16-f1d59d7c818f83656191-6694-4498-bfd4-08d39c8d5142b757b64d-78b8-4b49-a295-793d5bc1084a.WAV,test
poaching,/Users/guidegiegg/งาน/โปรเจคเล็กๆ/PrePair_Sound/forest_sound_dataset/poaching/15_11553.wav,poaching/15_11553.wav,test
poaching,/Users/guidegiegg/งาน/โปรเจคเล็กๆ/PrePair_Sound/forest_sound_dataset/poaching/5BF006C9_237836b5f8-4007-4eb9-a5cb-f05bf69c3cff2fe12e52-98e3-44d4-8561-b64009218bfb0f03586f-2337-45bd-a575-4f1bdb7f6031.WAV,poaching/5BF006C9_237836b5f8-4007-4eb9-a5cb-f05bf69c3cff2fe12e52-98e3-44d4-8561-b64009218bfb0f03586f-2337-45bd-a575-4f1bdb7f6031.WAV,test
poaching,/Users/guidegiegg/งาน/โปรเจคเล็กๆ/PrePair_Sound/forest_sound_dataset/poaching/58FBD45A54c6c63a-9792-4af7-bb0b-b2cbe6dc2eea.WAV,poaching/58FBD45A54c6c63a-9792-4af7-bb0b-b2cbe6dc2eea.WAV,test
logging,/Users/guidegiegg/งาน/โปรเจคเล็กๆ/PrePair_Sound/forest_sound_dataset/logging/10_11010.wav,logging/10_11010.wav,test
natural sound,/Users/guidegiegg/งาน/โปรเจคเล็กๆ/PrePair_Sound/forest_sound_dataset/natural sound/27_12750.wav,natural sound/27_12750.wav,test
natural sound,/Users/guidegiegg/งาน/โปรเจคเล็กๆ/PrePair_Sound/forest_sound_dataset/natural sound/21_12174.wav,natural sound/21_12174.wav,test
natural sound,/Users/guidegiegg/งาน/โปรเจคเล็กๆ/PrePair_Sound/forest_sound_dataset/natural sound/2_10208.wav,natural sound/2_10208.wav,test
natural sound,/Users/guidegiegg/งาน/โปรเจคเล็กๆ/PrePair_Sound/forest_sound_dataset/natural sound/if_necessary/18_11846.wav,natural sound/if_necessary/18_11846.wav,test
natural sound,/Users/guidegiegg/งาน/โปรเจคเล็กๆ/PrePair_Sound/forest_sound_dataset/natural sound/6_10627.wav,natural sound/6_10627.wav,test
logging,/Users/guidegiegg/งาน/โปรเจคเล็กๆ/PrePair_Sound/forest_sound_dataset/logging/16_11632.wav,logging/16_11632.wav,test
poaching,/Users/guidegiegg/งาน/โปรเจคเล็กๆ/PrePair_Sound/forest_sound_dataset/poaching/14_11436.wav,poaching/14_11436.wav,test
fire,/Users/guidegiegg/งาน/โปรเจคเล็กๆ/PrePair_Sound/forest_sound_dataset/fire/videoplayback_49.wav,fire/videoplayback_49.wav,test
natural sound,/Users/guidegiegg/งาน/โปรเจคเล็กๆ/PrePair_Sound/forest_sound_dataset/natural sound/22_12229.wav,natural sound/22_12229.wav,test
natural sound,/Users/guidegiegg/งาน/โปรเจคเล็กๆ/PrePair_Sound/forest_sound_dataset/natural sound/4_10436.wav,natural sound/4_10436.wav,test
natural sound,/Users/guidegiegg/งาน/โปรเจคเล็กๆ/PrePair_Sound/forest_sound_dataset/natural sound/5_10515.wav,natural sound/5_10515.wav,test
natural sound,/Users/guidegiegg/งาน/โปรเจคเล็กๆ/PrePair_Sound/forest_sound_dataset/natural sound/8_10827.wav,natural sound/8_10827.wav,test
poaching,/Users/guidegiegg/งาน/โปรเจคเล็กๆ/PrePair_Sound/forest_sound_dataset/poaching/5C2D6374_79dcfce81-2840-454d-9f85-b6196fc3a541eb078c94-6c79-44d9-865e-3cf45a08fdd5ff1ff82e-47ad-475b-84b7-363889c23e2e.WAV,poaching/5C2D6374_79dcfce81-2840-454d-9f85-b6196fc3a541eb078c94-6c79-44d9-865e-3cf45a08fdd5ff1ff82e-47ad-475b-84b7-363889c23e2e.WAV,test
natural sound,/Users/guidegiegg/งาน/โปรเจคเล็กๆ/PrePair_Sound/forest_sound_dataset/natural sound/24_12432.wav,natural sound/24_12432.wav,test
logging,/Users/guidegiegg/งาน/โปรเจคเล็กๆ/PrePair_Sound/forest_sound_dataset/logging/7_10746.wav,logging/7_10746.wav,test
poaching,/Users/guidegiegg/งาน/โปรเจคเล็กๆ/PrePair_Sound/forest_sound_dataset/poaching/5C5CD0BA_19fe57b25f-12c1-4d3a-8786-13d59c49d8d6cd33b857-ae04-4e81-9f71-feb53e9e97e70882d059-eb1e-4308-8148-e6674a304f63.WAV,poaching/5C5CD0BA_19fe57b25f-12c1-4d3a-8786-13d59c49d8d6cd33b857-ae04-4e81-9f71-feb53e9e97e70882d059-eb1e-4308-8148-e6674a304f63.WAV,test
poaching,/Users/guidegiegg/งาน/โปรเจคเล็กๆ/PrePair_Sound/forest_sound_dataset/poaching/5C6462C5_303d2d1b0a-3d85-4cfc-8009-a4ca964c132e6d531b58-51cb-4de3-8a95-622a20629c178f57c961-5323-4080-b009-b9b2b16f0fb8.WAV,poaching/5C6462C5_303d2d1b0a-3d85-4cfc-8009-a4ca964c132e6d531b58-51cb-4de3-8a95-622a20629c178f57c961-5323-4080-b009-b9b2b16f0fb8.WAV,test
natural sound,/Users/guidegiegg/งาน/โปรเจคเล็กๆ/PrePair_Sound/forest_sound_dataset/natural sound/26_12655.wav,natural sound/26_12655.wav,test
poaching,/Users/guidegiegg/งาน/โปรเจคเล็กๆ/PrePair_Sound/forest_sound_dataset/poaching/58FBC58367e2d681-4ba6-4717-ace3-abfa2e025d4f.WAV,poaching/58FBC58367e2d681-4ba6-4717-ace3-abfa2e025d4f.WAV,test
fire,/Users/guidegiegg/งาน/โปรเจคเล็กๆ/PrePair_Sound/forest_sound_dataset/fire/2-30322-A-12.wav,fire/2-30322-A-12.wav,test
natural sound,/Users/guidegiegg/งาน/โปรเจคเล็กๆ/PrePair_Sound/forest_sound_dataset/natural sound/if_necessary/19_11968.wav,natural sound/if_necessary/19_11968.wav,test
logging,/Users/guidegiegg/งาน/โปรเจคเล็กๆ/PrePair_Sound/forest_sound_dataset/logging/7_10712.wav,logging/7_10712.wav,test
natural sound,/Users/guidegiegg/งาน/โปรเจคเล็กๆ/PrePair_Sound/forest_sound_dataset/natural sound/if_necessary/18_11851.wav,natural sound/if_necessary/18_11851.wav,test
logging,/Users/guidegiegg/งาน/โปรเจคเล็กๆ/PrePair_Sound/forest_sound_dataset/logging/16_11673.wav,logging/16_11673.wav,test
natural sound,/Users/guidegiegg/งาน/โปรเจคเล็กๆ/PrePair_Sound/forest_sound_dataset/natural sound/27_12743.wav,natural sound/27_12743.wav,test
natural sound,/Users/guidegiegg/งาน/โปรเจคเล็กๆ/PrePair_Sound/forest_sound_dataset/natural sound/if_necessary/20_12018.wav,natural sound/if_necessary/20_12018.wav,test
natural sound,/Users/guidegiegg/งาน/โปรเจคเล็กๆ/PrePair_Sound/forest_sound_dataset/natural sound/if_necessary/19_11923.wav,natural sound/if_necessary/19_11923.wav,test
fire,/Users/guidegiegg/งาน/โปรเจคเล็กๆ/PrePair_Sound/forest_sound_dataset/fire/1_10133.wav,fire/1_10133.wav,test
natural sound,/Users/guidegiegg/งาน/โปรเจคเล็กๆ/PrePair_Sound/forest_sound_dataset/natural sound/22_12226.wav,natural sound/22_12226.wav,test
natural sound,/Users/guidegiegg/งาน/โปรเจคเล็กๆ/PrePair_Sound/forest_sound_dataset/natural sound/if_necessary/17_11707.wav,natural sound/if_necessary/17_11707.wav,test
natural sound,/Users/guidegiegg/งาน/โปรเจคเล็กๆ/PrePair_Sound/forest_sound_dataset/natural sound/21_12150.wav,natural sound/21_12150.wav,test
natural sound,/Users/guidegiegg/งาน/โปรเจคเล็กๆ/PrePair_Sound/forest_sound_dataset/natural sound/24_12447.wav,natural sound/24_12447.wav,test
logging,/Users/guidegiegg/งาน/โปรเจคเล็กๆ/PrePair_Sound/forest_sound_dataset/logging/10_11035.wav,logging/10_11035.wav,test
poaching,/Users/guidegiegg/งาน/โปรเจคเล็กๆ/PrePair_Sound/forest_sound_dataset/poaching/New folder/m16_013_5 (61).wav,poaching/New folder/m16_013_5 (61).wav,test
poaching,/Users/guidegiegg/งาน/โปรเจคเล็กๆ/PrePair_Sound/forest_sound_dataset/poaching/14_11407.wav,poaching/14_11407.wav,test
poaching,/Users/guidegiegg/งาน/โปรเจคเล็กๆ/PrePair_Sound/forest_sound_dataset/poaching/New folder/glock_011_2e743d86-86f3-4ee6-8e8d-20618a383433_chan3_v0.wav,poaching/New folder/glock_011_2e743d86-86f3-4ee6-8e8d-20618a383433_chan3_v0.wav,test
natural sound,/Users/guidegiegg/งาน/โปรเจคเล็กๆ/PrePair_Sound/forest_sound_dataset/natural sound/4_10421.wav,natural sound/4_10421.wav,test
natural sound,/Users/guidegiegg/งาน/โปรเจคเล็กๆ/PrePair_Sound/forest_sound_dataset/natural sound/2_10241.wav,natural sound/2_10241.wav,test
logging,/Users/guidegiegg/งาน/โปรเจคเล็กๆ/PrePair_Sound/forest_sound_dataset/logging/4-251645-A-49.wav,logging/4-251645-A-49.wav,test
natural sound,/Users/guidegiegg/งาน/โปรเจคเล็กๆ/PrePair_Sound/forest_sound_dataset/natural sound/8_10812.wav,natural sound/8_10812.wav,test
fire,/Users/guidegiegg/งาน/โปรเจคเล็กๆ/PrePair_Sound/forest_sound_dataset/fire/y2mate.com - DD Ambience  Building on Fire  Blaze Inferno Wood Cracking Collapsing Loud Stressing_46.wav,fire/y2mate.com - DD Ambience  Building on Fire  Blaze Inferno Wood Cracking Collapsing Loud Stressing_46.wav,test
poaching,/Users/guidegiegg/งาน/โปรเจคเล็กๆ/PrePair_Sound/forest_sound_dataset/poaching/New folder/sig-p225_010_SA_150B_S06.wav,poaching/New folder/sig-p225_010_SA_150B_S06.wav,test
fire,/Users/guidegiegg/งาน/โปรเจคเล็กๆ/PrePair_Sound/forest_sound_dataset/fire/1_10157.wav,fire/1_10157.wav,test
poaching,/Users/guidegiegg/งาน/โปรเจคเล็กๆ/PrePair_Sound/forest_sound_dataset/poaching/5C5C80EC_244b0f274f-0c2f-4f4c-9e27-e4228f3174995324e1d9-19cb-4286-a01b-2083f0f16998e7b7ffef-ed86-4505-8a05-5b7e08255276.WAV,poaching/5C5C80EC_244b0f274f-0c2f-4f4c-9e27-e4228f3174995324e1d9-19cb-4286-a01b-2083f0f16998e7b7ffef-ed86-4505-8a05-5b7e08255276.WAV,test
poaching,/Users/guidegiegg/งาน/โปรเจคเล็กๆ/PrePair_Sound/forest_sound_dataset/poaching/15_11542.wav,poaching/15_11542.wav,test
natural sound,/Users/guidegiegg/งาน/โปรเจคเล็กๆ/PrePair_Sound/forest_sound_dataset/natural sound/2_10223.wav,natural sound/2_10223.wav,test
natural sound,/Users/guidegiegg/งาน/โปรเจคเล็กๆ/PrePair_Sound/forest_sound_dataset/natural sound/26_12614.wav,natural sound/26_12614.wav,test
natural sound,/Users/guidegiegg/งาน/โปรเจคเล็กๆ/PrePair_Sound/forest_sound_dataset/natural sound/if_necessary/20_12005.wav,natural sound/if_necessary/20_12005.wav,test
natural sound,/Users/guidegiegg/งาน/โปรเจคเล็กๆ/PrePair_Sound/forest_sound_dataset/natural sound/23_12346.wav,natural sound/23_12346.wav,test
poaching,/Users/guidegiegg/งาน/โปรเจคเล็กๆ/PrePair_Sound/forest_sound_dataset/poaching/5C297473_403264eed4-4286-48d7-874b-de0f9381179c3bede4a9-4529-46b2-9591-7b18e9c593e18c86f0ea-6e45-4a65-867f-3c8c369be3c8.WAV,poaching/5C297473_403264eed4-4286-48d7-874b-de0f9381179c3bede4a9-4529-46b2-9591-7b18e9c593e18c86f0ea-6e45-4a65-867f-3c8c369be3c8.WAV,test
natural sound,/Users/guidegiegg/งาน/โปรเจคเล็กๆ/PrePair_Sound/forest_sound_dataset/natural sound/27_12711.wav,natural sound/27_12711.wav,test
natural sound,/Users/guidegiegg/งาน/โปรเจคเล็กๆ/PrePair_Sound/forest_sound_dataset/natural sound/5_10568.wav,natural sound/5_10568.wav,test
natural sound,/Users/guidegiegg/งาน/โปรเจคเล็กๆ/PrePair_Sound/forest_sound_dataset/natural sound/6_10635.wav,natural sound/6_10635.wav,test
natural sound,/Users/guidegiegg/งาน/โปรเจคเล็กๆ/PrePair_Sound/forest_sound_dataset/natural sound/27_12774.wav,natural sound/27_12774.wav,test
natural sound,/Users/guidegiegg/งาน/โปรเจคเล็กๆ/PrePair_Sound/forest_sound_dataset/natural sound/5_10558.wav,natural sound/5_10558.wav,test
poaching,/Users/guidegiegg/งาน/โปรเจคเล็กๆ/PrePair_Sound/forest_sound_dataset/poaching/58FBC5439a77c361-6bb6-4e31-bd32-b2347d7ce499.WAV,poaching/58FBC5439a77c361-6bb6-4e31-bd32-b2347d7ce499.WAV,test
natural sound,/Users/guidegiegg/งาน/โปรเจคเล็กๆ/PrePair_Sound/forest_sound_dataset/natural sound/6_10650.wav,natural sound/6_10650.wav,test
logging,/Users/guidegiegg/งาน/โปรเจคเล็กๆ/PrePair_Sound/forest_sound_dataset/logging/3-96606-B-49.wav,logging/3-96606-B-49.wav,test
poaching,/Users/guidegiegg/งาน/โปรเจคเล็กๆ/PrePair_Sound/forest_sound_dataset/poaching/5B5E6B3D_221f6fadc-0004-457e-9c91-ff5cbaaaafc97b98baa1-b963-467f-9b28-3212b24857e9cb50d1c8-add0-4095-9ab9-ecadf30b0245.WAV,poaching/5B5E6B3D_221f6fadc-0004-457e-9c91-ff5cbaaaafc97b98baa1-b963-467f-9b28-3212b24857e9cb50d1c8-add0-4095-9ab9-ecadf30b0245.WAV,test
poaching,/Users/guidegiegg/งาน/โปรเจคเล็กๆ/PrePair_Sound/forest_sound_dataset/poaching/15_11521.wav,poaching/15_11521.wav,test
fire,/Users/guidegiegg/งาน/โปรเจคเล็กๆ/PrePair_Sound/forest_sound_dataset/fire/y2mate.com - DD Ambience  Building on Fire  Blaze Inferno Wood Cracking Collapsing Loud Stressing_1_61.wav,fire/y2mate.com - DD Ambience  Building on Fire  Blaze Inferno Wood Cracking Collapsing Loud Stressing_1_61.wav,test
natural sound,/Users/guidegiegg/งาน/โปรเจคเล็กๆ/PrePair_Sound/forest_sound_dataset/natural sound/3_10341.wav,natural sound/3_10341.wav,test
natural sound,/Users/guidegiegg/งาน/โปรเจคเล็กๆ/PrePair_Sound/forest_sound_dataset/natural sound/27_12706.wav,natural sound/27_12706.wav,test
natural sound,/Users/guidegiegg/งาน/โปรเจคเล็กๆ/PrePair_Sound/forest_sound_dataset/natural sound/24_12458.wav,natural sound/24_12458.wav,test
natural sound,/Users/guidegiegg/งาน/โปรเจคเล็กๆ/PrePair_Sound/forest_sound_dataset/natural sound/if_necessary/17_11712.wav,natural sound/if_necessary/17_11712.wav,test
natural sound,/Users/guidegiegg/งาน/โปรเจคเล็กๆ/PrePair_Sound/forest_sound_dataset/natural sound/4_10473.wav,natural sound/4_10473.wav,test
poaching,/Users/guidegiegg/งาน/โปรเจคเล็กๆ/PrePair_Sound/forest_sound_dataset/poaching/New folder/winchester-m14_003_SA_079A_S07.wav,poaching/New folder/winchester-m14_003_SA_079A_S07.wav,test
natural sound,/Users/guidegiegg/งาน/โปรเจคเล็กๆ/PrePair_Sound/forest_sound_dataset/natural sound/25_12514.wav,natural sound/25_12514.wav,test
fire,/Users/guidegiegg/งาน/โปรเจคเล็กๆ/PrePair_Sound/forest_sound_dataset/fire/209651__porphyr__synthetic-fire-effect.wav,fire/209651__porphyr__synthetic-fire-effect.wav,test
poaching,/Users/guidegiegg/งาน/โปรเจคเล็กๆ/PrePair_Sound/forest_sound_dataset/poaching/5C4DACE6_800ad69e29-75ea-447d-a0d0-7916defae0cd938fff9e-691c-41e5-adb3-7ad9890e4dcd1dac5f23-b838-4f15-922d-b85632f1e895.WAV,poaching/5C4DACE6_800ad69e29-75ea-447d-a0d0-7916defae0cd938fff9e-691c-41e5-adb3-7ad9890e4dcd1dac5f23-b838-4f15-922d-b85632f1e895.WAV,test
natural sound,/Users/guidegiegg/งาน/โปรเจคเล็กๆ/PrePair_Sound/forest_sound_dataset/natural sound/22_12260.wav,natural sound/22_12260.wav,test
fire,/Users/guidegiegg/งาน/โปรเจคเล็กๆ/PrePair_Sound/forest_sound_dataset/fire/y2mate.com - DD Ambience  Building on Fire  Blaze Inferno Wood Cracking Collapsing Loud Stressing_1_41.wav,fire/y2mate.com - DD Ambience  Building on Fire  Blaze Inferno Wood Cracking Collapsing Loud Stressing_1_41.wav,test
natural sound,/Users/guidegiegg/งาน/โปรเจคเล็กๆ/PrePair_Sound/forest_sound_dataset/natural sound/8_10802.wav,natural sound/8_10802.wav,test
natural sound,/Users/guidegiegg/งาน/โปรเจคเล็กๆ/PrePair_Sound/forest_sound_dataset/natural sound/23_12302.wav,natural sound/23_12302.wav,test
natural sound,/Users/guidegiegg/งาน/โปรเจคเล็กๆ/PrePair_Sound/forest_sound_dataset/natural sound/3_10311.wav,natural sound/3_10311.wav,test
natural sound,/Users/guidegiegg/งาน/โปรเจคเล็กๆ/PrePair_Sound/forest_sound_dataset/natural sound/4_10435.wav,natural sound/4_10435.wav,test
natural sound,/Users/guidegiegg/งาน/โปรเจคเล็กๆ/PrePair_Sound/forest_sound_dataset/natural sound/9_10905.wav,natural sound/9_10905.wav,test
poaching,/Users/guidegiegg/งาน/โปรเจคเล็กๆ/PrePair_Sound/forest_sound_dataset/poaching/New folder/winchester-m14_015_SA_099A_S01.wav,poaching/New folder/winchester-m14_015_SA_099A_S01.wav,test
natural sound,/Users/guidegiegg/งาน/โปรเจคเล็กๆ/PrePair_Sound/forest_sound_dataset/natural sound/4_10402.wav,natural sound/4_10402.wav,test
logging,/Users/guidegiegg/งาน/โปรเจคเล็กๆ/PrePair_Sound/forest_sound_dataset/logging/7_10765.wav,logging/7_10765.wav,test
natural sound,/Users/guidegiegg/งาน/โปรเจคเล็กๆ/PrePair_Sound/forest_sound_dataset/natural sound/2_10260.wav,natural sound/2_10260.wav,test
poaching,/Users/guidegiegg/งาน/โปรเจคเล็กๆ/PrePair_Sound/forest_sound_dataset/poaching/5C2F52F9_31525d2949-ded7-41b0-8e8a-9ecb05fe684af24039b9-6c1a-4796-b5fb-291f7af1baff1cdfee87-e028-4d68-9355-cd7a22e85afc.WAV,poaching/5C2F52F9_31525d2949-ded7-41b0-8e8a-9ecb05fe684af24039b9-6c1a-4796-b5fb-291f7af1baff1cdfee87-e028-4d68-9355-cd7a22e85afc.WAV,test
poaching,/Users/guidegiegg/งาน/โปรเจคเล็กๆ/PrePair_Sound/forest_sound_dataset/poaching/15_11526.wav,poaching/15_11526.wav,test
natural sound,/Users/guidegiegg/งาน/โปรเจคเล็กๆ/PrePair_Sound/forest_sound_dataset/natural sound/9_10915.wav,natural sound/9_10915.wav,test
natural sound,/Users/guidegiegg/งาน/โปรเจคเล็กๆ/PrePair_Sound/forest_sound_dataset/natural sound/3_10332.wav,natural sound/3_10332.wav,test
logging,/Users/guidegiegg/งาน/โปรเจคเล็กๆ/PrePair_Sound/forest_sound_dataset/logging/16_11664.wav,logging/16_11664.wav,test
poaching,/Users/guidegiegg/งาน/โปรเจคเล็กๆ/PrePair_Sound/forest_sound_dataset/poaching/14_11442.wav,poaching/14_11442.wav,test
natural sound,/Users/guidegiegg/งาน/โปรเจคเล็กๆ/PrePair_Sound/forest_sound_dataset/natural sound/9_10959.wav,natural sound/9_10959.wav,test
logging,/Users/guidegiegg/งาน/โปรเจคเล็กๆ/PrePair_Sound/forest_sound_dataset/logging/7_10741.wav,logging/7_10741.wav,test
natural sound,/Users/guidegiegg/งาน/โปรเจคเล็กๆ/PrePair_Sound/forest_sound_dataset/natural sound/25_12573.wav,natural sound/25_12573.wav,test
natural sound,/Users/guidegiegg/งาน/โปรเจคเล็กๆ/PrePair_Sound/forest_sound_dataset/natural sound/24_12406.wav,natural sound/24_12406.wav,test
natural sound,/Users/guidegiegg/งาน/โปรเจคเล็กๆ/PrePair_Sound/forest_sound_dataset/natural sound/9_10941.wav,natural sound/9_10941.wav,test
natural sound,/Users/guidegiegg/งาน/โปรเจคเล็กๆ/PrePair_Sound/forest_sound_dataset/natural sound/8_10803.wav,natural sound/8_10803.wav,test
fire,/Users/guidegiegg/งาน/โปรเจคเล็กๆ/PrePair_Sound/forest_sound_dataset/fire/videoplayback_57.wav,fire/videoplayback_57.wav,test
poaching,/Users/guidegiegg/งาน/โปรเจคเล็กๆ/PrePair_Sound/forest_sound_dataset/poaching/58FBD49Ada207e39-9218-423b-9794-2d69625933b3.WAV,poaching/58FBD49Ada207e39-9218-423b-9794-2d69625933b3.WAV,test
natural sound,/Users/guidegiegg/งาน/โปรเจคเล็กๆ/PrePair_Sound/forest_sound_dataset/natural sound/22_12255.wav,natural sound/22_12255.wav,test
logging,/Users/guidegiegg/งาน/โปรเจคเล็กๆ/PrePair_Sound/forest_sound_dataset/logging/11_11135.wav,logging/11_11135.wav,test
natural sound,/Users/guidegiegg/งาน/โปรเจคเล็กๆ/PrePair_Sound/forest_sound_dataset/natural sound/if_necessary/19_11953.wav,natural sound/if_necessary/19_11953.wav,test
fire,/Users/guidegiegg/งาน/โปรเจคเล็กๆ/PrePair_Sound/forest_sound_dataset/fire/y2mate.com - DD Ambience  Building on Fire  Blaze Inferno Wood Cracking Collapsing Loud Stressing_28.wav,fire/y2mate.com - DD Ambience  Building on Fire  Blaze Inferno Wood Cracking Collapsing Loud Stressing_28.wav,test
fire,/Users/guidegiegg/งาน/โปรเจคเล็กๆ/PrePair_Sound/forest_sound_dataset/fire/4-170247-A-12.wav,fire/4-170247-A-12.wav,test
fire,/Users/guidegiegg/งาน/โปรเจคเล็กๆ/PrePair_Sound/forest_sound_dataset/fire/1_10104.wav,fire/1_10104.wav,test
poaching,/Users/guidegiegg/งาน/โปรเจคเล็กๆ/PrePair_Sound/forest_sound_dataset/poaching/601B1815.WAV,poaching/601B1815.WAV,test
natural sound,/Users/guidegiegg/งาน/โปรเจคเล็กๆ/PrePair_Sound/forest_sound_dataset/natural sound/6_10664.wav,natural sound/6_10664.wav,test
poaching,/Users/guidegiegg/งาน/โปรเจคเล็กๆ/PrePair_Sound/forest_sound_dataset/poaching/5C4DB3C4_32caa35f51-148a-423b-995a-71092ca0ac43a42a1861-b35b-4d84-a793-4aeb163b03c8347a50c9-fce2-479f-b264-26983b219c29.WAV,poaching/5C4DB3C4_32caa35f51-148a-423b-995a-71092ca0ac43a42a1861-b35b-4d84-a793-4aeb163b03c8347a50c9-fce2-479f-b264-26983b219c29.WAV,test
logging,/Users/guidegiegg/งาน/โปรเจคเล็กๆ/PrePair_Sound/forest_sound_dataset/logging/7_10737.wav,logging/7_10737.wav,test
natural sound,/Users/guidegiegg/งาน/โปรเจคเล็กๆ/PrePair_Sound/forest_sound_dataset/natural sound/22_12216.wav,natural sound/22_12216.wav,test
natural sound,/Users/guidegiegg/งาน/โปรเจคเล็กๆ/PrePair_Sound/forest_sound_dataset/natural sound/22_12205.wav,natural sound/22_12205.wav,test
natural sound,/Users/guidegiegg/งาน/โปรเจคเล็กๆ/PrePair_Sound/forest_sound_dataset/natural sound/9_10951.wav,natural sound/9_10951.wav,test
poaching,/Users/guidegiegg/งาน/โปรเจคเล็กๆ/PrePair_Sound/forest_sound_dataset/poaching/5C52E8A8_102cb8ad5-e452-44b6-ba17-cd56739092a165590594-e972-455b-ba18-49924c5a6550aaad02e1-8c99-47eb-b698-cb0431479a77.WAV,poaching/5C52E8A8_102cb8ad5-e452-44b6-ba17-cd56739092a165590594-e972-455b-ba18-49924c5a6550aaad02e1-8c99-47eb-b698-cb0431479a77.WAV,test
poaching,/Users/guidegiegg/งาน/โปรเจคเล็กๆ/PrePair_Sound/forest_sound_dataset/poaching/5C2D634A_6d0e6891c-d3b8-49af-a44c-a424de44fde08626d94e-4946-43e6-956c-353a96b8c93eece82a79-8099-41d6-ad91-6f7b9e276c83.WAV,poaching/5C2D634A_6d0e6891c-d3b8-49af-a44c-a424de44fde08626d94e-4946-43e6-956c-353a96b8c93eece82a79-8099-41d6-ad91-6f7b9e276c83.WAV,test
poaching,/Users/guidegiegg/งาน/โปรเจคเล็กๆ/PrePair_Sound/forest_sound_dataset/poaching/58FBC5AFd1340fdd-ae91-41f8-b3d7-93e24d38a357.WAV,poaching/58FBC5AFd1340fdd-ae91-41f8-b3d7-93e24d38a357.WAV,test
natural sound,/Users/guidegiegg/งาน/โปรเจคเล็กๆ/PrePair_Sound/forest_sound_dataset/natural sound/25_12563.wav,natural sound/25_12563.wav,test
natural sound,/Users/guidegiegg/งาน/โปรเจคเล็กๆ/PrePair_Sound/forest_sound_dataset/natural sound/21_12172.wav,natural sound/21_12172.wav,test
logging,/Users/guidegiegg/งาน/โปรเจคเล็กๆ/PrePair_Sound/forest_sound_dataset/logging/13_11349.wav,logging/13_11349.wav,test
poaching,/Users/guidegiegg/งาน/โปรเจคเล็กๆ/PrePair_Sound/forest_sound_dataset/poaching/5C2D62EF_10475efebe-85d5-481d-95c0-222d5ea88c3369378e55-9142-4482-b9a8-c270165dba7e2f25c549-0647-4a22-b023-d132d6106d44.WAV,poaching/5C2D62EF_10475efebe-85d5-481d-95c0-222d5ea88c3369378e55-9142-4482-b9a8-c270165dba7e2f25c549-0647-4a22-b023-d132d6106d44.WAV,test
logging,/Users/guidegiegg/งาน/โปรเจคเล็กๆ/PrePair_Sound/forest_sound_dataset/logging/10_11053.wav,logging/10_11053.wav,test
natural sound,/Users/guidegiegg/งาน/โปรเจคเล็กๆ/PrePair_Sound/forest_sound_dataset/natural sound/25_12517.wav,natural sound/25_12517.wav,test
fire,/Users/guidegiegg/งาน/โปรเจคเล็กๆ/PrePair_Sound/forest_sound_dataset/fire/videoplayback_32.wav,fire/videoplayback_32.wav,test
logging,/Users/guidegiegg/งาน/โปรเจคเล็กๆ/PrePair_Sound/forest_sound_dataset/logging/11_11159.wav,logging/11_11159.wav,test
natural sound,/Users/guidegiegg/งาน/โปรเจคเล็กๆ/PrePair_Sound/forest_sound_dataset/natural sound/22_12269.wav,natural sound/22_12269.wav,test
fire,/Users/guidegiegg/งาน/โปรเจคเล็กๆ/PrePair_Sound/forest_sound_dataset/fire/1_10151.wav,fire/1_10151.wav,test
logging,/Users/guidegiegg/งาน/โปรเจคเล็กๆ/PrePair_Sound/forest_sound_dataset/logging/13_11320.wav,logging/13_11320.wav,test
natural sound,/Users/guidegiegg/งาน/โปรเจคเล็กๆ/PrePair_Sound/forest_sound_dataset/natural sound/if_necessary/20_12011.wav,natural sound/if_necessary/20_12011.wav,test
logging,/Users/guidegiegg/งาน/โปรเจคเล็กๆ/PrePair_Sound/forest_sound_dataset/logging/13_11319.wav,logging/13_11319.wav,test
natural sound,/Users/guidegiegg/งาน/โปรเจคเล็กๆ/PrePair_Sound/forest_sound_dataset/natural sound/27_12712.wav,natural sound/27_12712.wav,test
natural sound,/Users/guidegiegg/งาน/โปรเจคเล็กๆ/PrePair_Sound/forest_sound_dataset/natural sound/22_12231.wav,natural sound/22_12231.wav,test
natural sound,/Users/guidegiegg/งาน/โปรเจคเล็กๆ/PrePair_Sound/forest_sound_dataset/natural sound/12_11266.wav,natural sound/12_11266.wav,test
fire,/Users/guidegiegg/งาน/โปรเจคเล็กๆ/PrePair_Sound/forest_sound_dataset/fire/videoplayback_18.wav,fire/videoplayback_18.wav,test
fire,/Users/guidegiegg/งาน/โปรเจคเล็กๆ/PrePair_Sound/forest_sound_dataset/fire/y2mate.com - DD Ambience  Building on Fire  Blaze Inferno Wood Cracking Collapsing Loud Stressing_1_56.wav,fire/y2mate.com - DD Ambience  Building on Fire  Blaze Inferno Wood Cracking Collapsing Loud Stressing_1_56.wav,test
poaching,/Users/guidegiegg/งาน/โปรเจคเล็กๆ/PrePair_Sound/forest_sound_dataset/poaching/New folder/sig-p225_021_SA_090A_S04.wav,poaching/New folder/sig-p225_021_SA_090A_S04.wav,test
logging,/Users/guidegiegg/งาน/โปรเจคเล็กๆ/PrePair_Sound/forest_sound_dataset/logging/16_11647.wav,logging/16_11647.wav,test
logging,/Users/guidegiegg/งาน/โปรเจคเล็กๆ/PrePair_Sound/forest_sound_dataset/logging/2-50668-B-41.wav,logging/2-50668-B-41.wav,test
natural sound,/Users/guidegiegg/งาน/โปรเจคเล็กๆ/PrePair_Sound/forest_sound_dataset/natural sound/25_12568.wav,natural sound/25_12568.wav,test
natural sound,/Users/guidegiegg/งาน/โปรเจคเล็กๆ/PrePair_Sound/forest_sound_dataset/natural sound/if_necessary/17_11737.wav,natural sound/if_necessary/17_11737.wav,test
poaching,/Users/guidegiegg/งาน/โปรเจคเล็กๆ/PrePair_Sound/forest_sound_dataset/poaching/New folder/m16_021_SA_057B_S03.wav,poaching/New folder/m16_021_SA_057B_S03.wav,test
poaching,/Users/guidegiegg/งาน/โปรเจคเล็กๆ/PrePair_Sound/forest_sound_dataset/poaching/5B9CB82C_36b534583b-af4d-4674-85b9-5165b48b8b039992d39b-a655-403a-9043-6a77be91acf0ec7e83d1-c261-4eab-97f7-388dea1fdd58.WAV,poaching/5B9CB82C_36b534583b-af4d-4674-85b9-5165b48b8b039992d39b-a655-403a-9043-6a77be91acf0ec7e83d1-c261-4eab-97f7-388dea1fdd58.WAV,test
natural sound,/Users/guidegiegg/งาน/โปรเจคเล็กๆ/PrePair_Sound/forest_sound_dataset/natural sound/8_10870.wav,natural sound/8_10870.wav,test
logging,/Users/guidegiegg/งาน/โปรเจคเล็กๆ/PrePair_Sound/forest_sound_dataset/logging/10_11020.wav,logging/10_11020.wav,test
poaching,/Users/guidegiegg/งาน/โปรเจคเล็กๆ/PrePair_Sound/forest_sound_dataset/poaching/5C50D657_333d420432-3034-4e68-adad-ce453a018c05f8130030-da15-4484-a725-2df4530e9d8d464c3d01-9dea-4fa0-81d7-32200eba7e86.WAV,poaching/5C50D657_333d420432-3034-4e68-adad-ce453a018c05f8130030-da15-4484-a725-2df4530e9d8d464c3d01-9dea-4fa0-81d7-32200eba7e86.WAV,test
poaching,/Users/guidegiegg/งาน/โปรเจคเล็กๆ/PrePair_Sound/forest_sound_dataset/poaching/14_11473.wav,poaching/14_11473.wav,test
natural sound,/Users/guidegiegg/งาน/โปรเจคเล็กๆ/PrePair_Sound/forest_sound_dataset/natural sound/if_necessary/17_11701.wav,natural sound/if_necessary/17_11701.wav,test
natural sound,/Users/guidegiegg/งาน/โปรเจคเล็กๆ/PrePair_Sound/forest_sound_dataset/natural sound/4_10446.wav,natural sound/4_10446.wav,test
natural sound,/Users/guidegiegg/งาน/โปรเจคเล็กๆ/PrePair_Sound/forest_sound_dataset/natural sound/if_necessary/20_12062.wav,natural sound/if_necessary/20_12062.wav,test
natural sound,/Users/guidegiegg/งาน/โปรเจคเล็กๆ/PrePair_Sound/forest_sound_dataset/natural sound/5_10522.wav,natural sound/5_10522.wav,test
fire,/Users/guidegiegg/งาน/โปรเจคเล็กๆ/PrePair_Sound/forest_sound_dataset/fire/1_10154.wav,fire/1_10154.wav,test
natural sound,/Users/guidegiegg/งาน/โปรเจคเล็กๆ/PrePair_Sound/forest_sound_dataset/natural sound/9_10902.wav,natural sound/9_10902.wav,test
natural sound,/Users/guidegiegg/งาน/โปรเจคเล็กๆ/PrePair_Sound/forest_sound_dataset/natural sound/8_10854.wav,natural sound/8_10854.wav,test
natural sound,/Users/guidegiegg/งาน/โปรเจคเล็กๆ/PrePair_Sound/forest_sound_dataset/natural sound/if_necessary/20_12012.wav,natural sound/if_necessary/20_12012.wav,test
logging,/Users/guidegiegg/งาน/โปรเจคเล็กๆ/PrePair_Sound/forest_sound_dataset/logging/13_11352.wav,logging/13_11352.wav,test
poaching,/Users/guidegiegg/งาน/โปรเจคเล็กๆ/PrePair_Sound/forest_sound_dataset/poaching/58FBC4EFd11decef-0815-4f40-8658-3a67e13786f7.WAV,poaching/58FBC4EFd11decef-0815-4f40-8658-3a67e13786f7.WAV,test
natural sound,/Users/guidegiegg/งาน/โปรเจคเล็กๆ/PrePair_Sound/forest_sound_dataset/natural sound/2_10229.wav,natural sound/2_10229.wav,test
logging,/Users/guidegiegg/งาน/โปรเจคเล็กๆ/PrePair_Sound/forest_sound_dataset/logging/13_11324.wav,logging/13_11324.wav,test
logging,/Users/guidegiegg/งาน/โปรเจคเล็กๆ/PrePair_Sound/forest_sound_dataset/logging/16_11672.wav,logging/16_11672.wav,test
poaching,/Users/guidegiegg/งาน/โปรเจคเล็กๆ/PrePair_Sound/forest_sound_dataset/poaching/New folder/winchester-m14_019_SA_079A_S05.wav,poaching/New folder/winchester-m14_019_SA_079A_S05.wav,test
poaching,/Users/guidegiegg/งาน/โปรเจคเล็กๆ/PrePair_Sound/forest_sound_dataset/poaching/5AF8B8DA_4a586c525-8e06-4022-bfa4-fdecb62076354b9a6754-cfca-458a-a937-751a683517f393cb909b-3cf9-429c-835d-d6cd9187a275.WAV,poaching/5AF8B8DA_4a586c525-8e06-4022-bfa4-fdecb62076354b9a6754-cfca-458a-a937-751a683517f393cb909b-3cf9-429c-835d-d6cd9187a275.WAV,test
natural sound,/Users/guidegiegg/งาน/โปรเจคเล็กๆ/PrePair_Sound/forest_sound_dataset/natural sound/2_10237.wav,natural sound/2_10237.wav,test
natural sound,/Users/guidegiegg/งาน/โปรเจคเล็กๆ/PrePair_Sound/forest_sound_dataset/natural sound/22_12207.wav,natural sound/22_12207.wav,test
natural sound,/Users/guidegiegg/งาน/โปรเจคเล็กๆ/PrePair_Sound/forest_sound_dataset/natural sound/3_10326.wav,natural sound/3_10326.wav,test
natural sound,/Users/guidegiegg/งาน/โปรเจคเล็กๆ/PrePair_Sound/forest_sound_dataset/natural sound/24_12443.wav,natural sound/24_12443.wav,test
logging,/Users/guidegiegg/งาน/โปรเจคเล็กๆ/PrePair_Sound/forest_sound_dataset/logging/16_11670.wav,logging/16_11670.wav,test
natural sound,/Users/guidegiegg/งาน/โปรเจคเล็กๆ/PrePair_Sound/forest_sound_dataset/natural sound/2_10257.wav,natural sound/2_10257.wav,test
fire,/Users/guidegiegg/งาน/โปรเจคเล็กๆ/PrePair_Sound/forest_sound_dataset/fire/videoplayback_34.wav,fire/videoplayback_34.wav,test
natural sound,/Users/guidegiegg/งาน/โปรเจคเล็กๆ/PrePair_Sound/forest_sound_dataset/natural sound/if_necessary/20_12045.wav,natural sound/if_necessary/20_12045.wav,test
natural sound,/Users/guidegiegg/งาน/โปรเจคเล็กๆ/PrePair_Sound/forest_sound_dataset/natural sound/2_10263.wav,natural sound/2_10263.wav,test
natural sound,/Users/guidegiegg/งาน/โปรเจคเล็กๆ/PrePair_Sound/forest_sound_dataset/natural sound/21_12154.wav,natural sound/21_12154.wav,test
poaching,/Users/guidegiegg/งาน/โปรเจคเล็กๆ/PrePair_Sound/forest_sound_dataset/poaching/601AFA1C.WAV,poaching/601AFA1C.WAV,test
natural sound,/Users/guidegiegg/งาน/โปรเจคเล็กๆ/PrePair_Sound/forest_sound_dataset/natural sound/12_11265.wav,natural sound/12_11265.wav,test
natural sound,/Users/guidegiegg/งาน/โปรเจคเล็กๆ/PrePair_Sound/forest_sound_dataset/natural sound/if_necessary/19_11952.wav,natural sound/if_necessary/19_11952.wav,test
natural sound,/Users/guidegiegg/งาน/โปรเจคเล็กๆ/PrePair_Sound/forest_sound_dataset/natural sound/24_12465.wav,natural sound/24_12465.wav,test
natural sound,/Users/guidegiegg/งาน/โปรเจคเล็กๆ/PrePair_Sound/forest_sound_dataset/natural sound/9_10955.wav,natural sound/9_10955.wav,test
natural sound,/Users/guidegiegg/งาน/โปรเจคเล็กๆ/PrePair_Sound/forest_sound_dataset/natural sound/4_10471.wav,natural sound/4_10471.wav,test
natural sound,/Users/guidegiegg/งาน/โปรเจคเล็กๆ/PrePair_Sound/forest_sound_dataset/natural sound/3_10314.wav,natural sound/3_10314.wav,test
natural sound,/Users/guidegiegg/งาน/โปรเจคเล็กๆ/PrePair_Sound/forest_sound_dataset/natural sound/3_10369.wav,natural sound/3_10369.wav,test
logging,/Users/guidegiegg/งาน/โปรเจคเล็กๆ/PrePair_Sound/forest_sound_dataset/logging/10_11007.wav,logging/10_11007.wav,test
fire,/Users/guidegiegg/งาน/โปรเจคเล็กๆ/PrePair_Sound/forest_sound_dataset/fire/videoplayback_45.wav,fire/videoplayback_45.wav,test
natural sound,/Users/guidegiegg/งาน/โปรเจคเล็กๆ/PrePair_Sound/forest_sound_dataset/natural sound/22_12244.wav,natural sound/22_12244.wav,test
natural sound,/Users/guidegiegg/งาน/โปรเจคเล็กๆ/PrePair_Sound/forest_sound_dataset/natural sound/9_10975.wav,natural sound/9_10975.wav,test
natural sound,/Users/guidegiegg/งาน/โปรเจคเล็กๆ/PrePair_Sound/forest_sound_dataset/natural sound/27_12741.wav,natural sound/27_12741.wav,test
natural sound,/Users/guidegiegg/งาน/โปรเจคเล็กๆ/PrePair_Sound/forest_sound_dataset/natural sound/3_10357.wav,natural sound/3_10357.wav,test
poaching,/Users/guidegiegg/งาน/โปรเจคเล็กๆ/PrePair_Sound/forest_sound_dataset/poaching/5C5CFAE9_294e4310a6-207c-48ce-9a49-cfcf880fc734ade43618-9ba3-488b-89af-fa49ea64cb68a228f599-2164-41c4-9d2b-07df37ee31a5.WAV,poaching/5C5CFAE9_294e4310a6-207c-48ce-9a49-cfcf880fc734ade43618-9ba3-488b-89af-fa49ea64cb68a228f599-2164-41c4-9d2b-07df37ee31a5.WAV,test
natural sound,/Users/guidegiegg/งาน/โปรเจคเล็กๆ/PrePair_Sound/forest_sound_dataset/natural sound/if_necessary/17_11734.wav,natural sound/if_necessary/17_11734.wav,test
poaching,/Users/guidegiegg/งาน/โปรเจคเล็กๆ/PrePair_Sound/forest_sound_dataset/poaching/5B870D19_11ffc62720-8c2e-474b-85e6-9fc79ebb20d13206b056-95be-4182-845b-b8b9410428de5c059b0b-2ae8-46ce-a7da-3788029c9cfd.WAV,poaching/5B870D19_11ffc62720-8c2e-474b-85e6-9fc79ebb20d13206b056-95be-4182-845b-b8b9410428de5c059b0b-2ae8-46ce-a7da-3788029c9cfd.WAV,test
natural sound,/Users/guidegiegg/งาน/โปรเจคเล็กๆ/PrePair_Sound/forest_sound_dataset/natural sound/8_10845.wav,natural sound/8_10845.wav,test
natural sound,/Users/guidegiegg/งาน/โปรเจคเล็กๆ/PrePair_Sound/forest_sound_dataset/natural sound/3_10303.wav,natural sound/3_10303.wav,test
natural sound,/Users/guidegiegg/งาน/โปรเจคเล็กๆ/PrePair_Sound/forest_sound_dataset/natural sound/23_12331.wav,natural sound/23_12331.wav,test
natural sound,/Users/guidegiegg/งาน/โปรเจคเล็กๆ/PrePair_Sound/forest_sound_dataset/natural sound/6_10605.wav,natural sound/6_10605.wav,test
natural sound,/Users/guidegiegg/งาน/โปรเจคเล็กๆ/PrePair_Sound/forest_sound_dataset/natural sound/if_necessary/18_11829.wav,natural sound/if_necessary/18_11829.wav,test
fire,/Users/guidegiegg/งาน/โปรเจคเล็กๆ/PrePair_Sound/forest_sound_dataset/fire/y2mate.com - DD Ambience  Building on Fire  Blaze Inferno Wood Cracking Collapsing Loud Stressing_1_33.wav,fire/y2mate.com - DD Ambience  Building on Fire  Blaze Inferno Wood Cracking Collapsing Loud Stressing_1_33.wav,test
poaching,/Users/guidegiegg/งาน/โปรเจคเล็กๆ/PrePair_Sound/forest_sound_dataset/poaching/14_11440.wav,poaching/14_11440.wav,test
logging,/Users/guidegiegg/งาน/โปรเจคเล็กๆ/PrePair_Sound/forest_sound_dataset/logging/13_11373.wav,logging/13_11373.wav,test
logging,/Users/guidegiegg/งาน/โปรเจคเล็กๆ/PrePair_Sound/forest_sound_dataset/logging/10_11060.wav,logging/10_11060.wav,test
logging,/Users/guidegiegg/งาน/โปรเจคเล็กๆ/PrePair_Sound/forest_sound_dataset/logging/10_11031.wav,logging/10_11031.wav,test
natural sound,/Users/guidegiegg/งาน/โปรเจคเล็กๆ/PrePair_Sound/forest_sound_dataset/natural sound/if_necessary/17_11756.wav,natural sound/if_necessary/17_11756.wav,test
natural sound,/Users/guidegiegg/งาน/โปรเจคเล็กๆ/PrePair_Sound/forest_sound_dataset/natural sound/23_12352.wav,natural sound/23_12352.wav,test
fire,/Users/guidegiegg/งาน/โปรเจคเล็กๆ/PrePair_Sound/forest_sound_dataset/fire/videoplayback_71.wav,fire/videoplayback_71.wav,test
fire,/Users/guidegiegg/งาน/โปรเจคเล็กๆ/PrePair_Sound/forest_sound_dataset/fire/1_10101.wav,fire/1_10101.wav,test
fire,/Users/guidegiegg/งาน/โปรเจคเล็กๆ/PrePair_Sound/forest_sound_dataset/fire/3-65748-A-12.wav,fire/3-65748-A-12.wav,test
poaching,/Users/guidegiegg/งาน/โปรเจคเล็กๆ/PrePair_Sound/forest_sound_dataset/poaching/5BE21949_182680b294-dbef-43e6-ae27-3f7d891270495b690829-67e1-445a-8557-9343667173425419193b-45e3-4777-8931-08c0bc2c9b3f.WAV,poaching/5BE21949_182680b294-dbef-43e6-ae27-3f7d891270495b690829-67e1-445a-8557-9343667173425419193b-45e3-4777-8931-08c0bc2c9b3f.WAV,test
fire,/Users/guidegiegg/งาน/โปรเจคเล็กๆ/PrePair_Sound/forest_sound_dataset/fire/y2mate.com - DD Ambience  Building on Fire  Blaze Inferno Wood Cracking Collapsing Loud Stressing_1_43.wav,fire/y2mate.com - DD Ambience  Building on Fire  Blaze Inferno Wood Cracking Collapsing Loud Stressing_1_43.wav,test
poaching,/Users/guidegiegg/งาน/โปรเจคเล็กๆ/PrePair_Sound/forest_sound_dataset/poaching/5C7C880E_491e9dbaec-7628-4cdc-9dc0-acd52cf0323639a13f8a-ba2a-4edd-bfe9-e7b5f4c92edc4959193d-f706-4a2c-a0b1-67e66100a761.WAV,poaching/5C7C880E_491e9dbaec-7628-4cdc-9dc0-acd52cf0323639a13f8a-ba2a-4edd-bfe9-e7b5f4c92edc4959193d-f706-4a2c-a0b1-67e66100a761.WAV,test
poaching,/Users/guidegiegg/งาน/โปรเจคเล็กๆ/PrePair_Sound/forest_sound_dataset/poaching/5CA43124_62518b0a0-c251-4dd1-8a24-94f9ec58e9a519911418-6ec5-4b73-9d53-70ebf432464eb72d243a-0ac4-4ac4-859b-0f83172829cc.WAV,poaching/5CA43124_62518b0a0-c251-4dd1-8a24-94f9ec58e9a519911418-6ec5-4b73-9d53-70ebf432464eb72d243a-0ac4-4ac4-859b-0f83172829cc.WAV,test
natural sound,/Users/guidegiegg/งาน/โปรเจคเล็กๆ/PrePair_Sound/forest_sound_dataset/natural sound/5_10552.wav,natural sound/5_10552.wav,test
poaching,/Users/guidegiegg/งาน/โปรเจคเล็กๆ/PrePair_Sound/forest_sound_dataset/poaching/5C5778E9_775dd62a19-6341-4eff-ba88-97f7a999f07626833b0f-3e84-4cad-af46-1f9057f319db14356bee-cc9e-4c3e-af8a-ac9c9c6d222e.WAV,poaching/5C5778E9_775dd62a19-6341-4eff-ba88-97f7a999f07626833b0f-3e84-4cad-af46-1f9057f319db14356bee-cc9e-4c3e-af8a-ac9c9c6d222e.WAV,test
logging,/Users/guidegiegg/งาน/โปรเจคเล็กๆ/PrePair_Sound/forest_sound_dataset/logging/7_10763.wav,logging/7_10763.wav,test
poaching,/Users/guidegiegg/งาน/โปรเจคเล็กๆ/PrePair_Sound/forest_sound_dataset/poaching/5C2D7B30_116d51cf53-55c5-4e4e-8ab1-ae1717c2809196984ff3-7fe4-4b05-97bd-0447fa351245851997e7-21ba-4f25-ac50-4d00aeae19ed.WAV,poaching/5C2D7B30_116d51cf53-55c5-4e4e-8ab1-ae1717c2809196984ff3-7fe4-4b05-97bd-0447fa351245851997e7-21ba-4f25-ac50-4d00aeae19ed.WAV,test
poaching,/Users/guidegiegg/งาน/โปรเจคเล็กๆ/PrePair_Sound/forest_sound_dataset/poaching/5BE217C1_176456d3e1-10f0-43f3-bd74-9e55e91ca17f8f62858d-e605-4577-8c60-bc5d74903ea9420afa5b-6b31-4cba-8fa6-27363ae3c7fd.WAV,poaching/5BE217C1_176456d3e1-10f0-43f3-bd74-9e55e91ca17f8f62858d-e605-4577-8c60-bc5d74903ea9420afa5b-6b31-4cba-8fa6-27363ae3c7fd.WAV,test
logging,/Users/guidegiegg/งาน/โปรเจคเล็กๆ/PrePair_Sound/forest_sound_dataset/logging/7_10711.wav,logging/7_10711.wav,test
logging,/Users/guidegiegg/งาน/โปรเจคเล็กๆ/PrePair_Sound/forest_sound_dataset/logging/16_11609.wav,logging/16_11609.wav,test
fire,/Users/guidegiegg/งาน/โปรเจคเล็กๆ/PrePair_Sound/forest_sound_dataset/fire/y2mate.com - DD Ambience  Building on Fire  Blaze Inferno Wood Cracking Collapsing Loud Stressing_1_51.wav,fire/y2mate.com - DD Ambience  Building on Fire  Blaze Inferno Wood Cracking Collapsing Loud Stressing_1_51.wav,test
natural sound,/Users/guidegiegg/งาน/โปรเจคเล็กๆ/PrePair_Sound/forest_sound_dataset/natural sound/if_necessary/17_11767.wav,natural sound/if_necessary/17_11767.wav,test
fire,/Users/guidegiegg/งาน/โปรเจคเล็กๆ/PrePair_Sound/forest_sound_dataset/fire/1_10141.wav,fire/1_10141.wav,test
natural sound,/Users/guidegiegg/งาน/โปรเจคเล็กๆ/PrePair_Sound/forest_sound_dataset/natural sound/if_necessary/20_12020.wav,natural sound/if_necessary/20_12020.wav,test
natural sound,/Users/guidegiegg/งาน/โปรเจคเล็กๆ/PrePair_Sound/forest_sound_dataset/natural sound/22_12201.wav,natural sound/22_12201.wav,test
natural sound,/Users/guidegiegg/งาน/โปรเจคเล็กๆ/PrePair_Sound/forest_sound_dataset/natural sound/23_12362.wav,natural sound/23_12362.wav,test
natural sound,/Users/guidegiegg/งาน/โปรเจคเล็กๆ/PrePair_Sound/forest_sound_dataset/natural sound/5_10551.wav,natural sound/5_10551.wav,test
poaching,/Users/guidegiegg/งาน/โปรเจคเล็กๆ/PrePair_Sound/forest_sound_dataset/poaching/15_11504.wav,poaching/15_11504.wav,test
natural sound,/Users/guidegiegg/งาน/โปรเจคเล็กๆ/PrePair_Sound/forest_sound_dataset/natural sound/25_12546.wav,natural sound/25_12546.wav,test
natural sound,/Users/guidegiegg/งาน/โปรเจคเล็กๆ/PrePair_Sound/forest_sound_dataset/natural sound/27_12763.wav,natural sound/27_12763.wav,test
fire,/Users/guidegiegg/งาน/โปรเจคเล็กๆ/PrePair_Sound/forest_sound_dataset/fire/videoplayback_04.wav,fire/videoplayback_04.wav,test
fire,/Users/guidegiegg/งาน/โปรเจคเล็กๆ/PrePair_Sound/forest_sound_dataset/fire/videoplayback_13.wav,fire/videoplayback_13.wav,test
fire,/Users/guidegiegg/งาน/โปรเจคเล็กๆ/PrePair_Sound/forest_sound_dataset/fire/videoplayback_33.wav,fire/videoplayback_33.wav,test
poaching,/Users/guidegiegg/งาน/โปรเจคเล็กๆ/PrePair_Sound/forest_sound_dataset/poaching/58FBBE002d1b9316-1ec1-447b-aa79-4e8590157944.WAV,poaching/58FBBE002d1b9316-1ec1-447b-aa79-4e8590157944.WAV,test
logging,/Users/guidegiegg/งาน/โปรเจคเล็กๆ/PrePair_Sound/forest_sound_dataset/logging/16_11667.wav,logging/16_11667.wav,test
poaching,/Users/guidegiegg/งาน/โปรเจคเล็กๆ/PrePair_Sound/forest_sound_dataset/poaching/5BE219A7_568cdd8fa9-0b7b-4102-b59d-7219584399a154e7c70c-91f2-4287-8ece-59fe4f18e78260f17c65-4fb9-41c3-bc02-22f63b968b50.WAV,poaching/5BE219A7_568cdd8fa9-0b7b-4102-b59d-7219584399a154e7c70c-91f2-4287-8ece-59fe4f18e78260f17c65-4fb9-41c3-bc02-22f63b968b50.WAV,test
natural sound,/Users/guidegiegg/งาน/โปรเจคเล็กๆ/PrePair_Sound/forest_sound_dataset/natural sound/5_10506.wav,natural sound/5_10506.wav,test
natural sound,/Users/guidegiegg/งาน/โปรเจคเล็กๆ/PrePair_Sound/forest_sound_dataset/natural sound/3_10360.wav,natural sound/3_10360.wav,test
natural sound,/Users/guidegiegg/งาน/โปรเจคเล็กๆ/PrePair_Sound/forest_sound_dataset/natural sound/23_12319.wav,natural sound/23_12319.wav,test
natural sound,/Users/guidegiegg/งาน/โปรเจคเล็กๆ/PrePair_Sound/forest_sound_dataset/natural sound/3_10359.wav,natural sound/3_10359.wav,test
logging,/Users/guidegiegg/งาน/โปรเจคเล็กๆ/PrePair_Sound/forest_sound_dataset/logging/10_11004.wav,logging/10_11004.wav,test
natural sound,/Users/guidegiegg/งาน/โปรเจคเล็กๆ/PrePair_Sound/forest_sound_dataset/natural sound/12_11269.wav,natural sound/12_11269.wav,test
natural sound,/Users/guidegiegg/งาน/โปรเจคเล็กๆ/PrePair_Sound/forest_sound_dataset/natural sound/22_12274.wav,natural sound/22_12274.wav,test
natural sound,/Users/guidegiegg/งาน/โปรเจคเล็กๆ/PrePair_Sound/forest_sound_dataset/natural sound/22_12240.wav,natural sound/22_12240.wav,test
logging,/Users/guidegiegg/งาน/โปรเจคเล็กๆ/PrePair_Sound/forest_sound_dataset/logging/2-60180-A-49.wav,logging/2-60180-A-49.wav,test
natural sound,/Users/guidegiegg/งาน/โปรเจคเล็กๆ/PrePair_Sound/forest_sound_dataset/natural sound/if_necessary/20_12030.wav,natural sound/if_necessary/20_12030.wav,test
poaching,/Users/guidegiegg/งาน/โปรเจคเล็กๆ/PrePair_Sound/forest_sound_dataset/poaching/15_11508.wav,poaching/15_11508.wav,test
poaching,/Users/guidegiegg/งาน/โปรเจคเล็กๆ/PrePair_Sound/forest_sound_dataset/poaching/5B6659F6_1399e5e1be-2539-45a2-a1b0-680e501ea0a9a6e0876f-ad6f-49af-a13b-62dc16a99cd2c34971a5-25f2-4d8b-8c3e-b30e2fcf9d65.WAV,poaching/5B6659F6_1399e5e1be-2539-45a2-a1b0-680e501ea0a9a6e0876f-ad6f-49af-a13b-62dc16a99cd2c34971a5-25f2-4d8b-8c3e-b30e2fcf9d65.WAV,test
poaching,/Users/guidegiegg/งาน/โปรเจคเล็กๆ/PrePair_Sound/forest_sound_dataset/poaching/58FBC5407a37df29-7967-47f5-a3a0-783c82ce136f.WAV,poaching/58FBC5407a37df29-7967-47f5-a3a0-783c82ce136f.WAV,test
logging,/Users/guidegiegg/งาน/โปรเจคเล็กๆ/PrePair_Sound/forest_sound_dataset/logging/13_11326.wav,logging/13_11326.wav,test
natural sound,/Users/guidegiegg/งาน/โปรเจคเล็กๆ/PrePair_Sound/forest_sound_dataset/natural sound/if_necessary/20_12004.wav,natural sound/if_necessary/20_12004.wav,test
poaching,/Users/guidegiegg/งาน/โปรเจคเล็กๆ/PrePair_Sound/forest_sound_dataset/poaching/5C5CF141_27a68f19dd-327c-4e8b-b9ff-4715b07fa955f3fe741c-d5bf-4db9-a89c-0aade2c433d570923092-142e-4964-9639-0880af30aef7.WAV,poaching/5C5CF141_27a68f19dd-327c-4e8b-b9ff-4715b07fa955f3fe741c-d5bf-4db9-a89c-0aade2c433d570923092-142e-4964-9639-0880af30aef7.WAV,test
natural sound,/Users/guidegiegg/งาน/โปรเจคเล็กๆ/PrePair_Sound/forest_sound_dataset/natural sound/24_12448.wav,natural sound/24_12448.wav,test
natural sound,/Users/guidegiegg/งาน/โปรเจคเล็กๆ/PrePair_Sound/forest_sound_dataset/natural sound/22_12270.wav,natural sound/22_12270.wav,test
natural sound,/Users/guidegiegg/งาน/โปรเจคเล็กๆ/PrePair_Sound/forest_sound_dataset/natural sound/21_12112.wav,natural sound/21_12112.wav,test
natural sound,/Users/guidegiegg/งาน/โปรเจคเล็กๆ/PrePair_Sound/forest_sound_dataset/natural sound/21_12110.wav,natural sound/21_12110.wav,test
fire,/Users/guidegiegg/งาน/โปรเจคเล็กๆ/PrePair_Sound/forest_sound_dataset/fire/y2mate.com - DD Ambience  Building on Fire  Blaze Inferno Wood Cracking Collapsing Loud Stressing_1_35.wav,fire/y2mate.com - DD Ambience  Building on Fire  Blaze Inferno Wood Cracking Collapsing Loud Stressing_1_35.wav,test
poaching,/Users/guidegiegg/งาน/โปรเจคเล็กๆ/PrePair_Sound/forest_sound_dataset/poaching/5C53AF7D_36dd559e03-2c59-4ddf-9f56-b0cda584ddba978aa550-d1d0-4007-b690-d93aa3a7df420e1bdab7-41ab-41a3-9d30-070e3f9f054f.WAV,poaching/5C53AF7D_36dd559e03-2c59-4ddf-9f56-b0cda584ddba978aa550-d1d0-4007-b690-d93aa3a7df420e1bdab7-41ab-41a3-9d30-070e3f9f054f.WAV,test
logging,/Users/guidegiegg/งาน/โปรเจคเล็กๆ/PrePair_Sound/forest_sound_dataset/logging/1-116765-A-41.wav,logging/1-116765-A-41.wav,test
natural sound,/Users/guidegiegg/งาน/โปรเจคเล็กๆ/PrePair_Sound/forest_sound_dataset/natural sound/if_necessary/18_11807.wav,natural sound/if_necessary/18_11807.wav,test
poaching,/Users/guidegiegg/งาน/โปรเจคเล็กๆ/PrePair_Sound/forest_sound_dataset/poaching/5BE2163A_11aa48d847-3e21-4bf2-8ded-dc9851dcefda15537afa-55ed-4aca-9feb-d430ceb4856e69a41f4a-5961-48f0-8446-5067087d20da.WAV,poaching/5BE2163A_11aa48d847-3e21-4bf2-8ded-dc9851dcefda15537afa-55ed-4aca-9feb-d430ceb4856e69a41f4a-5961-48f0-8446-5067087d20da.WAV,test
